label,_neutral,browDownLeft,browDownRight,browInnerUp,browOuterUpLeft,browOuterUpRight,cheekPuff,cheekSquintLeft,cheekSquintRight,eyeBlinkLeft,eyeBlinkRight,eyeLookDownLeft,eyeLookDownRight,eyeLookInLeft,eyeLookInRight,eyeLookOutLeft,eyeLookOutRight,eyeLookUpLeft,eyeLookUpRight,eyeSquintLeft,eyeSquintRight,eyeWideLeft,eyeWideRight,jawForward,jawLeft,jawOpen,jawRight,mouthClose,mouthDimpleLeft,mouthDimpleRight,mouthFrownLeft,mouthFrownRight,mouthFunnel,mouthLeft,mouthLowerDownLeft,mouthLowerDownRight,mouthPressLeft,mouthPressRight,mouthPucker,mouthRight,mouthRollLower,mouthRollUpper,mouthShrugLower,mouthShrugUpper,mouthSmileLeft,mouthSmileRight,mouthStretchLeft,mouthStretchRight,mouthUpperUpLeft,mouthUpperUpRight,noseSneerLeft,noseSneerRight
Normal,0,0,0,0.3758915960788727,0.54546058177948,0.30823925137519836,0,0,0,0.20873191952705383,0.24070757627487183,0.5825951099395752,0.5667514801025391,0,0.11722025275230408,0.11037030071020126,0,0,0,0.18668854236602783,0.27985188364982605,0,0,0,0,0,0,0,0,0,0.1433763951063156,0.16586631536483765,0,0,0,0,0,0,0.21807508170604706,0,0,0,0,0,0,0,0,0,0,0,0,0
Normal,0,0,0,0.3636742830276489,0.5089433789253235,0.33914533257484436,0,0,0,0.2120930403470993,0.24780891835689545,0.6484203338623047,0.6395261883735657,0,0,0,0,0,0,0.19996538758277893,0.2780153155326843,0,0,0,0,0,0,0,0,0,0.19215193390846252,0.22521595656871796,0,0,0,0,0,0,0.2632715106010437,0,0,0,0,0,0,0,0,0,0,0,0,0
Normal,0,0,0,0.3548661172389984,0.4593871533870697,0.35082194209098816,0,0,0,0.2668042480945587,0.26817983388900757,0.6664312481880188,0.6619130373001099,0,0,0,0,0,0,0.16743895411491394,0.2995218336582184,0,0,0,0,0,0,0,0,0,0.1472984105348587,0.16364134848117828,0,0,0,0,0,0,0.20636866986751556,0,0,0,0,0,0,0,0,0,0,0,0,0
Normal,0,0,0,0.3656785190105438,0.47417151927948,0.3648454248905182,0,0,0,0.2618129253387451,0.26935040950775146,0.670119047164917,0.6652405858039856,0.1159907802939415,0,0,0.10997168719768524,0,0,0.17854824662208557,0.30441781878471375,0,0,0,0,0,0,0,0,0,0.13610373437404633,0.1537414938211441,0,0,0,0,0,0,0.20528686046600342,0,0,0,0,0,0,0,0,0,0,0,0,0
Normal,0,0,0,0.3744773268699646,0.4484719932079315,0.3914995789527893,0,0,0,0.22317646443843842,0.26197922229766846,0.6491883993148804,0.6453678607940674,0,0,0,0,0,0,0.18238958716392517,0.3075755834579468,0,0,0,0,0,0,0,0,0,0.14283007383346558,0.15625707805156708,0,0,0,0,0,0,0.2685104012489319,0,0,0,0,0,0,0,0,0,0,0,0,0
Normal,0,0,0,0.39591193199157715,0.4592260718345642,0.379900723695755,0,0,0,0.2347348928451538,0.2551673650741577,0.6536009907722473,0.6522007584571838,0,0,0,0,0,0,0.17826250195503235,0.3092212378978729,0,0,0,0,0,0,0,0,0,0.15461502969264984,0.1733832061290741,0,0,0,0,0,0,0.29911550879478455,0,0,0,0,0,0,0,0,0,0,0,0,0
Normal,0,0,0,0.4072991609573364,0.48680686950683594,0.4038252830505371,0,0,0,0.24632763862609863,0.2584163248538971,0.6654132604598999,0.6643259525299072,0,0,0,0,0,0,0.18554402887821198,0.3023217022418976,0,0,0,0,0,0,0,0,0,0.15003009140491486,0.16626012325286865,0,0,0,0,0,0,0.28082460165023804,0,0,0,0,0,0,0,0,0,0,0,0,0
Normal,0,0,0,0.4306744635105133,0.5241608619689941,0.42457401752471924,0,0,0,0.2230425626039505,0.2370101660490036,0.6657357215881348,0.6628186702728271,0,0,0,0,0,0,0.18390542268753052,0.2866964042186737,0,0,0,0,0,0,0,0,0,0.1776707023382187,0.18923549354076385,0,0,0,0,0,0,0.3243315815925598,0,0,0,0,0,0,0,0,0,0,0,0,0
Normal,0,0,0,0.3679991066455841,0.48532262444496155,0.4051295220851898,0,0,0,0.22474776208400726,0.2440222054719925,0.6607531309127808,0.6563371419906616,0,0,0,0,0,0,0.1868515908718109,0.2788081765174866,0,0,0,0,0,0,0,0,0,0.17735491693019867,0.18634453415870667,0,0,0,0,0,0,0.3149951994419098,0,0,0,0,0,0,0,0,0,0,0,0,0
Normal,0,0,0,0.36333999037742615,0.4751890301704407,0.3927696943283081,0,0,0,0.2032732218503952,0.2261076718568802,0.6619508266448975,0.6538630127906799,0,0,0,0,0,0,0.16794809699058533,0.2765004634857178,0,0,0,0,0,0,0,0,0,0.13789032399654388,0.14071796834468842,0,0,0,0,0,0,0.2910063564777374,0,0,0,0,0,0,0,0,0,0,0,0,0
Normal,0,0,0,0.3518734872341156,0.46600067615509033,0.39351344108581543,0,0,0,0.18079467117786407,0.21342571079730988,0.6507917046546936,0.6465396881103516,0,0,0,0,0,0,0.1595841348171234,0.28146013617515564,0,0,0,0,0,0,0,0,0,0.14706191420555115,0.148538276553154,0,0,0,0,0,0,0.29864877462387085,0,0,0,0,0,0,0,0,0,0,0,0,0
Normal,0,0,0,0.34008219838142395,0.4414602518081665,0.38533157110214233,0,0,0,0.18524008989334106,0.21636797487735748,0.6405670642852783,0.6379020810127258,0,0,0,0,0,0,0.16954927146434784,0.27836090326309204,0,0,0,0,0,0,0,0,0,0.17999523878097534,0.19020047783851624,0,0,0,0,0,0,0.3042638897895813,0,0,0,0,0,0,0,0,0,0,0,0,0
Normal,0,0,0,0.3387353718280792,0.42554232478141785,0.38559678196907043,0,0,0,0.19576652348041534,0.21103359758853912,0.6294424533843994,0.6285697221755981,0.10392206162214279,0,0,0,0,0,0.18060432374477386,0.28913193941116333,0,0,0,0,0,0,0,0,0,0.16686497628688812,0.18070954084396362,0,0,0,0,0,0,0.261885404586792,0,0,0,0,0,0,0,0,0,0,0,0,0
Normal,0,0,0,0.2715991139411926,0.3354501724243164,0.3259352445602417,0,0,0,0.15067066252231598,0.1581304371356964,0.4972573220729828,0.49372848868370056,0,0,0,0,0,0,0.19242806732654572,0.2947947382926941,0,0,0,0,0,0,0,0,0,0.13783621788024902,0.15688833594322205,0,0,0,0,0,0,0.28700411319732666,0,0,0,0,0,0,0,0,0,0,0,0,0
Normal,0,0,0,0.21434390544891357,0.23917385935783386,0.22391878068447113,0,0,0,0.11959639936685562,0,0.40723222494125366,0.38751116394996643,0,0,0,0,0,0,0.22428610920906067,0.23005330562591553,0,0,0,0,0,0,0,0,0,0.1481553316116333,0.17082147300243378,0,0,0,0,0,0,0.35249629616737366,0,0,0,0,0,0,0,0,0,0,0,0,0
Normal,0,0,0,0.2108326256275177,0.2451450675725937,0.22388049960136414,0,0,0,0.10716547816991806,0,0.36728745698928833,0.3514575958251953,0,0,0,0,0,0,0.18757781386375427,0.2262508124113083,0,0,0,0,0,0,0,0,0,0.18375200033187866,0.21086837351322174,0,0,0,0,0,0,0.42347171902656555,0,0,0,0,0,0,0,0,0,0,0,0,0
Normal,0,0,0,0.1904001384973526,0.24521459639072418,0.22602546215057373,0,0,0,0.11234824359416962,0,0.34806719422340393,0.3398992121219635,0,0,0,0,0,0,0.19475112855434418,0.22517883777618408,0,0,0,0,0,0,0,0,0,0.21069198846817017,0.24039192497730255,0,0,0,0,0,0,0.419735848903656,0,0,0,0,0,0,0,0,0,0,0,0,0
Normal,0,0,0,0.20356911420822144,0.2710382640361786,0.24903567135334015,0,0,0,0.11718842387199402,0,0.3382008671760559,0.33163580298423767,0,0,0,0,0,0,0.2035505622625351,0.22302579879760742,0,0,0,0,0,0,0,0,0,0.19562946259975433,0.23523470759391785,0,0,0,0,0,0,0.4974830746650696,0,0,0,0,0,0,0,0,0,0,0,0,0
Normal,0,0,0,0.25032714009284973,0.34645792841911316,0.3133552670478821,0,0,0,0.11356858909130096,0.1413743793964386,0.513756513595581,0.5187310576438904,0,0,0,0,0,0,0.18062824010849,0.3032345473766327,0,0,0,0,0,0,0,0,0,0.17845311760902405,0.20480306446552277,0,0,0,0,0,0,0.45471975207328796,0,0,0,0,0,0,0,0,0,0,0,0,0
Normal,0,0,0,0.31936708092689514,0.39421218633651733,0.3424892723560333,0,0,0,0.165358766913414,0.1929217278957367,0.5799471139907837,0.5778367519378662,0,0,0,0,0,0,0.19097800552845,0.3111005425453186,0,0,0,0,0,0,0,0,0,0.1865745186805725,0.20622794330120087,0,0,0,0,0,0,0.33097830414772034,0,0,0,0,0,0,0,0,0,0,0,0,0
Normal,0,0,0,0.3665975332260132,0.40026387572288513,0.34475621581077576,0,0,0,0.14876899123191833,0.18702390789985657,0.591765284538269,0.5914726257324219,0,0,0,0,0,0,0.17269548773765564,0.30473679304122925,0,0,0,0,0,0,0,0,0,0.21491366624832153,0.23946994543075562,0,0,0,0,0,0,0.3076722025871277,0,0,0,0,0,0,0,0,0,0,0,0,0
Normal,0,0,0,0.3679223954677582,0.42360395193099976,0.34305569529533386,0,0,0,0.14192594587802887,0.18117347359657288,0.6040019989013672,0.6022704839706421,0,0,0,0,0,0,0.1608390361070633,0.3056508004665375,0,0,0,0,0,0,0,0,0,0.17979878187179565,0.1878092736005783,0,0,0,0,0,0,0.30759888887405396,0,0,0,0,0,0,0,0,0,0,0,0,0
Normal,0,0,0,0.35235387086868286,0.4463510513305664,0.365388959646225,0,0,0,0.1491338461637497,0.18228645622730255,0.6127195358276367,0.6107497215270996,0.10180751979351044,0,0,0,0,0,0.16185685992240906,0.2854362726211548,0,0,0,0,0,0,0,0,0,0.16482311487197876,0.1752660870552063,0,0,0,0,0,0,0.31129008531570435,0,0,0,0,0,0,0,0,0,0,0,0,0
Normal,0,0,0,0.33229875564575195,0.45106369256973267,0.36680346727371216,0,0,0,0.15314973890781403,0.18894062936306,0.6159179210662842,0.6134457588195801,0.1070285513997078,0,0,0.1039784774184227,0,0,0.16925077140331268,0.28155189752578735,0,0,0,0,0,0,0,0,0,0.19387507438659668,0.20161715149879456,0,0,0,0,0,0,0.27396872639656067,0,0,0,0,0,0,0,0,0,0,0,0,0
Normal,0,0,0,0.5271474719047546,0.6302247047424316,0.5686808228492737,0,0,0,0.4370998740196228,0.39416050910949707,0.7883896827697754,0.7835322022438049,0,0,0,0,0,0,0.19222019612789154,0.23089857399463654,0,0,0,0,0,0,0,0,0,0.15715035796165466,0.16330134868621826,0,0,0,0,0,0,0.21671679615974426,0,0,0,0,0,0,0,0,0,0,0,0,0
Normal,0,0,0,0.56044602394104,0.6348646283149719,0.61097252368927,0,0,0,0.37702834606170654,0.3838289976119995,0.7912265062332153,0.7873938083648682,0,0.10020565241575241,0,0,0,0,0.18358191847801208,0.229402095079422,0,0,0,0,0,0,0,0,0,0.16591903567314148,0.17540307343006134,0,0,0,0,0,0,0.21056662499904633,0,0,0,0,0,0,0,0,0,0,0,0,0
Normal,0,0,0,0.34060144424438477,0.45646920800209045,0.3601853549480438,0,0,0,0.22771920263767242,0.2403820902109146,0.5731974840164185,0.5706686973571777,0,0.2313501387834549,0.22237028181552887,0,0,0,0.17665590345859528,0.2824375629425049,0,0,0,0,0,0,0,0,0,0.15319037437438965,0.17421245574951172,0,0,0,0,0,0,0.19088420271873474,0,0,0,0,0,0,0,0,0,0,0,0,0
Normal,0,0,0,0.32068556547164917,0.45771706104278564,0.36677536368370056,0,0,0,0.1971822828054428,0.2162569761276245,0.5927940607070923,0.5935770273208618,0,0.245869979262352,0.23793794214725494,0,0,0,0.17873552441596985,0.28038159012794495,0,0,0,0,0,0,0,0,0,0.1631774604320526,0.17582297325134277,0,0,0,0,0,0,0.263129323720932,0,0,0,0,0,0,0,0,0,0,0,0,0
Normal,0,0,0,0.2371886968612671,0.4205187261104584,0.3152264356613159,0,0,0,0.24054314196109772,0.25296130776405334,0.6129686832427979,0.6119484305381775,0,0.25998565554618835,0.25270599126815796,0,0,0,0.23589281737804413,0.28448486328125,0,0,0,0,0,0,0,0,0,0.14982421696186066,0.15709641575813293,0,0,0,0,0,0,0.2536976635456085,0,0,0,0,0,0,0,0,0,0,0,0,0
Normal,0,0,0,0.2379787266254425,0.4205678403377533,0.3010130822658539,0,0,0,0.26986974477767944,0.28878095746040344,0.616536021232605,0.6159238815307617,0,0.23832620680332184,0.2303486317396164,0,0,0,0.23676130175590515,0.28886187076568604,0,0,0,0,0,0,0,0,0,0.20350873470306396,0.22452110052108765,0,0,0,0,0,0,0.2383684366941452,0,0,0,0,0,0,0,0,0,0,0,0,0
Normal,0,0,0,0.256412148475647,0.4214792549610138,0.3066401183605194,0,0,0,0.2451716661453247,0.26848652958869934,0.5923045873641968,0.5942506790161133,0,0.2507613003253937,0.2427729070186615,0,0,0,0.21555568277835846,0.2707367539405823,0,0,0,0,0,0,0,0,0,0.18273773789405823,0.21103273332118988,0,0,0,0,0,0,0.2620158791542053,0,0,0,0,0,0,0,0,0,0,0,0,0
Normal,0,0,0,0.25765278935432434,0.4241107404232025,0.3156088888645172,0,0,0,0.24403667449951172,0.25025904178619385,0.5881800055503845,0.5937000513076782,0,0.25253137946128845,0.24570633471012115,0,0,0,0.2160617858171463,0.2639531195163727,0,0,0,0,0,0,0,0,0,0.20975591242313385,0.25165438652038574,0,0,0,0,0,0,0.2912057340145111,0,0,0,0,0,0,0,0,0,0,0,0,0
Normal,0,0,0,0.2888179123401642,0.42529869079589844,0.30412396788597107,0,0,0,0.24366308748722076,0.2641877830028534,0.5912085175514221,0.5962092876434326,0,0.24224555492401123,0.2389381378889084,0,0,0,0.20086131989955902,0.2646919786930084,0,0,0,0,0,0,0,0,0,0.17929357290267944,0.20636357367038727,0,0,0,0,0,0,0.3534884750843048,0,0,0,0,0,0,0,0,0,0,0,0,0
Normal,0,0,0,0.2878612279891968,0.44581732153892517,0.32068273425102234,0,0,0,0.2471807599067688,0.26025569438934326,0.5946711897850037,0.6023354530334473,0,0.2033967524766922,0.2063053995370865,0,0,0,0.21371270716190338,0.2646457850933075,0,0,0,0,0,0,0,0,0,0.20411062240600586,0.25633737444877625,0,0,0,0,0,0,0.37530872225761414,0,0,0,0,0,0,0,0,0,0,0,0,0
Normal,0,0,0,0.2573964297771454,0.4395933449268341,0.30688777565956116,0,0,0,0.241471529006958,0.25694915652275085,0.5971447825431824,0.6032235622406006,0,0.18735019862651825,0.18919003009796143,0,0,0,0.20961731672286987,0.26599958539009094,0,0,0,0,0,0,0,0,0,0.16870805621147156,0.21351544559001923,0,0,0,0,0,0,0.4029940962791443,0,0,0,0,0,0,0,0,0,0,0,0,0
Normal,0,0,0,0.22705170512199402,0.4205193817615509,0.3031339943408966,0,0,0,0.21780915558338165,0.23497843742370605,0.5454204082489014,0.5485694408416748,0,0.11550286412239075,0.13198916614055634,0,0,0,0.20235364139080048,0.24679915606975555,0,0,0,0,0,0,0,0,0,0.11410737782716751,0.13843737542629242,0,0,0,0,0,0,0.3698062002658844,0,0,0,0,0,0,0,0,0,0,0,0,0
Normal,0,0,0,0.19921362400054932,0.2931959927082062,0.2416093796491623,0,0,0,0,0,0.3710843622684479,0.3632456064224243,0,0,0,0.10057849436998367,0,0,0.1449899673461914,0.16075104475021362,0,0,0,0,0,0,0,0,0,0.16024692356586456,0.20567025244235992,0,0,0,0,0,0,0.476573646068573,0,0,0,0,0,0,0,0,0,0,0,0,0
Normal,0,0,0,0.1886807233095169,0.2732873260974884,0.242621049284935,0,0,0,0,0,0.3393634855747223,0.3389314115047455,0.10790096968412399,0,0,0.10750043392181396,0,0,0.14499276876449585,0.15796402096748352,0,0,0,0,0,0,0,0,0,0.1647823303937912,0.21632730960845947,0,0,0,0,0,0,0.5191894173622131,0,0,0,0,0,0,0,0,0,0,0,0,0
Normal,0,0,0,0.48465126752853394,0.5989007353782654,0.5988771915435791,0,0,0,0.4353189766407013,0.42573073506355286,0.7699038982391357,0.7714134454727173,0,0,0,0,0,0,0.20858286321163177,0.255074143409729,0,0,0,0,0,0,0,0,0,0.11212890595197678,0.12629564106464386,0,0,0,0,0,0,0.2721920311450958,0,0,0,0,0,0,0,0,0,0,0,0,0
Normal,0,0,0,0.48270469903945923,0.635897696018219,0.6195580959320068,0,0,0,0.5278002023696899,0.44059303402900696,0.8121970891952515,0.812395453453064,0,0,0,0,0,0,0.19830365478992462,0.21949565410614014,0,0,0,0,0,0,0,0,0,0.12423823028802872,0.1311318278312683,0,0,0,0,0,0,0.21986089646816254,0,0,0,0,0,0,0,0,0,0,0,0,0
Normal,0,0,0,0.5431933403015137,0.6842359900474548,0.5954912900924683,0,0,0,0.5784726142883301,0.2944304645061493,0.7781227827072144,0.7802615165710449,0,0,0,0,0,0,0.1382724493741989,0.3426814079284668,0,0,0,0,0,0,0,0,0,0,0.10485302656888962,0,0,0,0,0,0,0.2496236264705658,0,0,0,0,0,0,0,0,0,0,0,0,0
Normal,0,0,0,0.27294299006462097,0.42935457825660706,0.3732011914253235,0,0,0,0.13296154141426086,0.13112178444862366,0.4280894696712494,0.4276621341705322,0,0,0,0,0,0,0.18775470554828644,0.3077109754085541,0,0,0,0,0,0,0,0,0,0.17233219742774963,0.18247096240520477,0,0,0,0,0,0,0.2937096953392029,0,0,0,0,0,0,0,0,0,0,0,0,0
Normal,0,0,0,0.2396685928106308,0.45985081791877747,0.35021013021469116,0,0,0,0.12923988699913025,0.10118324309587479,0.4194298982620239,0.4058926999568939,0,0,0,0,0,0,0.216053307056427,0.28218457102775574,0,0,0,0,0,0,0,0,0,0.12649796903133392,0.12256211787462234,0,0,0,0,0,0,0.28659433126449585,0,0,0,0,0,0,0,0,0,0,0,0,0
Normal,0,0,0,0.2324196845293045,0.4341278672218323,0.3430619239807129,0,0,0,0.126685231924057,0,0.430426687002182,0.4142792224884033,0,0,0,0,0,0,0.22796952724456787,0.26325058937072754,0,0,0,0,0,0,0,0,0,0.11578702926635742,0.11644677817821503,0,0,0,0,0,0,0.27544069290161133,0,0,0,0,0,0,0,0,0,0,0,0,0
Normal,0,0,0,0.1934119611978531,0.3770720064640045,0.3249708414077759,0,0,0,0.11793263256549835,0,0.4114639163017273,0.39740538597106934,0,0,0,0,0,0,0.209041565656662,0.2488466203212738,0,0,0,0,0,0,0,0,0,0.1062476634979248,0.1116776093840599,0,0,0,0,0,0,0.34865912795066833,0,0,0,0,0,0,0,0,0,0,0,0,0
Normal,0,0,0,0.18379148840904236,0.3551753759384155,0.2731097340583801,0,0,0,0.12272924184799194,0,0.40682801604270935,0.390208899974823,0,0,0,0,0,0,0.21000626683235168,0.2454720288515091,0,0,0,0,0,0,0,0,0,0.10920407623052597,0.11579198390245438,0,0,0,0,0,0,0.3001561462879181,0,0,0,0,0,0,0,0,0,0,0,0,0
Normal,0,0,0,0.1842951476573944,0.3312264680862427,0.2505812346935272,0,0,0,0.13182951509952545,0,0.40619096159935,0.39436230063438416,0,0.10603974014520645,0.10553941875696182,0,0,0,0.20506428182125092,0.2719680070877075,0,0,0,0,0,0,0,0,0,0.1141352653503418,0.12203157693147659,0,0,0,0,0,0,0.3128596842288971,0,0,0,0,0,0,0,0,0,0,0,0,0
Normal,0,0,0,0.21434101462364197,0.43478265404701233,0.3323901295661926,0,0,0,0.23788776993751526,0.24537089467048645,0.5759789347648621,0.5743346214294434,0,0.20940940082073212,0.20463602244853973,0,0,0,0.24012480676174164,0.3033320903778076,0,0,0,0,0,0,0,0,0,0.1058134064078331,0.11305546760559082,0,0,0,0,0,0,0.25684264302253723,0,0,0,0,0,0,0,0,0,0,0,0,0
Normal,0,0,0,0.2610420286655426,0.47368234395980835,0.37027356028556824,0,0,0,0.21641506254673004,0.20785993337631226,0.6117273569107056,0.6081079244613647,0,0.21979235112667084,0.2130490094423294,0,0,0,0.22364363074302673,0.3077130615711212,0,0,0,0,0,0,0,0,0,0,0,0,0,0,0,0,0,0.22985999286174774,0,0,0,0,0,0,0,0,0,0,0,0,0
Normal,0,0,0,0.28267645835876465,0.4630858600139618,0.3899228870868683,0,0,0,0.2003886103630066,0.20755676925182343,0.6047807931900024,0.5971835851669312,0,0.2312084436416626,0.22187453508377075,0,0,0,0.2161368727684021,0.29408109188079834,0,0,0,0,0,0,0,0,0,0,0,0,0,0,0,0,0,0.12336856871843338,0,0,0,0,0,0,0,0,0,0,0,0,0
Normal,0,0,0,0.3029366135597229,0.43962717056274414,0.36048424243927,0,0,0,0.20308609306812286,0.20565609633922577,0.5970044136047363,0.5849695205688477,0,0.23354728519916534,0.22121606767177582,0,0,0,0.21963560581207275,0.27532801032066345,0,0,0,0,0,0,0,0,0,0,0,0,0,0,0,0,0,0,0,0,0,0,0,0,0,0,0,0,0,0,0
Normal,0,0,0,0.28723204135894775,0.41755935549736023,0.3357374966144562,0,0,0,0.20522017776966095,0.20577576756477356,0.5798379182815552,0.5696573257446289,0,0.23633548617362976,0.22536906599998474,0,0,0,0.20689046382904053,0.27294468879699707,0,0,0,0,0,0,0,0,0,0,0,0,0,0,0,0,0,0.10221527516841888,0,0,0,0,0,0,0,0,0,0,0,0,0
Normal,0,0,0,0.2542212903499603,0.4069894552230835,0.30996018648147583,0,0,0,0.2080758810043335,0.2054988294839859,0.5715391635894775,0.5604618787765503,0,0.21567794680595398,0.20771808922290802,0,0,0,0.20338019728660583,0.2729799747467041,0,0,0,0,0,0,0,0,0,0,0,0,0,0,0,0,0,0.1053953617811203,0,0,0,0,0,0,0,0,0,0,0,0,0
Normal,0,0,0,0.2516201138496399,0.4009993076324463,0.2989477813243866,0,0,0,0.20036663115024567,0.19711461663246155,0.5722810626029968,0.5618332624435425,0,0.2135515809059143,0.2058093100786209,0,0,0,0.20052753388881683,0.275339275598526,0,0,0,0,0,0,0,0,0,0,0,0,0,0,0,0,0,0.10892388969659805,0,0,0,0,0,0,0,0,0,0,0,0,0
Normal,0,0,0,0.24019291996955872,0.4019905626773834,0.29426053166389465,0,0,0,0.20509952306747437,0.19308923184871674,0.5633529424667358,0.5568195581436157,0,0.22829318046569824,0.22075942158699036,0,0,0,0.1996336728334427,0.28964585065841675,0,0,0,0,0,0,0,0,0,0,0,0,0,0,0,0,0,0.11419221013784409,0,0,0,0,0,0,0,0,0,0,0,0,0
Normal,0,0,0,0.2294173687696457,0.40888988971710205,0.2886935770511627,0,0,0,0.21088938415050507,0.22817827761173248,0.5767954587936401,0.5698422193527222,0,0.2416507452726364,0.2329079508781433,0,0,0,0.19759151339530945,0.2892329692840576,0,0,0,0,0,0,0,0,0,0,0,0,0,0,0,0,0,0.12983857095241547,0,0,0,0,0,0,0,0,0,0,0,0,0
Normal,0,0,0,0.23570239543914795,0.42203354835510254,0.2986847460269928,0,0,0,0.21343275904655457,0.23017282783985138,0.5833661556243896,0.5770354866981506,0,0.24220213294029236,0.23293203115463257,0,0,0,0.1988925188779831,0.28558140993118286,0,0,0,0,0,0,0,0,0,0,0,0,0,0,0,0,0,0.13959746062755585,0,0,0,0,0,0,0,0,0,0,0,0,0
Normal,0,0,0,0.24067330360412598,0.4313909113407135,0.30189937353134155,0,0,0,0.2043451964855194,0.2157575786113739,0.5839962363243103,0.5766879320144653,0,0.24441584944725037,0.23572613298892975,0,0,0,0.2030450999736786,0.2858862280845642,0,0,0,0,0,0,0,0,0,0,0,0,0,0,0,0,0,0.1294739544391632,0,0,0,0,0,0,0,0,0,0,0,0,0
Normal,0,0,0,0.2572177052497864,0.34297043085098267,0.26078081130981445,0,0,0,0.12728305160999298,0.11043404787778854,0.4488062560558319,0.42861828207969666,0,0,0,0,0,0,0.1751783788204193,0.26765182614326477,0,0,0,0,0,0,0,0,0,0,0,0,0,0,0,0,0,0.17530612647533417,0,0,0,0,0,0,0,0,0,0,0,0,0
Normal,0,0,0,0.20904241502285004,0.28633198142051697,0.2504803538322449,0,0,0,0,0,0.3410733640193939,0.3208175599575043,0,0,0,0,0,0,0.15247492492198944,0.18206281960010529,0,0,0,0,0,0,0,0,0,0,0,0,0,0,0,0,0,0.23187841475009918,0,0,0,0,0,0,0,0,0,0,0,0,0
Normal,0,0,0,0.200661301612854,0.26073822379112244,0.23808643221855164,0,0,0,0,0,0.3587338626384735,0.34102362394332886,0,0,0,0,0,0,0.16141170263290405,0.19229498505592346,0,0,0,0,0,0,0,0,0,0,0,0,0,0,0,0,0,0.2339484840631485,0,0,0,0,0,0,0,0,0,0,0,0,0
Normal,0,0,0,0.21623852849006653,0.252866268157959,0.23537063598632812,0,0,0,0,0,0.34502965211868286,0.3300817608833313,0,0,0,0,0,0,0.17660176753997803,0.19237805902957916,0,0,0,0,0,0,0,0,0,0,0,0,0,0,0,0,0,0.251936674118042,0,0,0,0,0,0,0,0,0,0,0,0,0
Normal,0,0,0,0.23063604533672333,0.2580154836177826,0.2437022179365158,0,0,0,0,0,0.3344179391860962,0.3181070387363434,0,0,0,0,0,0,0.1768466681241989,0.19565121829509735,0,0,0,0,0,0,0,0,0,0,0,0,0,0,0,0,0,0.24672098457813263,0,0,0,0,0,0,0,0,0,0,0,0,0
Normal,0,0,0,0.19827766716480255,0.2621941566467285,0.21409176290035248,0,0,0,0,0,0.3410269320011139,0.32357412576675415,0,0,0,0,0,0,0.17431117594242096,0.19143089652061462,0,0,0,0,0,0,0,0,0,0,0,0,0,0,0,0,0,0.24703800678253174,0,0,0,0,0,0,0,0,0,0,0,0,0
Normal,0,0,0,0.19373534619808197,0.2703213691711426,0.2182992845773697,0,0,0,0,0,0.31985536217689514,0.3054369390010834,0,0,0,0,0,0,0.16714343428611755,0.19633416831493378,0,0,0,0,0,0,0,0,0,0,0,0,0,0,0,0,0,0.2580296993255615,0,0,0,0,0,0,0,0,0,0,0,0,0
Normal,0,0,0,0.19233031570911407,0.2613999545574188,0.22074618935585022,0,0,0,0,0,0.3237866759300232,0.31346598267555237,0,0,0,0,0,0,0.17926010489463806,0.20686618983745575,0,0,0,0,0,0,0,0,0,0,0,0,0,0,0,0,0,0.23945654928684235,0,0,0,0,0,0,0,0,0,0,0,0,0
Normal,0,0,0,0.18754363059997559,0.2573527991771698,0.22082848846912384,0,0,0,0,0,0.3204626739025116,0.31030431389808655,0,0,0,0,0,0,0.18137973546981812,0.20321325957775116,0,0,0,0,0,0,0,0,0,0,0,0,0,0,0,0,0,0.24331125617027283,0,0,0,0,0,0,0,0,0,0,0,0,0
Normal,0,0,0,0.18587304651737213,0.2640182673931122,0.22572903335094452,0,0,0,0.10548409074544907,0,0.3326272964477539,0.32140055298805237,0,0,0,0,0,0,0.18823206424713135,0.21787706017494202,0,0,0,0,0,0,0,0,0,0,0,0,0,0,0,0,0,0.27437928318977356,0,0,0,0,0,0,0,0,0,0,0,0,0
Normal,0,0,0,0.17044365406036377,0.261200875043869,0.22708626091480255,0,0,0,0.10969682782888412,0,0.3303702473640442,0.3239390552043915,0,0,0,0,0,0,0.1904272586107254,0.2112223207950592,0,0,0,0,0,0,0,0,0,0,0,0,0,0,0,0,0,0.2761271595954895,0,0,0,0,0,0,0,0,0,0,0,0,0
Normal,0,0,0,0.1774725317955017,0.279662549495697,0.2530224323272705,0,0,0,0.10967424511909485,0,0.32146477699279785,0.31861749291419983,0,0,0.10083764046430588,0,0,0,0.1855541616678238,0.21176594495773315,0,0,0,0,0,0,0,0,0,0,0,0,0,0,0,0,0,0.29249271750450134,0,0,0,0,0,0,0,0,0,0,0,0,0
Normal,0,0,0,0.17143703997135162,0.27133816480636597,0.24808211624622345,0,0,0,0.11570567637681961,0,0.31179457902908325,0.3103669285774231,0,0,0.10449860990047455,0,0,0,0.1961088627576828,0.2056439220905304,0,0,0,0,0,0,0,0,0,0,0,0,0,0,0,0,0,0.2727600336074829,0,0,0,0,0,0,0,0,0,0,0,0,0
Normal,0,0,0,0.1872970163822174,0.2847922444343567,0.26161548495292664,0,0,0,0.10987630486488342,0,0.30140048265457153,0.3017311990261078,0,0.10153581947088242,0.10591398179531097,0,0,0,0.20119835436344147,0.19808372855186462,0,0,0,0,0,0,0,0,0,0,0,0,0,0,0,0,0,0.27728721499443054,0,0,0,0,0,0,0,0,0,0,0,0,0
Normal,0,0,0,0.1877289116382599,0.2878698408603668,0.2576722800731659,0,0,0,0.1103614866733551,0,0.2849637567996979,0.2838656008243561,0,0,0.10117873549461365,0,0,0,0.19630500674247742,0.18423344194889069,0,0,0,0,0,0,0,0,0,0,0,0,0,0,0,0,0,0.3226297199726105,0,0,0,0,0,0,0,0,0,0,0,0,0
Normal,0,0,0,0.18518777191638947,0.28695225715637207,0.25597646832466125,0,0,0,0.10777049511671066,0,0.3001485764980316,0.2950853109359741,0,0,0,0,0,0,0.18784086406230927,0.18334680795669556,0,0,0,0,0,0,0,0,0,0,0,0,0,0,0,0,0,0.3179696202278137,0,0,0,0,0,0,0,0,0,0,0,0,0
Normal,0,0,0,0.4641997218132019,0.5557571649551392,0.5086312890052795,0,0,0,0.36152946949005127,0.32123249769210815,0.729629635810852,0.7185819745063782,0,0.10293930023908615,0,0,0,0,0.18577580153942108,0.250641405582428,0,0,0,0,0,0,0,0,0,0,0,0,0,0,0,0,0,0.1671845018863678,0,0,0,0,0,0,0,0,0,0,0,0,0
Normal,0,0,0,0.45050346851348877,0.505386233329773,0.4717080891132355,0,0,0,0.33524104952812195,0.2713652551174164,0.6762886643409729,0.6642347574234009,0,0,0,0,0,0,0.16301316022872925,0.2841322124004364,0,0,0,0,0,0,0,0,0,0,0,0,0,0,0,0,0,0.14032170176506042,0,0,0,0,0,0,0,0,0,0,0,0,0
Normal,0,0,0,0.3482396602630615,0.3715645670890808,0.3324398994445801,0,0,0,0.17938555777072906,0.1504858136177063,0.4588172435760498,0.4439571499824524,0,0,0,0,0,0,0.19387561082839966,0.31237730383872986,0,0,0,0,0,0,0,0,0,0,0,0,0,0,0,0,0,0.1618422120809555,0,0,0,0,0,0,0,0,0,0,0,0,0
Normal,0,0,0,0.2394125908613205,0.2966296672821045,0.2591508626937866,0,0,0,0.12320622056722641,0.11600922048091888,0.3776155412197113,0.35788094997406006,0,0,0,0,0,0,0.16327331960201263,0.262459397315979,0,0,0,0,0,0,0,0,0,0,0,0,0,0,0,0,0,0.19348454475402832,0,0,0,0,0,0,0,0,0,0,0,0,0
Normal,0,0,0,0.18884025514125824,0.2721022069454193,0.23029452562332153,0,0,0,0.1267290860414505,0.11035143584012985,0.3633868992328644,0.34913307428359985,0,0,0,0,0,0,0.18684397637844086,0.23572927713394165,0,0,0,0,0,0,0,0,0,0,0,0,0,0,0,0,0,0.2348214089870453,0,0,0,0,0,0,0,0,0,0,0,0,0
Normal,0,0,0,0.18006835877895355,0.2668052315711975,0.23077364265918732,0,0,0,0.13581570982933044,0.11959867179393768,0.36824560165405273,0.35428422689437866,0,0,0,0,0,0,0.19718699157238007,0.26432520151138306,0,0,0,0,0,0,0,0,0,0,0,0,0,0,0,0,0,0.21720783412456512,0,0,0,0,0,0,0,0,0,0,0,0,0
Normal,0,0,0,0.16813082993030548,0.24757932126522064,0.215372696518898,0,0,0,0.14073628187179565,0.1251278668642044,0.36337459087371826,0.35158950090408325,0,0,0.10007339715957642,0,0,0,0.18557427823543549,0.2514229714870453,0,0,0,0,0,0,0,0,0,0,0,0,0,0,0,0,0,0.19488653540611267,0,0,0,0,0,0,0,0,0,0,0,0,0
Normal,0,0,0,0.16746896505355835,0.25814884901046753,0.21795690059661865,0,0,0,0.12595030665397644,0.12215621769428253,0.3723553717136383,0.3589436113834381,0,0.10093072801828384,0.10522159934043884,0,0,0,0.17552049458026886,0.25702017545700073,0,0,0,0,0,0,0,0,0,0,0,0,0,0,0,0,0,0.20188464224338531,0,0,0,0,0,0,0,0,0,0,0,0,0
Normal,0,0,0,0.17986954748630524,0.2754511833190918,0.2431069314479828,0,0,0,0.12692449986934662,0.11472752690315247,0.34976714849472046,0.3389958441257477,0,0,0,0,0,0,0.17346128821372986,0.25110095739364624,0,0,0,0,0,0,0,0,0,0,0,0,0,0,0,0,0,0.20456363260746002,0,0,0,0,0,0,0,0,0,0,0,0,0
Normal,0,0,0,0.1752968579530716,0.2746230661869049,0.2587214410305023,0,0,0,0.12845028936862946,0.11493916064500809,0.3552195727825165,0.3528304994106293,0,0.11086165904998779,0.12254863977432251,0,0,0,0.18070387840270996,0.24592113494873047,0,0,0,0,0,0,0,0,0,0,0,0,0,0,0,0,0,0.21858936548233032,0,0,0,0,0,0,0,0,0,0,0,0,0
Normal,0,0,0,0.17229759693145752,0.28190648555755615,0.26493680477142334,0,0,0,0.12458572536706924,0.11078240722417831,0.3689326047897339,0.364075243473053,0,0.136307030916214,0.13904240727424622,0,0,0,0.18733824789524078,0.24310214817523956,0,0,0,0,0,0,0,0,0,0,0,0,0,0,0,0,0,0.2343711107969284,0,0,0,0,0,0,0,0,0,0,0,0,0
Normal,0,0,0,0.16585443913936615,0.2905353605747223,0.27111953496932983,0,0,0,0.13147933781147003,0.11217307299375534,0.370039165019989,0.36475902795791626,0,0.1477457731962204,0.1466260701417923,0,0,0,0.20610444247722626,0.24369332194328308,0,0,0,0,0,0,0,0,0,0,0,0,0,0,0,0,0,0.22530589997768402,0,0,0,0,0,0,0,0,0,0,0,0,0
Normal,0,0,0,0.17302443087100983,0.2966903746128082,0.2807745337486267,0,0,0,0.13465052843093872,0.10730854421854019,0.3666366636753082,0.36027249693870544,0,0.14597930014133453,0.1419948935508728,0,0,0,0.21097001433372498,0.2436024248600006,0,0,0,0,0,0,0,0,0,0,0,0,0,0,0,0,0,0.2340245395898819,0,0,0,0,0,0,0,0,0,0,0,0,0
Normal,0,0,0,0.1657761186361313,0.28400853276252747,0.26587504148483276,0,0,0,0.134487122297287,0.10523753613233566,0.36013683676719666,0.35513752698898315,0,0.14769333600997925,0.14294181764125824,0,0,0,0.2100151628255844,0.23841799795627594,0,0,0,0,0,0,0,0,0,0,0,0,0,0,0,0,0,0.2414674013853073,0,0,0,0,0,0,0,0,0,0,0,0,0
Normal,0,0,0,0.17301487922668457,0.2817136347293854,0.2709505259990692,0,0,0,0.13098306953907013,0,0.3437914550304413,0.3421773910522461,0,0.15401878952980042,0.1509164422750473,0,0,0,0.21623055636882782,0.21958468854427338,0,0,0,0,0,0,0,0,0,0,0,0,0,0,0,0,0,0.2365267425775528,0,0,0,0,0,0,0,0,0,0,0,0,0
Normal,0,0,0,0.17822779715061188,0.30557313561439514,0.27108967304229736,0,0,0,0.13055874407291412,0,0.37554746866226196,0.36508673429489136,0,0.1780882030725479,0.17054934799671173,0,0,0,0.22158189117908478,0.22873681783676147,0,0,0,0,0,0,0,0,0,0,0,0,0,0,0,0,0,0.1929008960723877,0,0,0,0,0,0,0,0,0,0,0,0,0
Normal,0,0,0,0.14747954905033112,0.28363165259361267,0.24226024746894836,0,0,0,0.13572275638580322,0.12410139292478561,0.379031777381897,0.3751680552959442,0,0.301034152507782,0.2908478379249573,0,0,0,0.2256174385547638,0.24494847655296326,0,0,0,0,0,0,0,0,0,0,0,0,0,0,0,0,0,0.1760088950395584,0,0,0,0,0,0,0,0,0,0,0,0,0
Normal,0,0,0,0.15433833003044128,0.2871338129043579,0.2438494861125946,0,0,0,0.14930886030197144,0.12543295323848724,0.3580305278301239,0.3609010875225067,0,0.35803312063217163,0.3441973924636841,0,0,0,0.23047402501106262,0.2574191093444824,0,0,0,0,0,0,0,0,0,0,0,0,0,0,0,0,0,0.2631347179412842,0,0,0,0,0,0,0,0,0,0,0,0,0
Normal,0,0,0,0.18390490114688873,0.33452820777893066,0.26076769828796387,0,0,0,0.13833512365818024,0.11351482570171356,0.35925063490867615,0.3604157567024231,0,0.38789382576942444,0.3714231550693512,0,0,0,0.2152348905801773,0.2394411265850067,0,0,0,0,0,0,0,0,0,0,0,0,0,0,0,0,0,0.27163615822792053,0,0,0,0,0,0,0,0,0,0,0,0,0
Normal,0,0,0,0.2005697637796402,0.3153750002384186,0.2584114372730255,0,0,0,0.12323490530252457,0.11673496663570404,0.3675190210342407,0.36596301198005676,0,0.3195408880710602,0.30644491314888,0,0,0,0.19456599652767181,0.2198736071586609,0,0,0,0,0,0,0,0,0,0,0,0,0,0,0,0,0,0.2851907014846802,0,0,0,0,0,0,0,0,0,0,0,0,0
Normal,0,0,0,0.20555178821086884,0.2796318829059601,0.22671367228031158,0,0,0,0.11268012225627899,0,0.35093390941619873,0.33756503462791443,0,0.1213352233171463,0.1172134205698967,0,0,0,0.18362592160701752,0.24082334339618683,0,0,0,0,0,0,0,0,0,0,0,0,0,0,0,0,0,0.2886999249458313,0,0,0,0,0,0,0,0,0,0,0,0,0
Normal,0,0,0,0.20603257417678833,0.2776646912097931,0.2443678081035614,0,0,0,0.11239324510097504,0,0.362447053194046,0.34645527601242065,0,0,0,0,0,0,0.18591074645519257,0.21395301818847656,0,0,0,0,0,0,0,0,0,0,0,0,0,0,0,0,0,0.34333059191703796,0,0,0,0,0,0,0,0,0,0,0,0,0
Normal,0,0,0,0.4514916241168976,0.5504444241523743,0.47245076298713684,0,0,0,0.5660566091537476,0.42502444982528687,0.7981402277946472,0.7904855608940125,0,0,0,0,0,0,0.20864610373973846,0.25887298583984375,0,0,0,0,0,0,0,0,0,0,0,0,0,0,0,0,0,0.2032969743013382,0,0,0,0,0,0,0,0,0,0,0,0,0
Normal,0,0,0,0.37871265411376953,0.4917433559894562,0.40768569707870483,0,0,0,0.23454976081848145,0.2180805504322052,0.6127412915229797,0.5984021425247192,0,0,0,0,0,0,0.1902586817741394,0.26169726252555847,0,0,0,0,0,0,0,0,0,0.11645705997943878,0.13027361035346985,0,0,0,0,0,0,0.17213191092014313,0,0,0,0,0,0,0,0,0,0,0,0,0
Normal,0,0,0,0.27210044860839844,0.31063035130500793,0.2602149546146393,0,0,0,0.15599066019058228,0.14069287478923798,0.42736876010894775,0.41175511479377747,0,0,0,0,0,0,0.1901463270187378,0.28937843441963196,0,0,0,0,0,0,0,0,0,0.17459024488925934,0.19548727571964264,0,0,0,0,0,0,0.2238941192626953,0,0,0,0,0,0,0,0,0,0,0,0,0
Normal,0,0,0,0.42977163195610046,0.4904939532279968,0.41575849056243896,0,0,0,0.4312136769294739,0.2933046221733093,0.6953117847442627,0.6861988306045532,0,0.10757384449243546,0,0,0,0,0.15677480399608612,0.3104151785373688,0,0,0,0,0,0,0,0,0,0.11709042638540268,0.1192447692155838,0,0,0,0,0,0,0.1922411471605301,0,0,0,0,0,0,0,0,0,0,0,0,0
Normal,0,0,0,0.30258774757385254,0.36301785707473755,0.31345710158348083,0,0,0,0.22916261851787567,0.1640177071094513,0.5410158634185791,0.5325722694396973,0,0.13303408026695251,0.12181961536407471,0,0,0,0.20292091369628906,0.4193531572818756,0,0,0,0,0,0,0,0,0,0.14389030635356903,0.14899781346321106,0,0,0,0,0,0,0.1649295687675476,0,0,0,0,0,0,0,0,0,0,0,0,0
Normal,0,0,0,0.22501835227012634,0.2953352630138397,0.281248539686203,0,0,0,0.19796894490718842,0.13903911411762238,0.44253766536712646,0.4268535077571869,0,0.12181630730628967,0.1131473034620285,0,0,0,0.2095416933298111,0.29242032766342163,0,0,0,0,0,0,0,0,0,0.14310137927532196,0.15108488500118256,0,0,0,0,0,0,0.18813559412956238,0,0,0,0,0,0,0,0,0,0,0,0,0
Normal,0,0,0,0.23464272916316986,0.34467506408691406,0.27903568744659424,0,0,0,0.21263596415519714,0.1559687703847885,0.4700016379356384,0.4720899164676666,0,0.283803254365921,0.2740597724914551,0,0,0,0.2152126431465149,0.30498450994491577,0,0,0,0,0,0,0,0,0,0.16924211382865906,0.17652882635593414,0,0,0,0,0,0,0.2138255387544632,0,0,0,0,0,0,0,0,0,0,0,0,0
Normal,0,0,0,0.2208673059940338,0.34349629282951355,0.27288520336151123,0,0,0,0.2084236443042755,0.1586875021457672,0.47402945160865784,0.48010018467903137,0,0.3150489628314972,0.30588963627815247,0,0,0,0.2150031179189682,0.2858251631259918,0,0,0,0,0,0,0,0,0,0.1618431955575943,0.16733336448669434,0,0,0,0,0,0,0.22628825902938843,0,0,0,0,0,0,0,0,0,0,0,0,0
Normal,0,0,0,0.20446479320526123,0.3413134813308716,0.27338698506355286,0,0,0,0.2101062834262848,0.15065844357013702,0.45678266882896423,0.4657942056655884,0,0.34344449639320374,0.33166128396987915,0,0,0,0.21738843619823456,0.2614964246749878,0,0,0,0,0,0,0,0,0,0.14919985830783844,0.16394783556461334,0,0,0,0,0,0,0.29629525542259216,0,0,0,0,0,0,0,0,0,0,0,0,0
Normal,0,0,0,0.18944068253040314,0.32913628220558167,0.2691288888454437,0,0,0,0.19556903839111328,0.14006094634532928,0.44054171442985535,0.4520567059516907,0,0.3393382430076599,0.32804685831069946,0,0,0,0.21449019014835358,0.23512139916419983,0,0,0,0,0,0,0,0,0,0.19011427462100983,0.21508392691612244,0,0,0,0,0,0,0.31451043486595154,0,0,0,0,0,0,0,0,0,0,0,0,0
Normal,0,0,0,0.2166985124349594,0.3454757332801819,0.29277369379997253,0,0,0,0.18413789570331573,0.12907251715660095,0.4813350737094879,0.4844699800014496,0,0.3217550218105316,0.3087082505226135,0,0,0,0.21301116049289703,0.20886050164699554,0,0,0,0,0,0,0,0,0,0.10138373076915741,0.1038707047700882,0,0,0,0,0,0,0.2450006902217865,0,0,0,0,0,0,0,0,0,0,0,0,0
Normal,0,0,0,0.22568254172801971,0.347146213054657,0.28647148609161377,0,0,0,0.18990463018417358,0.13116048276424408,0.48447611927986145,0.48908549547195435,0,0.3355960547924042,0.3233466148376465,0,0,0,0.1951054334640503,0.22905762493610382,0,0,0,0,0,0,0,0,0,0.13311417400836945,0.13234500586986542,0,0,0,0,0,0,0.2370816469192505,0,0,0,0,0,0,0,0,0,0,0,0,0
Normal,0,0,0,0.2297699749469757,0.3434140384197235,0.2983352541923523,0,0,0,0.17587096989154816,0.13375726342201233,0.47731441259384155,0.47967714071273804,0,0.29119887948036194,0.2791520655155182,0,0,0,0.19262945652008057,0.21872034668922424,0,0,0,0,0,0,0,0,0,0.14386972784996033,0.1422729790210724,0,0,0,0,0,0,0.24357281625270844,0,0,0,0,0,0,0,0,0,0,0,0,0
Normal,0,0,0,0.1980569064617157,0.26982906460762024,0.2707870304584503,0,0,0,0.16701602935791016,0.1143987625837326,0.4267691373825073,0.42145389318466187,0,0.184902623295784,0.18030743300914764,0,0,0,0.20641161501407623,0.21439926326274872,0,0,0,0,0,0,0,0,0,0.14668668806552887,0.1583506315946579,0,0,0,0,0,0,0.2521774172782898,0,0,0,0,0,0,0,0,0,0,0,0,0
Normal,0,0,0,0.17031794786453247,0.23924197256565094,0.2471354603767395,0,0,0,0.14048324525356293,0,0.39418524503707886,0.3801545202732086,0,0.11186742037534714,0.1070847436785698,0,0,0,0.19021259248256683,0.20535442233085632,0,0,0,0,0,0,0,0,0,0.13093657791614532,0.1486893743276596,0,0,0,0,0,0,0.2628457546234131,0,0,0,0,0,0,0,0,0,0,0,0,0
Normal,0,0,0,0.175787553191185,0.2394210696220398,0.25130000710487366,0,0,0,0.12690412998199463,0,0.38298457860946655,0.3714020252227783,0,0.10043767839670181,0.10056263953447342,0,0,0,0.18886145949363708,0.1867016702890396,0,0,0,0,0,0,0,0,0,0.1677623689174652,0.18741805851459503,0,0,0,0,0,0,0.25803133845329285,0,0,0,0,0,0,0,0,0,0,0,0,0
Normal,0,0,0,0.16399237513542175,0.23159977793693542,0.229678213596344,0,0,0,0.13348941504955292,0,0.3705793619155884,0.36203816533088684,0,0,0,0,0,0,0.18304307758808136,0.18939395248889923,0,0,0,0,0,0,0,0,0,0.1893700361251831,0.20971223711967468,0,0,0,0,0,0,0.27796560525894165,0,0,0,0,0,0,0,0,0,0,0,0,0
Normal,0,0,0,0.164669930934906,0.229575052857399,0.228534996509552,0,0,0,0.13784775137901306,0,0.37026146054267883,0.361478716135025,0,0.10274440795183182,0.10166000574827194,0,0,0,0.176910862326622,0.18683423101902008,0,0,0,0,0,0,0,0,0,0.18662963807582855,0.20979809761047363,0,0,0,0,0,0,0.28645482659339905,0,0,0,0,0,0,0,0,0,0,0,0,0
Normal,0,0,0,0.15153025090694427,0.23828166723251343,0.23437663912773132,0,0,0,0.13184989988803864,0,0.35810014605522156,0.3564660847187042,0,0.10751894116401672,0.11475714296102524,0,0,0,0.1793297678232193,0.17141228914260864,0,0,0,0,0,0,0,0,0,0.15863454341888428,0.17914226651191711,0,0,0,0,0,0,0.32479947805404663,0,0,0,0,0,0,0,0,0,0,0,0,0
Normal,0,0,0,0.16437047719955444,0.2418089509010315,0.2371165007352829,0,0,0,0.14313092827796936,0,0.37374547123908997,0.36909905076026917,0,0.1121695265173912,0.1188347339630127,0,0,0,0.19087053835391998,0.17143996059894562,0,0,0,0,0,0,0,0,0,0.16558417677879333,0.18568472564220428,0,0,0,0,0,0,0.3524330258369446,0,0,0,0,0,0,0,0,0,0,0,0,0
Normal,0,0,0,0.1617678999900818,0.25292086601257324,0.23977446556091309,0,0,0,0.134023517370224,0,0.35767510533332825,0.35544225573539734,0,0.11458959430456161,0.11498546600341797,0,0,0,0.19636580348014832,0.17244459688663483,0,0,0,0,0,0,0,0,0,0.18325453996658325,0.1998915672302246,0,0,0,0,0,0,0.36437639594078064,0,0,0,0,0,0,0,0,0,0,0,0,0
Normal,0,0,0,0.1810363233089447,0.24762621521949768,0.23675134778022766,0,0,0,0.1468176245689392,0,0.3668370842933655,0.3621787428855896,0,0.12365975230932236,0.12266276031732559,0,0,0,0.1886449009180069,0.18383976817131042,0,0,0,0,0,0,0,0,0,0.19751816987991333,0.21498998999595642,0,0,0,0,0,0,0.341312050819397,0,0,0,0,0,0,0,0,0,0,0,0,0
Normal,0,0,0,0.18122442066669464,0.2545170187950134,0.25548845529556274,0,0,0,0.13299715518951416,0,0.36018866300582886,0.35768043994903564,0,0.11320872604846954,0.1140122041106224,0,0,0,0.1780584305524826,0.16802605986595154,0,0,0,0,0,0,0,0,0,0.18491673469543457,0.19663149118423462,0,0,0,0,0,0,0.35279014706611633,0,0,0,0,0,0,0,0,0,0,0,0,0
Normal,0,0,0,0.18805184960365295,0.2726847231388092,0.2677798271179199,0,0,0,0.13137473165988922,0,0.36724552512168884,0.3599112629890442,0,0.12358669191598892,0.11606288701295853,0,0,0,0.17223981022834778,0.1701127588748932,0,0,0,0,0,0,0,0,0,0.20247423648834229,0.21614116430282593,0,0,0,0,0,0,0.3257524073123932,0,0,0,0,0,0,0,0,0,0,0,0,0
Normal,0,0,0,0.2019718587398529,0.27248165011405945,0.2558673918247223,0,0,0,0.1328355371952057,0,0.37679341435432434,0.3643786609172821,0,0.11319396644830704,0.10914738476276398,0,0,0,0.17178724706172943,0.17442023754119873,0,0,0,0,0,0,0,0,0,0.19211865961551666,0.19839812815189362,0,0,0,0,0,0,0.31766360998153687,0,0,0,0,0,0,0,0,0,0,0,0,0
Normal,0,0,0,0.17027537524700165,0.2202432006597519,0.20926278829574585,0,0,0,0.13707870244979858,0,0.3749394714832306,0.36316120624542236,0,0.13077829778194427,0.12317193299531937,0,0,0,0.17906977236270905,0.1748243123292923,0,0,0,0,0,0,0,0,0,0.16377362608909607,0.17788170278072357,0,0,0,0,0,0,0.2823461592197418,0,0,0,0,0,0,0,0,0,0,0,0,0
Normal,0,0,0,0.1646968424320221,0.22982196509838104,0.2197999656200409,0,0,0,0.14713433384895325,0,0.3844723701477051,0.37507396936416626,0,0.15051929652690887,0.14229461550712585,0,0,0,0.18528427183628082,0.17579245567321777,0,0,0,0,0,0,0,0,0,0.1952989250421524,0.2020317167043686,0,0,0,0,0,0,0.3297271430492401,0,0,0,0,0,0,0,0,0,0,0,0,0
Normal,0,0,0,0.1590958535671234,0.22198432683944702,0.22305743396282196,0,0,0,0.15412162244319916,0,0.3856242299079895,0.37912991642951965,0,0.1470341980457306,0.14143234491348267,0,0,0,0.18696659803390503,0.17877575755119324,0,0,0,0,0,0,0,0,0,0.22457793354988098,0.23524534702301025,0,0,0,0,0,0,0.32218921184539795,0,0,0,0,0,0,0,0,0,0,0,0,0
Normal,0,0,0,0.15370610356330872,0.22299426794052124,0.22680115699768066,0,0,0,0.15171080827713013,0,0.3826342225074768,0.3791072368621826,0,0.1536322981119156,0.14933183789253235,0,0,0,0.18458327651023865,0.17501412332057953,0,0,0,0,0,0,0,0,0,0.20550735294818878,0.22048380970954895,0,0,0,0,0,0,0.3561030328273773,0,0,0,0,0,0,0,0,0,0,0,0,0
Normal,0,0,0,0.14485222101211548,0.23735743761062622,0.2250596582889557,0,0,0,0.14911256730556488,0.10002081096172333,0.36759495735168457,0.3681994080543518,0,0.15037494897842407,0.14655013382434845,0,0,0,0.1898350566625595,0.17764140665531158,0,0,0,0,0,0,0,0,0,0.24377748370170593,0.2601524889469147,0,0,0,0,0,0,0.28949764370918274,0,0,0,0,0,0,0,0,0,0,0,0,0
Normal,0,0,0,0.1582927703857422,0.26271703839302063,0.24373285472393036,0,0,0,0.1503945291042328,0,0.38415172696113586,0.3799881935119629,0,0.14564087986946106,0.14336222410202026,0,0,0,0.1952981799840927,0.18605470657348633,0,0,0,0,0,0,0,0,0,0.2375348061323166,0.26646968722343445,0,0,0,0,0,0,0.28297001123428345,0,0,0,0,0,0,0,0,0,0,0,0,0
Normal,0,0,0,0.43089041113853455,0.5386124849319458,0.4226984679698944,0,0,0,0.4237690269947052,0.326800674200058,0.7464652061462402,0.7443024516105652,0,0.19173552095890045,0.1740492284297943,0,0,0,0.1608293354511261,0.2634983956813812,0,0,0,0,0,0,0,0,0,0.1881747841835022,0.19820532202720642,0,0,0,0,0,0,0.2035590261220932,0,0,0,0,0,0,0,0,0,0,0,0,0
Normal,0,0,0,0.26812490820884705,0.3396395742893219,0.28403234481811523,0,0,0,0.22060927748680115,0.18005487322807312,0.4389077425003052,0.4280503988265991,0,0.1143181100487709,0.10840722173452377,0,0,0,0.17761491239070892,0.2530733644962311,0,0,0,0,0,0,0,0,0,0.24162252247333527,0.26774439215660095,0,0,0,0,0,0,0.2218167632818222,0,0,0,0,0,0,0,0,0,0,0,0,0
Normal,0,0,0,0.17987163364887238,0.2707435190677643,0.263041228055954,0,0,0,0.15303102135658264,0.11116088181734085,0.4138665199279785,0.4104098379611969,0,0.13607487082481384,0.1292828768491745,0,0,0,0.180744469165802,0.18850016593933105,0,0,0,0,0,0,0,0,0,0.20893660187721252,0.23943164944648743,0,0,0,0,0,0,0.2556603252887726,0,0,0,0,0,0,0,0,0,0,0,0,0
Normal,0,0,0,0.18127065896987915,0.2560168206691742,0.2530113458633423,0,0,0,0.1510055810213089,0.10921256244182587,0.4288872182369232,0.42290380597114563,0,0.1256559193134308,0.11930513381958008,0,0,0,0.1927489936351776,0.19783692061901093,0,0,0,0,0,0,0,0,0,0.19682632386684418,0.21557460725307465,0,0,0,0,0,0,0.2799813449382782,0,0,0,0,0,0,0,0,0,0,0,0,0
Normal,0,0,0,0.18231232464313507,0.23679400980472565,0.25616589188575745,0,0,0,0.14341329038143158,0.10670004785060883,0.41720280051231384,0.4108862280845642,0,0.1274736374616623,0.11849278956651688,0,0,0,0.18895108997821808,0.2128092497587204,0,0,0,0,0,0,0,0,0,0.20719988644123077,0.22999683022499084,0,0,0,0,0,0,0.2382267862558365,0,0,0,0,0,0,0,0,0,0,0,0,0
Normal,0,0,0,0.18292982876300812,0.24726836383342743,0.2645570933818817,0,0,0,0.14769931137561798,0.10778003185987473,0.41329866647720337,0.4081440567970276,0,0.1416776478290558,0.1373048573732376,0,0,0,0.18731632828712463,0.2125644087791443,0,0,0,0,0,0,0,0,0,0.1912240833044052,0.21884290874004364,0,0,0,0,0,0,0.22768472135066986,0,0,0,0,0,0,0,0,0,0,0,0,0
Normal,0,0,0,0.17670567333698273,0.2545420825481415,0.2786024510860443,0,0,0,0.15297682583332062,0.11929960548877716,0.4177177846431732,0.41497310996055603,0,0.13976870477199554,0.14033809304237366,0,0,0,0.1948775053024292,0.21821542084217072,0,0,0,0,0,0,0,0,0,0.19753317534923553,0.22662751376628876,0,0,0,0,0,0,0.242746040225029,0,0,0,0,0,0,0,0,0,0,0,0,0
Normal,0,0,0,0.16673985123634338,0.22490294277668,0.26223069429397583,0,0,0,0.15838830173015594,0.11642394214868546,0.39493054151535034,0.3913387656211853,0,0.14736343920230865,0.14265280961990356,0,0,0,0.2049180269241333,0.21679919958114624,0,0,0,0,0,0,0,0,0,0.1831916719675064,0.21260587871074677,0,0,0,0,0,0,0.2615228295326233,0,0,0,0,0,0,0,0,0,0,0,0,0
Normal,0,0,0,0.18245786428451538,0.26268476247787476,0.26364293694496155,0,0,0,0.10019069164991379,0,0.37117359042167664,0.3673623204231262,0,0.15848486125469208,0.1475864052772522,0,0,0,0.16712866723537445,0.15083840489387512,0,0,0,0,0,0,0,0,0,0.15969233214855194,0.19991181790828705,0,0,0,0,0,0,0.3282618224620819,0,0,0,0,0,0,0,0,0,0,0,0,0
Normal,0,0,0,0.1862240880727768,0.31949952244758606,0.2771212160587311,0,0,0,0,0,0.32318514585494995,0.31962382793426514,0,0.12073919922113419,0.11423394083976746,0,0,0,0,0,0,0,0,0,0,0,0,0,0,0.15916654467582703,0.1929911971092224,0,0,0,0,0,0,0.3626645505428314,0,0,0,0,0,0,0,0,0,0,0,0,0
Normal,0,0,0,0.42513507604599,0.5707265734672546,0.55926513671875,0,0,0,0.5160250663757324,0.3881736099720001,0.7849447727203369,0.7828004360198975,0,0,0,0,0,0,0.20112401247024536,0.254814475774765,0,0,0,0,0,0,0,0,0,0.11325474083423615,0.10668385773897171,0,0,0,0,0,0,0.25433817505836487,0,0,0,0,0,0,0,0,0,0,0,0,0
Normal,0,0,0,0.49002885818481445,0.5897584557533264,0.5457797050476074,0,0,0,0.5264325141906738,0.3848387598991394,0.8181440234184265,0.8145409822463989,0,0,0,0,0,0,0.18508203327655792,0.19427379965782166,0,0,0,0,0,0,0,0,0,0.11409630626440048,0.10632699728012085,0,0,0,0,0,0,0.23434537649154663,0,0,0,0,0,0,0,0,0,0,0,0,0
Normal,0,0,0,0.24267075955867767,0.43114733695983887,0.2731136083602905,0,0,0,0.25937098264694214,0.16790783405303955,0.47924885153770447,0.46534374356269836,0,0.1544056087732315,0.1416422426700592,0,0,0,0.19357144832611084,0.32291847467422485,0,0,0,0,0,0,0,0,0,0.24018335342407227,0.25584161281585693,0,0,0,0,0,0,0.12021446973085403,0,0,0,0,0,0,0,0,0,0,0,0,0
Normal,0,0,0,0.21799789369106293,0.3705022633075714,0.3147905170917511,0,0,0,0.19039344787597656,0.11120249330997467,0.4691612422466278,0.4590526223182678,0,0.12775012850761414,0.12280741333961487,0,0,0,0.20095157623291016,0.26457440853118896,0,0,0,0,0,0,0,0,0,0.13810735940933228,0.14386771619319916,0,0,0,0,0,0,0.2277008295059204,0,0,0,0,0,0,0,0,0,0,0,0,0
Normal,0,0,0,0.1950409859418869,0.3454433083534241,0.3339715301990509,0,0,0,0.17996545135974884,0.14393436908721924,0.46682924032211304,0.45941439270973206,0,0.13443869352340698,0.13583356142044067,0,0,0,0.22181910276412964,0.2813715934753418,0,0,0,0,0,0,0,0,0,0.1155976727604866,0.11587691307067871,0,0,0,0,0,0,0.23389968276023865,0,0,0,0,0,0,0,0,0,0,0,0,0
Normal,0,0,0,0.19211803376674652,0.3399469554424286,0.30749890208244324,0,0,0,0.17198163270950317,0.134333536028862,0.45291322469711304,0.4427032470703125,0,0.1286345273256302,0.1278107762336731,0,0,0,0.21848616003990173,0.269176721572876,0,0,0,0,0,0,0,0,0,0.11718668788671494,0.1209818422794342,0,0,0,0,0,0,0.25778108835220337,0,0,0,0,0,0,0,0,0,0,0,0,0
Normal,0,0,0,0.15993307530879974,0.338095098733902,0.29946601390838623,0,0,0,0.1704450249671936,0.12701907753944397,0.4366368055343628,0.42826107144355774,0,0.1306513100862503,0.12925714254379272,0,0,0,0.21637576818466187,0.25952067971229553,0,0,0,0,0,0,0,0,0,0.12901359796524048,0.1400831937789917,0,0,0,0,0,0,0.28102558851242065,0,0,0,0,0,0,0,0,0,0,0,0,0
Normal,0,0,0,0.15589746832847595,0.35076019167900085,0.30163612961769104,0,0,0,0.15780876576900482,0.10227825492620468,0.4159031808376312,0.407664954662323,0,0.12292437255382538,0.12391342967748642,0,0,0,0.21091897785663605,0.22211815416812897,0,0,0,0,0,0,0,0,0,0.13359548151493073,0.14257580041885376,0,0,0,0,0,0,0.3316384255886078,0,0,0,0,0,0,0,0,0,0,0,0,0
Normal,0,0,0,0.16251631081104279,0.3325784206390381,0.29230228066444397,0,0,0,0.1672675609588623,0.11557293683290482,0.4194234013557434,0.41376399993896484,0,0.11616693437099457,0.12082116305828094,0,0,0,0.20634229481220245,0.23114341497421265,0,0,0,0,0,0,0,0,0,0.14248459041118622,0.14945462346076965,0,0,0,0,0,0,0.33059173822402954,0,0,0,0,0,0,0,0,0,0,0,0,0
Normal,0,0,0,0.16736340522766113,0.32099229097366333,0.308173805475235,0,0,0,0.15412065386772156,0.10238686949014664,0.41014716029167175,0.40417879819869995,0,0.10852925479412079,0.11425331234931946,0,0,0,0.20328691601753235,0.2016918659210205,0,0,0,0,0,0,0,0,0,0.12799647450447083,0.14137442409992218,0,0,0,0,0,0,0.3564662039279938,0,0,0,0,0,0,0,0,0,0,0,0,0
Normal,0,0,0,0.16867901384830475,0.33079129457473755,0.31164950132369995,0,0,0,0.1464826613664627,0,0.39682894945144653,0.3911769986152649,0,0.10353098809719086,0.11007538437843323,0,0,0,0.18743498623371124,0.18417474627494812,0,0,0,0,0,0,0,0,0,0.12867429852485657,0.14451536536216736,0,0,0,0,0,0,0.3561401665210724,0,0,0,0,0,0,0,0,0,0,0,0,0
Normal,0,0,0,0.17453767359256744,0.32836103439331055,0.3108401298522949,0,0,0,0.1300785094499588,0,0.39071887731552124,0.38616785407066345,0,0.11852827668190002,0.12303071469068527,0,0,0,0.17722144722938538,0.16991358995437622,0,0,0,0,0,0,0,0,0,0.13562150299549103,0.1536007970571518,0,0,0,0,0,0,0.378031462430954,0,0,0,0,0,0,0,0,0,0,0,0,0
Normal,0,0,0,0.18966516852378845,0.3387880325317383,0.31262117624282837,0,0,0,0.11131001263856888,0,0.3919958770275116,0.3860122263431549,0,0.1099294051527977,0.11120432615280151,0,0,0,0.1453132927417755,0.16723453998565674,0,0,0,0,0,0,0,0,0,0.11966978758573532,0.13521024584770203,0,0,0,0,0,0,0.43878087401390076,0,0,0,0,0,0,0,0,0,0,0,0,0
Normal,0,0,0,0.1918717920780182,0.34034043550491333,0.3155379891395569,0,0,0,0.10625676810741425,0,0.3773108422756195,0.369597852230072,0,0.10841256380081177,0.10964224487543106,0,0,0,0.1466892957687378,0.1547699272632599,0,0,0,0,0,0,0,0,0,0.12712571024894714,0.1417333483695984,0,0,0,0,0,0,0.44278737902641296,0,0,0,0,0,0,0,0,0,0,0,0,0
Normal,0,0,0,0.1778779923915863,0.3043382167816162,0.2769628167152405,0,0,0,0.1019793450832367,0,0.3749138414859772,0.3639416992664337,0,0.10457491129636765,0.10269530862569809,0,0,0,0.1607854813337326,0.15232816338539124,0,0,0,0,0,0,0,0,0,0.10904514044523239,0.12796729803085327,0,0,0,0,0,0,0.35785043239593506,0,0,0,0,0,0,0,0,0,0,0,0,0
Normal,0,0,0,0.1759050190448761,0.28415802121162415,0.25947847962379456,0,0,0,0.10761360079050064,0,0.3800044059753418,0.3655557930469513,0,0,0,0,0,0,0.168541818857193,0.1578640192747116,0,0,0,0,0,0,0,0,0,0.10870272666215897,0.12244950234889984,0,0,0,0,0,0,0.30398911237716675,0,0,0,0,0,0,0,0,0,0,0,0,0
Normal,0,0,0,0.16898071765899658,0.26978084444999695,0.2581908404827118,0,0,0,0.11196405440568924,0,0.3823959231376648,0.37471088767051697,0,0,0,0,0,0,0.1733805388212204,0.1568097621202469,0,0,0,0,0,0,0,0,0,0.1603250801563263,0.18099716305732727,0,0,0,0,0,0,0.2851124405860901,0,0,0,0,0,0,0,0,0,0,0,0,0
Normal,0,0,0,0.16448087990283966,0.26888740062713623,0.2576243281364441,0,0,0,0.11758776754140854,0,0.3837348520755768,0.376604825258255,0,0,0,0,0,0,0.1696600466966629,0.1717328578233719,0,0,0,0,0,0,0,0,0,0.16497260332107544,0.18946996331214905,0,0,0,0,0,0,0.30448558926582336,0,0,0,0,0,0,0,0,0,0,0,0,0
Normal,0,0,0,0.18931978940963745,0.26926741003990173,0.26583608984947205,0,0,0,0.11950159817934036,0,0.39417609572410583,0.38448113203048706,0,0,0,0,0,0,0.17279070615768433,0.17251121997833252,0,0,0,0,0,0,0,0,0,0.17563922703266144,0.19524361193180084,0,0,0,0,0,0,0.31915339827537537,0,0,0,0,0,0,0,0,0,0,0,0,0
Normal,0,0,0,0.17625705897808075,0.27217531204223633,0.2700116038322449,0,0,0,0.12530745565891266,0,0.3919774889945984,0.3853726387023926,0,0,0,0,0,0,0.17976725101470947,0.17041106522083282,0,0,0,0,0,0,0,0,0,0.20365403592586517,0.22843939065933228,0,0,0,0,0,0,0.3129645586013794,0,0,0,0,0,0,0,0,0,0,0,0,0
Normal,0,0,0,0.18025526404380798,0.2771661877632141,0.28284651041030884,0,0,0,0.13315293192863464,0,0.3918362557888031,0.3848924934864044,0,0,0,0,0,0,0.18514779210090637,0.1646846979856491,0,0,0,0,0,0,0,0,0,0.1894504278898239,0.2078089714050293,0,0,0,0,0,0,0.32418349385261536,0,0,0,0,0,0,0,0,0,0,0,0,0
Normal,0,0,0,0.1511092633008957,0.29803380370140076,0.2987024784088135,0,0,0,0.1234295517206192,0,0.37133777141571045,0.3714568316936493,0,0,0,0,0,0,0.18217693269252777,0.16515076160430908,0,0,0,0,0,0,0,0,0,0.1959356963634491,0.2226111888885498,0,0,0,0,0,0,0.39401713013648987,0,0,0,0,0,0,0,0,0,0,0,0,0
Normal,0,0,0,0.1600734144449234,0.2989842891693115,0.2979695796966553,0,0,0,0.12006882578134537,0,0.35666853189468384,0.35844019055366516,0,0.10850261896848679,0.11167275160551071,0,0,0,0.18144221603870392,0.15931236743927002,0,0,0,0,0,0,0,0,0,0.18858571350574493,0.21918930113315582,0,0,0,0,0,0,0.4087521731853485,0,0,0,0,0,0,0,0,0,0,0,0,0
Normal,0,0,0,0.39617791771888733,0.4843612611293793,0.4638502597808838,0,0,0,0.4345741271972656,0.34253302216529846,0.7288639545440674,0.7291766405105591,0,0,0,0,0,0,0.18949562311172485,0.22799165546894073,0,0,0,0,0,0,0,0,0,0.18992891907691956,0.18205687403678894,0,0,0,0,0,0,0.3296838104724884,0,0,0,0,0,0,0,0,0,0,0,0,0
Normal,0,0,0,0.4424748718738556,0.5217138528823853,0.42971134185791016,0,0,0,0.5603855848312378,0.4381752610206604,0.8196050524711609,0.8107460737228394,0,0,0,0,0,0,0.200246199965477,0.21492578089237213,0,0,0,0,0,0,0,0,0,0.13369309902191162,0.12680508196353912,0,0,0,0,0,0,0.21255633234977722,0,0,0,0,0,0,0,0,0,0,0,0,0
Normal,0,0,0,0.40697595477104187,0.48813900351524353,0.43848302960395813,0,0,0,0.4798316955566406,0.43753278255462646,0.7925609350204468,0.7814054489135742,0,0,0,0,0,0,0.19002078473567963,0.26518961787223816,0,0,0,0,0,0,0,0,0,0,0,0,0,0,0,0,0,0.17187196016311646,0,0,0,0,0,0,0,0,0,0,0,0,0
Normal,0,0,0,0.2171323448419571,0.2830792963504791,0.2470223307609558,0,0,0,0.19001568853855133,0.17320692539215088,0.41516658663749695,0.40102022886276245,0,0.17252519726753235,0.16256339848041534,0,0,0,0.25418415665626526,0.30363473296165466,0,0,0,0,0,0,0,0,0,0.1356702744960785,0.1499817818403244,0,0,0,0,0,0,0.14685755968093872,0,0,0,0,0,0,0,0,0,0,0,0,0
Normal,0,0,0,0.2050527185201645,0.24722175300121307,0.2739201784133911,0,0,0,0.18173232674598694,0.15222616493701935,0.39354750514030457,0.3873341679573059,0,0.17312343418598175,0.16570277512073517,0,0,0,0.2540355324745178,0.2429572492837906,0,0,0,0,0,0,0,0,0,0.13471299409866333,0.14755815267562866,0,0,0,0,0,0,0.20151859521865845,0,0,0,0,0,0,0,0,0,0,0,0,0
Normal,0,0,0,0.19298480451107025,0.26421067118644714,0.2654373049736023,0,0,0,0.19968023896217346,0.16441337764263153,0.4396967887878418,0.43144169449806213,0,0.1584472954273224,0.15334993600845337,0,0,0,0.24422778189182281,0.2866427004337311,0,0,0,0,0,0,0,0,0,0.14970535039901733,0.174826979637146,0,0,0,0,0,0,0.22602231800556183,0,0,0,0,0,0,0,0,0,0,0,0,0
Normal,0,0,0,0.19569887220859528,0.26741212606430054,0.24954327940940857,0,0,0,0.19801613688468933,0.1613791584968567,0.45350250601768494,0.44127270579338074,0,0.13599663972854614,0.1311938464641571,0,0,0,0.2318098545074463,0.3092327415943146,0,0,0,0,0,0,0,0,0,0.13426797091960907,0.15528056025505066,0,0,0,0,0,0,0.20035257935523987,0,0,0,0,0,0,0,0,0,0,0,0,0
Normal,0,0,0,0.19848541915416718,0.2688775062561035,0.2457979917526245,0,0,0,0.1910707652568817,0.15771664679050446,0.4532446563243866,0.44141584634780884,0,0.12606564164161682,0.12246609479188919,0,0,0,0.21864475309848785,0.3129039704799652,0,0,0,0,0,0,0,0,0,0.1304887980222702,0.15049271285533905,0,0,0,0,0,0,0.20849208533763885,0,0,0,0,0,0,0,0,0,0,0,0,0
Normal,0,0,0,0.20953065156936646,0.28060606122016907,0.2582404613494873,0,0,0,0.18673095107078552,0.1530875563621521,0.45029354095458984,0.4394124448299408,0,0.12663449347019196,0.12346971035003662,0,0,0,0.21534906327724457,0.3182975947856903,0,0,0,0,0,0,0,0,0,0.11915139853954315,0.13258221745491028,0,0,0,0,0,0,0.2525215446949005,0,0,0,0,0,0,0,0,0,0,0,0,0
Normal,0,0,0,0.20405368506908417,0.27437976002693176,0.2700766921043396,0,0,0,0.1621422916650772,0.11652905493974686,0.43799352645874023,0.43527960777282715,0,0.12017273157835007,0.12069859355688095,0,0,0,0.20711073279380798,0.23277710378170013,0,0,0,0,0,0,0,0,0,0.14634168148040771,0.16968071460723877,0,0,0,0,0,0,0.32765814661979675,0,0,0,0,0,0,0,0,0,0,0,0,0
Normal,0,0,0,0.2017230987548828,0.26487791538238525,0.27119019627571106,0,0,0,0.15815290808677673,0.10828261077404022,0.4219438135623932,0.4175403416156769,0,0.11490869522094727,0.11418963223695755,0,0,0,0.20059597492218018,0.2127901315689087,0,0,0,0,0,0,0,0,0,0.1534581333398819,0.1767975091934204,0,0,0,0,0,0,0.34915560483932495,0,0,0,0,0,0,0,0,0,0,0,0,0
Normal,0,0,0,0.2383289784193039,0.33624541759490967,0.32421618700027466,0,0,0,0.2737714648246765,0.2379363626241684,0.5834697484970093,0.583160400390625,0,0.11815858632326126,0.11301864683628082,0,0,0,0.1979106217622757,0.2981642484664917,0,0,0,0,0,0,0,0,0,0.11807611584663391,0.128662109375,0,0,0,0,0,0,0.2720693051815033,0,0,0,0,0,0,0,0,0,0,0,0,0
Normal,0,0,0,0.3237156271934509,0.4126341938972473,0.3571987748146057,0,0,0,0.3483298420906067,0.2875458896160126,0.6462121605873108,0.6402146816253662,0,0.15809482336044312,0.14501430094242096,0,0,0,0.24517741799354553,0.325887531042099,0,0,0,0,0,0,0,0,0,0.10974030941724777,0.1197037398815155,0,0,0,0,0,0,0.23301967978477478,0,0,0,0,0,0,0,0,0,0,0,0,0
Normal,0,0,0,0.24931086599826813,0.324770450592041,0.28718918561935425,0,0,0,0.15711472928524017,0.11357095092535019,0.44560718536376953,0.4315260350704193,0,0.14537936449050903,0.13701403141021729,0,0,0,0.22318890690803528,0.20959153771400452,0,0,0,0,0,0,0,0,0,0.11269420385360718,0.13200697302818298,0,0,0,0,0,0,0.29537034034729004,0,0,0,0,0,0,0,0,0,0,0,0,0
Normal,0,0,0,0.2175336331129074,0.2894230782985687,0.265109121799469,0,0,0,0.12869121134281158,0,0.3882656395435333,0.37133046984672546,0,0.12086889147758484,0.1142723485827446,0,0,0,0.1993779093027115,0.20501133799552917,0,0,0,0,0,0,0,0,0,0.13046608865261078,0.14696039259433746,0,0,0,0,0,0,0.3104197680950165,0,0,0,0,0,0,0,0,0,0,0,0,0
Normal,0,0,0,0.22050441801548004,0.30593040585517883,0.28614071011543274,0,0,0,0.10037738084793091,0,0.3818052411079407,0.3690936863422394,0,0.12431670725345612,0.12351342290639877,0,0,0,0.1713150590658188,0.18227845430374146,0,0,0,0,0,0,0,0,0,0.11588999629020691,0.1295384019613266,0,0,0,0,0,0,0.3745056092739105,0,0,0,0,0,0,0,0,0,0,0,0,0
Normal,0,0,0,0.18195129930973053,0.29022085666656494,0.2615630030632019,0,0,0,0.10872622579336166,0,0.36955204606056213,0.36094191670417786,0,0.12413723766803741,0.12488293647766113,0,0,0,0.17435069382190704,0.17578478157520294,0,0,0,0,0,0,0,0,0,0.154141366481781,0.17215155065059662,0,0,0,0,0,0,0.39943933486938477,0,0,0,0,0,0,0,0,0,0,0,0,0
Normal,0,0,0,0.17047502100467682,0.28420567512512207,0.25726640224456787,0,0,0,0.10965543240308762,0,0.36648014187812805,0.3589441180229187,0,0.1261604279279709,0.12339308112859726,0,0,0,0.17743293941020966,0.17478641867637634,0,0,0,0,0,0,0,0,0,0.17251989245414734,0.19841212034225464,0,0,0,0,0,0,0.3745476305484772,0,0,0,0,0,0,0,0,0,0,0,0,0
Normal,0,0,0,0.15528109669685364,0.2781956195831299,0.2501475512981415,0,0,0,0.11471223086118698,0,0.3638959228992462,0.358571857213974,0,0.11547984927892685,0.11842343956232071,0,0,0,0.18128375709056854,0.16857598721981049,0,0,0,0,0,0,0,0,0,0.154374897480011,0.17730753123760223,0,0,0,0,0,0,0.3550078868865967,0,0,0,0,0,0,0,0,0,0,0,0,0
Normal,0,0,0,0.15780679881572723,0.27373629808425903,0.2543068528175354,0,0,0,0.11816848069429398,0,0.37236034870147705,0.36577874422073364,0,0,0,0,0,0,0.18267890810966492,0.1699499636888504,0,0,0,0,0,0,0,0,0,0.16031381487846375,0.18919803202152252,0,0,0,0,0,0,0.3629056513309479,0,0,0,0,0,0,0,0,0,0,0,0,0
Normal,0,0,0,0.1789708435535431,0.2706480920314789,0.2650814652442932,0,0,0,0.12223208695650101,0,0.37773919105529785,0.36958441138267517,0,0,0,0,0,0,0.1830320507287979,0.17227430641651154,0,0,0,0,0,0,0,0,0,0.1472339630126953,0.1784309595823288,0,0,0,0,0,0,0.387315571308136,0,0,0,0,0,0,0,0,0,0,0,0,0
Normal,0,0,0,0.17742078006267548,0.256960391998291,0.27139514684677124,0,0,0,0.14038294553756714,0,0.3680672347545624,0.3629454970359802,0,0.1019892618060112,0.10358501225709915,0,0,0,0.2094716578722,0.1686878353357315,0,0,0,0,0,0,0,0,0,0.14756524562835693,0.16369804739952087,0,0,0,0,0,0,0.3668208122253418,0,0,0,0,0,0,0,0,0,0,0,0,0
Normal,0,0,0,0.17536835372447968,0.27768248319625854,0.2765829563140869,0,0,0,0.132867693901062,0,0.39751318097114563,0.3847302198410034,0,0,0,0,0,0,0.20167778432369232,0.16736015677452087,0,0,0,0,0,0,0,0,0,0.17597337067127228,0.19248385727405548,0,0,0,0,0,0,0.30966290831565857,0,0,0,0,0,0,0,0,0,0,0,0,0
Normal,0,0,0,0.17410637438297272,0.2706871032714844,0.26779642701148987,0,0,0,0.13012884557247162,0,0.40304815769195557,0.38851743936538696,0,0,0,0,0,0,0.19329679012298584,0.18841448426246643,0,0,0,0,0,0,0,0,0,0.1606941670179367,0.1679335981607437,0,0,0,0,0,0,0.3524155616760254,0,0,0,0,0,0,0,0,0,0,0,0,0
Normal,0,0,0,0.18979428708553314,0.28598201274871826,0.2790796458721161,0,0,0,0.13092371821403503,0,0.4050796627998352,0.39010581374168396,0,0,0,0,0,0,0.19736993312835693,0.18892638385295868,0,0,0,0,0,0,0,0,0,0.1595461666584015,0.1653306931257248,0,0,0,0,0,0,0.3602854907512665,0,0,0,0,0,0,0,0,0,0,0,0,0
Normal,0,0,0,0.18988342583179474,0.28566494584083557,0.2835351526737213,0,0,0,0.1374744027853012,0.10737933218479156,0.40988317131996155,0.3947669565677643,0,0,0,0,0,0,0.19701577723026276,0.19952595233917236,0,0,0,0,0,0,0,0,0,0.13319061696529388,0.13708138465881348,0,0,0,0,0,0,0.38481220602989197,0,0,0,0,0,0,0,0,0,0,0,0,0
Normal,0,0,0,0.1970711201429367,0.26930227875709534,0.2670123279094696,0,0,0,0.1276436150074005,0,0.40226608514785767,0.3857182264328003,0,0,0,0,0,0,0.17561498284339905,0.19700899720191956,0,0,0,0,0,0,0,0,0,0.10919247567653656,0.10873225331306458,0,0,0,0,0,0,0.38288065791130066,0,0,0,0,0,0,0,0,0,0,0,0,0
Normal,0,0,0,0.20567965507507324,0.26762062311172485,0.27390873432159424,0,0,0,0.1282469779253006,0,0.4051966965198517,0.391124427318573,0,0,0,0,0,0,0.17575719952583313,0.18443439900875092,0,0,0,0,0,0,0,0,0,0.12650296092033386,0.13901574909687042,0,0,0,0,0,0,0.38913577795028687,0,0,0,0,0,0,0,0,0,0,0,0,0
Normal,0,0,0,0.18384361267089844,0.26185449957847595,0.2569867968559265,0,0,0,0.13249149918556213,0,0.41051584482192993,0.4024798274040222,0,0,0,0,0,0,0.18794900178909302,0.17732813954353333,0,0,0,0,0,0,0,0,0,0.17033210396766663,0.20524229109287262,0,0,0,0,0,0,0.36688581109046936,0,0,0,0,0,0,0,0,0,0,0,0,0
Normal,0,0,0,0.17350998520851135,0.2764430344104767,0.2692042291164398,0,0,0,0.12393830716609955,0,0.4041305482387543,0.3949801027774811,0,0.13374771177768707,0.12240248173475266,0,0,0,0.18169556558132172,0.17380018532276154,0,0,0,0,0,0,0,0,0,0.16751570999622345,0.20305298268795013,0,0,0,0,0,0,0.36491701006889343,0,0,0,0,0,0,0,0,0,0,0,0,0
Normal,0,0,0,0.1601293981075287,0.28253525495529175,0.26190024614334106,0,0,0,0.1340523511171341,0.10037879645824432,0.3863043189048767,0.37977033853530884,0,0.14031779766082764,0.1305818110704422,0,0,0,0.18933168053627014,0.205292209982872,0,0,0,0,0,0,0,0,0,0.15590715408325195,0.19138921797275543,0,0,0,0,0,0,0.4035438895225525,0,0,0,0,0,0,0,0,0,0,0,0,0
Normal,0,0,0,0.13847695291042328,0.2681955099105835,0.2561459243297577,0,0,0,0.13452742993831635,0,0.3848901391029358,0.38239601254463196,0,0.14873117208480835,0.14434032142162323,0,0,0,0.19052162766456604,0.19691507518291473,0,0,0,0,0,0,0,0,0,0.14540286362171173,0.1804518699645996,0,0,0,0,0,0,0.4024161994457245,0,0,0,0,0,0,0,0,0,0,0,0,0
Normal,0,0,0,0.15053203701972961,0.27804866433143616,0.2709105312824249,0,0,0,0.13939152657985687,0.10027501732110977,0.38509416580200195,0.38464775681495667,0,0.15224477648735046,0.15180473029613495,0,0,0,0.19480839371681213,0.19041645526885986,0,0,0,0,0,0,0,0,0,0.16329123079776764,0.19652540981769562,0,0,0,0,0,0,0.4075313210487366,0,0,0,0,0,0,0,0,0,0,0,0,0
Normal,0,0,0,0.15554621815681458,0.2760605812072754,0.2619353234767914,0,0,0,0.14627379179000854,0.10734596103429794,0.38295188546180725,0.3772503435611725,0,0.13816644251346588,0.14041787385940552,0,0,0,0.19471818208694458,0.2029300034046173,0,0,0,0,0,0,0,0,0,0.12093692272901535,0.1325145959854126,0,0,0,0,0,0,0.46166300773620605,0,0,0,0,0,0,0,0,0,0,0,0,0
Normal,0,0,0,0.1529073417186737,0.2517767548561096,0.24341453611850739,0,0,0,0.13989165425300598,0.10171681642532349,0.35944557189941406,0.35710597038269043,0,0.13393646478652954,0.1396746039390564,0,0,0,0.19485124945640564,0.19624076783657074,0,0,0,0,0,0,0,0,0,0.13056297600269318,0.1448718160390854,0,0,0,0,0,0,0.4383013844490051,0,0,0,0,0,0,0,0,0,0,0,0,0
Normal,0,0,0,0.16818659007549286,0.2691178619861603,0.2597963213920593,0,0,0,0.12990258634090424,0,0.35699978470802307,0.3532268702983856,0,0.1422576755285263,0.1423972100019455,0,0,0,0.18879306316375732,0.19656327366828918,0,0,0,0,0,0,0,0,0,0.1301039457321167,0.14375104010105133,0,0,0,0,0,0,0.3770736753940582,0,0,0,0,0,0,0,0,0,0,0,0,0
Normal,0,0,0,0.16993682086467743,0.25582367181777954,0.23572765290737152,0,0,0,0.12875771522521973,0,0.3549150824546814,0.34814298152923584,0,0.13401377201080322,0.13318435847759247,0,0,0,0.1850876361131668,0.19716615974903107,0,0,0,0,0,0,0,0,0,0.13469824194908142,0.14819453656673431,0,0,0,0,0,0,0.3685363829135895,0,0,0,0,0,0,0,0,0,0,0,0,0
Normal,0,0,0,0.16306112706661224,0.26403579115867615,0.24562764167785645,0,0,0,0.13215751945972443,0,0.3562186658382416,0.35276317596435547,0,0.1342158168554306,0.13547243177890778,0,0,0,0.1897866427898407,0.19700796902179718,0,0,0,0,0,0,0,0,0,0.14953768253326416,0.1659511923789978,0,0,0,0,0,0,0.36144423484802246,0,0,0,0,0,0,0,0,0,0,0,0,0
Normal,0,0,0,0.1511865258216858,0.26864200830459595,0.2661413252353668,0,0,0,0.12932369112968445,0,0.3641011416912079,0.3643695116043091,0,0.12419246137142181,0.12834420800209045,0,0,0,0.19132888317108154,0.1841735988855362,0,0,0,0,0,0,0,0,0,0.18153592944145203,0.20638258755207062,0,0,0,0,0,0,0.32822155952453613,0,0,0,0,0,0,0,0,0,0,0,0,0
Normal,0,0,0,0.15099142491817474,0.2641221284866333,0.26568660140037537,0,0,0,0.13237261772155762,0,0.3782774806022644,0.37524083256721497,0,0.1297524869441986,0.12834486365318298,0,0,0,0.19016753137111664,0.18618179857730865,0,0,0,0,0,0,0,0,0,0.16151045262813568,0.18720386922359467,0,0,0,0,0,0,0.3557978570461273,0,0,0,0,0,0,0,0,0,0,0,0,0
Normal,0,0,0,0.1484878659248352,0.25794875621795654,0.2508787214756012,0,0,0,0.13077305257320404,0,0.3752000033855438,0.37346702814102173,0,0.15702375769615173,0.15164755284786224,0,0,0,0.18971826136112213,0.18580865859985352,0,0,0,0,0,0,0,0,0,0.15032950043678284,0.1712212860584259,0,0,0,0,0,0,0.39051058888435364,0,0,0,0,0,0,0,0,0,0,0,0,0
Normal,0,0,0,0.15220382809638977,0.2599484622478485,0.2571682333946228,0,0,0,0.13250146806240082,0,0.3690795302391052,0.37168067693710327,0,0.20103970170021057,0.19518844783306122,0,0,0,0.1948697566986084,0.18795093894004822,0,0,0,0,0,0,0,0,0,0.14572301506996155,0.16787981986999512,0,0,0,0,0,0,0.37205907702445984,0,0,0,0,0,0,0,0,0,0,0,0,0
Normal,0,0,0,0.1505279392004013,0.2691999077796936,0.25188374519348145,0,0,0,0.12921422719955444,0,0.3669690191745758,0.37458863854408264,0,0.28040391206741333,0.26631465554237366,0,0,0,0.20042505860328674,0.18794646859169006,0,0,0,0,0,0,0,0,0,0.1835809051990509,0.20804259181022644,0,0,0,0,0,0,0.31575527787208557,0,0,0,0,0,0,0,0,0,0,0,0,0
Normal,0,0,0,0.16299892961978912,0.2977607846260071,0.24641071259975433,0,0,0,0.138475701212883,0.10871117562055588,0.3445643186569214,0.3507135212421417,0,0.2938873767852783,0.2775574028491974,0,0,0,0.19624553620815277,0.20274768769741058,0,0,0,0,0,0,0,0,0,0.1564684957265854,0.16763806343078613,0,0,0,0,0,0,0.2852902412414551,0,0,0,0,0,0,0,0,0,0,0,0,0
Normal,0,0,0,0.16090458631515503,0.2742067873477936,0.24143142998218536,0,0,0,0.1464770883321762,0.10671114176511765,0.3780824840068817,0.3766518533229828,0,0.1848105937242508,0.18625938892364502,0,0,0,0.1870211511850357,0.21160918474197388,0,0,0,0,0,0,0,0,0,0.16697348654270172,0.1834789663553238,0,0,0,0,0,0,0.3119603097438812,0,0,0,0,0,0,0,0,0,0,0,0,0
Normal,0,0,0,0.15690024197101593,0.2803812026977539,0.24167421460151672,0,0,0,0.15883012115955353,0.1090935617685318,0.38463565707206726,0.3777841627597809,0,0.16361694037914276,0.15910911560058594,0,0,0,0.18908527493476868,0.21032105386257172,0,0,0,0,0,0,0,0,0,0.17132169008255005,0.18439936637878418,0,0,0,0,0,0,0.30500513315200806,0,0,0,0,0,0,0,0,0,0,0,0,0
Normal,0,0,0,0.4276706278324127,0.5041808485984802,0.4329296350479126,0,0,0,0.5226190090179443,0.3443280756473541,0.7580608129501343,0.7532718181610107,0,0.12838198244571686,0.11213192343711853,0,0,0,0.1858796328306198,0.3085736334323883,0,0,0,0,0,0,0,0,0,0.17594535648822784,0.17245623469352722,0,0,0,0,0,0,0.1701255440711975,0,0,0,0,0,0,0,0,0,0,0,0,0
Normal,0,0,0,0.35178419947624207,0.38916710019111633,0.40346330404281616,0,0,0,0.2555072009563446,0.21019767224788666,0.5621930360794067,0.5593884587287903,0,0.14593903720378876,0.14152558147907257,0,0,0,0.22764821350574493,0.2970568835735321,0,0,0,0,0,0,0,0,0,0.19435563683509827,0.2054797112941742,0,0,0,0,0,0,0.17119504511356354,0,0,0,0,0,0,0,0,0,0,0,0,0
Normal,0,0,0,0.28488287329673767,0.3055434823036194,0.3182758688926697,0,0,0,0.1784922331571579,0.1219981387257576,0.4317241311073303,0.42442017793655396,0,0.12154453992843628,0.12900656461715698,0,0,0,0.22735567390918732,0.21273832023143768,0,0,0,0,0,0,0,0,0,0.18049512803554535,0.194935142993927,0,0,0,0,0,0,0.29402002692222595,0,0,0,0,0,0,0,0,0,0,0,0,0
Normal,0,0,0,0.22197769582271576,0.2766702473163605,0.3003179430961609,0,0,0,0.16400092840194702,0.1100756898522377,0.43682172894477844,0.4328572750091553,0,0.13971595466136932,0.15210174024105072,0,0,0,0.21904008090496063,0.20284779369831085,0,0,0,0,0,0,0,0,0,0.16389289498329163,0.17243438959121704,0,0,0,0,0,0,0.28166404366493225,0,0,0,0,0,0,0,0,0,0,0,0,0
Normal,0,0,0,0.19966313242912292,0.27842843532562256,0.2748255133628845,0,0,0,0.15386809408664703,0.1073586493730545,0.42639774084091187,0.4181336462497711,0,0.14597411453723907,0.14798055589199066,0,0,0,0.20447123050689697,0.21013924479484558,0,0,0,0,0,0,0,0,0,0.14056189358234406,0.1431293934583664,0,0,0,0,0,0,0.2969173192977905,0,0,0,0,0,0,0,0,0,0,0,0,0
Normal,0,0,0,0.18941275775432587,0.27915850281715393,0.23928244411945343,0,0,0,0.15368200838565826,0.10628651827573776,0.3910731077194214,0.37891730666160583,0,0.14929725229740143,0.14533621072769165,0,0,0,0.19699177145957947,0.20472566783428192,0,0,0,0,0,0,0,0,0,0.1469385176897049,0.14727826416492462,0,0,0,0,0,0,0.3225763738155365,0,0,0,0,0,0,0,0,0,0,0,0,0
Normal,0,0,0,0.17741239070892334,0.27354323863983154,0.2324240803718567,0,0,0,0.15014347434043884,0.10763723403215408,0.3806339204311371,0.3674175441265106,0,0.13180358707904816,0.12594401836395264,0,0,0,0.20155620574951172,0.2112041711807251,0,0,0,0,0,0,0,0,0,0.11979075521230698,0.11864257603883743,0,0,0,0,0,0,0.34154409170150757,0,0,0,0,0,0,0,0,0,0,0,0,0
Normal,0,0,0,0.17950166761875153,0.2664105296134949,0.20474034547805786,0,0,0,0.14475786685943604,0.1207379400730133,0.3683719038963318,0.35413631796836853,0,0.11512100696563721,0.11520763486623764,0,0,0,0.2031557261943817,0.23580226302146912,0,0,0,0,0,0,0,0,0,0.10770274698734283,0,0,0,0,0,0,0,0.2808871567249298,0,0,0,0,0,0,0,0,0,0,0,0,0
Normal,0,0,0,0.16134785115718842,0.2674725353717804,0.22314751148223877,0,0,0,0.1593875139951706,0.11643943935632706,0.34995734691619873,0.34170621633529663,0,0.12461711466312408,0.12247884273529053,0,0,0,0.2056078016757965,0.23336128890514374,0,0,0,0,0,0,0,0,0,0.12245845049619675,0.12157978117465973,0,0,0,0,0,0,0.30994468927383423,0,0,0,0,0,0,0,0,0,0,0,0,0
Normal,0,0,0,0.1867283582687378,0.27905553579330444,0.23748019337654114,0,0,0,0.14391230046749115,0.11175426095724106,0.38649317622184753,0.3722345530986786,0,0.12707120180130005,0.13175265491008759,0,0,0,0.19890493154525757,0.21986865997314453,0,0,0,0,0,0,0,0,0,0.10884382575750351,0.10673834383487701,0,0,0,0,0,0,0.3106978237628937,0,0,0,0,0,0,0,0,0,0,0,0,0
Normal,0,0,0,0.18699774146080017,0.2764246463775635,0.2424481064081192,0,0,0,0.13734391331672668,0.1033414825797081,0.3895505368709564,0.38292592763900757,0,0.132441908121109,0.13262084126472473,0,0,0,0.18710702657699585,0.20528319478034973,0,0,0,0,0,0,0,0,0,0.2198200523853302,0.2604082524776459,0,0,0,0,0,0,0.3063438832759857,0,0,0,0,0,0,0,0,0,0,0,0,0
Normal,0,0,0,0.1584450900554657,0.26795437932014465,0.23845422267913818,0,0,0,0.12776541709899902,0,0.3716115653514862,0.3668980002403259,0,0.13313604891300201,0.13541661202907562,0,0,0,0.19248780608177185,0.18296131491661072,0,0,0,0,0,0,0,0,0,0.17104490101337433,0.20057806372642517,0,0,0,0,0,0,0.3556101620197296,0,0,0,0,0,0,0,0,0,0,0,0,0
Normal,0,0,0,0.1637619584798813,0.23303556442260742,0.22596320509910583,0,0,0,0.1273646205663681,0,0.3537067472934723,0.3506675958633423,0,0.15381655097007751,0.14909377694129944,0,0,0,0.19685038924217224,0.1752651482820511,0,0,0,0,0,0,0,0,0,0.14781269431114197,0.17156895995140076,0,0,0,0,0,0,0.3431161344051361,0,0,0,0,0,0,0,0,0,0,0,0,0
Normal,0,0,0,0.17546984553337097,0.2580781579017639,0.23730076849460602,0,0,0,0.137063130736351,0,0.3865041732788086,0.37965357303619385,0,0.1263861358165741,0.1293197125196457,0,0,0,0.18483054637908936,0.1913875937461853,0,0,0,0,0,0,0,0,0,0.17835906147956848,0.20485146343708038,0,0,0,0,0,0,0.38624075055122375,0,0,0,0,0,0,0,0,0,0,0,0,0
Normal,0,0,0,0.23516292870044708,0.34751656651496887,0.34830623865127563,0,0,0,0.18949191272258759,0.17371545732021332,0.5520446300506592,0.5554827451705933,0,0.10963495075702667,0.11508970707654953,0,0,0,0.19036123156547546,0.25034594535827637,0,0,0,0,0,0,0,0,0,0.1453292816877365,0.15628355741500854,0,0,0,0,0,0,0.3081306517124176,0,0,0,0,0,0,0,0,0,0,0,0,0
Normal,0,0,0,0.23774805665016174,0.3676885962486267,0.3455122411251068,0,0,0,0.18277156352996826,0.16241218149662018,0.542629599571228,0.5436854958534241,0,0.11682362854480743,0.11728326976299286,0,0,0,0.19021640717983246,0.23671141266822815,0,0,0,0,0,0,0,0,0,0.1665574461221695,0.17698317766189575,0,0,0,0,0,0,0.2857043445110321,0,0,0,0,0,0,0,0,0,0,0,0,0
Normal,0,0,0,0.2423407882452011,0.35073089599609375,0.32378536462783813,0,0,0,0.16916950047016144,0.1401287168264389,0.5448555946350098,0.540647029876709,0,0.10321846604347229,0.10056663304567337,0,0,0,0.18906687200069427,0.2299414426088333,0,0,0,0,0,0,0,0,0,0.15184688568115234,0.15270018577575684,0,0,0,0,0,0,0.2592121660709381,0,0,0,0,0,0,0,0,0,0,0,0,0
Normal,0,0,0,0.2120121419429779,0.31695348024368286,0.2940385937690735,0,0,0,0.1887955218553543,0.16367758810520172,0.5498318672180176,0.5472783446311951,0,0.11797607690095901,0.1256466656923294,0,0,0,0.21280831098556519,0.2411876618862152,0,0,0,0,0,0,0,0,0,0.1233474463224411,0.11963316053152084,0,0,0,0,0,0,0.2307901829481125,0,0,0,0,0,0,0,0,0,0,0,0,0
Normal,0,0,0,0.27621665596961975,0.402538001537323,0.3607158362865448,0,0,0,0.22247947752475739,0.18948093056678772,0.6129375696182251,0.6133147478103638,0,0,0,0,0,0,0.20036228001117706,0.2955569922924042,0,0,0,0,0,0,0,0,0,0.16694732010364532,0.17170383036136627,0,0,0,0,0,0,0.26070165634155273,0,0,0,0,0,0,0,0,0,0,0,0,0
Normal,0,0,0,0.49309206008911133,0.5458619594573975,0.45440196990966797,0,0,0,0.5602571964263916,0.35108524560928345,0.7911911606788635,0.7830050587654114,0,0,0,0,0,0,0.18190854787826538,0.22738337516784668,0,0,0,0,0,0,0,0,0,0.1770913302898407,0.17925137281417847,0,0,0,0,0,0,0.16265404224395752,0,0,0,0,0,0,0,0,0,0,0,0,0
Normal,0,0,0,0.3851032853126526,0.4590027630329132,0.370945006608963,0,0,0,0.2629058063030243,0.20149219036102295,0.6693451404571533,0.6571060419082642,0,0.11034367233514786,0,0,0,0,0.17881989479064941,0.3030804395675659,0,0,0,0,0,0,0,0,0,0.20080909132957458,0.22010624408721924,0,0,0,0,0,0,0.13710209727287292,0,0,0,0,0,0,0,0,0,0,0,0,0
Normal,0,0,0,0.31902939081192017,0.3953862190246582,0.3706294596195221,0,0,0,0.2044064998626709,0.18135061860084534,0.5875239372253418,0.5770692825317383,0,0,0,0,0,0,0.19621415436267853,0.27873989939689636,0,0,0,0,0,0,0,0,0,0.14813238382339478,0.15744176506996155,0,0,0,0,0,0,0.18701477348804474,0,0,0,0,0,0,0,0,0,0,0,0,0
Normal,0,0,0,0.2877236306667328,0.4015544652938843,0.3709821403026581,0,0,0,0.19755306839942932,0.17013348639011383,0.5755951404571533,0.5740247964859009,0,0,0,0,0,0,0.19784337282180786,0.2630445659160614,0,0,0,0,0,0,0,0,0,0.14471109211444855,0.16095058619976044,0,0,0,0,0,0,0.2631365656852722,0,0,0,0,0,0,0,0,0,0,0,0,0
Normal,0,0,0,0.27167975902557373,0.3714492917060852,0.2992597818374634,0,0,0,0.1793482005596161,0.15250706672668457,0.5658218264579773,0.5584534406661987,0,0,0,0,0,0,0.17697115242481232,0.27588188648223877,0,0,0,0,0,0,0,0,0,0.12417857348918915,0.12644807994365692,0,0,0,0,0,0,0.23547053337097168,0,0,0,0,0,0,0,0,0,0,0,0,0
Normal,0,0,0,0.26297855377197266,0.35985803604125977,0.2871655821800232,0,0,0,0.18089337646961212,0.1648554652929306,0.5509161353111267,0.5430210828781128,0,0,0,0,0,0,0.18891246616840363,0.27219629287719727,0,0,0,0,0,0,0,0,0,0.1392585039138794,0.14490966498851776,0,0,0,0,0,0,0.280672162771225,0,0,0,0,0,0,0,0,0,0,0,0,0
Normal,0,0,0,0.24613067507743835,0.35955703258514404,0.2781560719013214,0,0,0,0.17119111120700836,0.16812005639076233,0.5471663475036621,0.5356677174568176,0,0,0,0,0,0,0.1953161060810089,0.2543613016605377,0,0,0,0,0,0,0,0,0,0.1819191575050354,0.18317855894565582,0,0,0,0,0,0,0.19777795672416687,0,0,0,0,0,0,0,0,0,0,0,0,0
Normal,0,0,0,0.2473353147506714,0.34823715686798096,0.29318323731422424,0,0,0,0.17876854538917542,0.16714145243167877,0.557579517364502,0.5543016195297241,0,0,0,0,0,0,0.18481481075286865,0.25713077187538147,0,0,0,0,0,0,0,0,0,0.17549942433834076,0.17895980179309845,0,0,0,0,0,0,0.2680501639842987,0,0,0,0,0,0,0,0,0,0,0,0,0
Normal,0,0,0,0.2174540013074875,0.306080162525177,0.23195408284664154,0,0,0,0.17945605516433716,0.13396120071411133,0.43247976899147034,0.42675408720970154,0,0,0,0,0,0,0.21607831120491028,0.2348192036151886,0,0,0,0,0,0,0,0,0,0.19539815187454224,0.2118372917175293,0,0,0,0,0,0,0.3353487551212311,0,0,0,0,0,0,0,0,0,0,0,0,0
Normal,0,0,0,0.19714704155921936,0.2976212203502655,0.28178730607032776,0,0,0,0.13464169204235077,0,0.36335840821266174,0.3631817102432251,0,0.11785393208265305,0.11891164630651474,0,0,0,0.1976689100265503,0.18293412029743195,0,0,0,0,0,0,0,0,0,0.18742364645004272,0.21615557372570038,0,0,0,0,0,0,0.3518356680870056,0,0,0,0,0,0,0,0,0,0,0,0,0
Normal,0,0,0,0.2013721615076065,0.27716493606567383,0.27569472789764404,0,0,0,0.13549338281154633,0,0.3189525604248047,0.32650062441825867,0,0.1254555732011795,0.12564870715141296,0,0,0,0.1896428018808365,0.17016540467739105,0,0,0,0,0,0,0,0,0,0.18809984624385834,0.2118087261915207,0,0,0,0,0,0,0.30374816060066223,0,0,0,0,0,0,0,0,0,0,0,0,0
Normal,0,0,0,0.19865499436855316,0.28216224908828735,0.2693967819213867,0,0,0,0.1185537725687027,0,0.3280385136604309,0.33251655101776123,0,0.12661518156528473,0.1281769722700119,0,0,0,0.16805697977542877,0.17690183222293854,0,0,0,0,0,0,0,0,0,0.16283999383449554,0.18189983069896698,0,0,0,0,0,0,0.3166215121746063,0,0,0,0,0,0,0,0,0,0,0,0,0
Normal,0,0,0,0.1802084594964981,0.2650403380393982,0.25230199098587036,0,0,0,0.12653645873069763,0,0.34255388379096985,0.343827486038208,0,0.13241782784461975,0.13523995876312256,0,0,0,0.18710090219974518,0.17561274766921997,0,0,0,0,0,0,0,0,0,0.15070435404777527,0.16376301646232605,0,0,0,0,0,0,0.3151540756225586,0,0,0,0,0,0,0,0,0,0,0,0,0
Normal,0,0,0,0.1741601973772049,0.274199903011322,0.2576970160007477,0,0,0,0.11550863087177277,0,0.3656456470489502,0.3641048073768616,0,0.11518248915672302,0.11845018714666367,0,0,0,0.18749147653579712,0.16739365458488464,0,0,0,0,0,0,0,0,0,0.1814906746149063,0.20278647541999817,0,0,0,0,0,0,0.34244009852409363,0,0,0,0,0,0,0,0,0,0,0,0,0
Normal,0,0,0,0.170485720038414,0.26365935802459717,0.24052073061466217,0,0,0,0.12063665688037872,0,0.3740253448486328,0.3729251027107239,0,0.12043146044015884,0.12740761041641235,0,0,0,0.19138018786907196,0.16140632331371307,0,0,0,0,0,0,0,0,0,0.19845888018608093,0.22028611600399017,0,0,0,0,0,0,0.3484695255756378,0,0,0,0,0,0,0,0,0,0,0,0,0
Normal,0,0,0,0.18127286434173584,0.25720304250717163,0.236624613404274,0,0,0,0.12931185960769653,0,0.3883131444454193,0.38380828499794006,0,0.11109761893749237,0.12000846117734909,0,0,0,0.18314367532730103,0.1579289585351944,0,0,0,0,0,0,0,0,0,0.2185068428516388,0.2411392331123352,0,0,0,0,0,0,0.348076194524765,0,0,0,0,0,0,0,0,0,0,0,0,0
Normal,0,0,0,0.17931951582431793,0.25622206926345825,0.24566708505153656,0,0,0,0.13070937991142273,0,0.3828194737434387,0.3781466782093048,0,0.10660069435834885,0.1165408343076706,0,0,0,0.19348062574863434,0.16440221667289734,0,0,0,0,0,0,0,0,0,0.16996105015277863,0.1815566122531891,0,0,0,0,0,0,0.36786508560180664,0,0,0,0,0,0,0,0,0,0,0,0,0
Normal,0,0,0,0.17365676164627075,0.2657391428947449,0.2546202540397644,0,0,0,0.12611961364746094,0,0.38062259554862976,0.37542933225631714,0,0.10770522058010101,0.11286552250385284,0,0,0,0.1955084651708603,0.1634610891342163,0,0,0,0,0,0,0,0,0,0.1695765256881714,0.1867450624704361,0,0,0,0,0,0,0.33800286054611206,0,0,0,0,0,0,0,0,0,0,0,0,0
Normal,0,0,0,0.4892207980155945,0.5360792875289917,0.5147765874862671,0,0,0,0.6347519755363464,0.46238064765930176,0.8425762057304382,0.835304319858551,0,0,0,0,0,0,0.24842019379138947,0.2363743931055069,0,0,0,0,0,0,0,0,0,0.10655874013900757,0.10291299968957901,0,0,0,0,0,0,0.200227290391922,0,0,0,0,0,0,0,0,0,0,0,0,0
Normal,0,0,0,0.4451490640640259,0.490484356880188,0.5070936679840088,0,0,0,0.5612199902534485,0.5250475406646729,0.7981597185134888,0.790206253528595,0,0.11503025144338608,0,0,0,0,0.20956948399543762,0.31228163838386536,0,0,0,0,0,0,0,0,0,0.10658946633338928,0.10764041543006897,0,0,0,0,0,0,0.17431201040744781,0,0,0,0,0,0,0,0,0,0,0,0,0
Normal,0,0,0,0.32216912508010864,0.4024614989757538,0.4026733934879303,0,0,0,0.29377007484436035,0.25096216797828674,0.6066030263900757,0.6068263053894043,0,0.1596803516149521,0.1466423124074936,0,0,0,0.19886203110218048,0.2998712956905365,0,0,0,0,0,0,0,0,0,0.163819819688797,0.17770957946777344,0,0,0,0,0,0,0.21773959696292877,0,0,0,0,0,0,0,0,0,0,0,0,0
Normal,0,0,0,0.19146782159805298,0.294816792011261,0.2950206995010376,0,0,0,0.19966912269592285,0.18293359875679016,0.4768701195716858,0.4757142663002014,0,0.12682652473449707,0.12479899078607559,0,0,0,0.22033147513866425,0.2776305079460144,0,0,0,0,0,0,0,0,0,0.17044517397880554,0.19057448208332062,0,0,0,0,0,0,0.2993789315223694,0,0,0,0,0,0,0,0,0,0,0,0,0
Normal,0,0,0,0.18748554587364197,0.29300495982170105,0.27188432216644287,0,0,0,0.16743136942386627,0.11681897938251495,0.4588596820831299,0.4526805579662323,0,0.1329241394996643,0.13213728368282318,0,0,0,0.2221125066280365,0.22796595096588135,0,0,0,0,0,0,0,0,0,0.15456709265708923,0.17567753791809082,0,0,0,0,0,0,0.2960503399372101,0,0,0,0,0,0,0,0,0,0,0,0,0
Normal,0,0,0,0.16652241349220276,0.26791927218437195,0.2420475035905838,0,0,0,0.17915475368499756,0.12215463817119598,0.440339058637619,0.43461641669273376,0,0.1366988867521286,0.13781355321407318,0,0,0,0.21598826348781586,0.24071815609931946,0,0,0,0,0,0,0,0,0,0.15698671340942383,0.1815505474805832,0,0,0,0,0,0,0.35125282406806946,0,0,0,0,0,0,0,0,0,0,0,0,0
Normal,0,0,0,0.15571141242980957,0.26480811834335327,0.242862731218338,0,0,0,0.16895325481891632,0.12184295058250427,0.4358175992965698,0.42963624000549316,0,0.12516449391841888,0.12308410555124283,0,0,0,0.21424569189548492,0.23397403955459595,0,0,0,0,0,0,0,0,0,0.1770181953907013,0.20063218474388123,0,0,0,0,0,0,0.2882694602012634,0,0,0,0,0,0,0,0,0,0,0,0,0
Normal,0,0,0,0.17185017466545105,0.27426519989967346,0.254804790019989,0,0,0,0.16169774532318115,0.12305399775505066,0.4301997721195221,0.4236648678779602,0,0.13104085624217987,0.1315625160932541,0,0,0,0.21443268656730652,0.23119482398033142,0,0,0,0,0,0,0,0,0,0.19485361874103546,0.21381817758083344,0,0,0,0,0,0,0.29373812675476074,0,0,0,0,0,0,0,0,0,0,0,0,0
Normal,0,0,0,0.19920086860656738,0.2698270082473755,0.26104915142059326,0,0,0,0.1549615114927292,0.11133826524019241,0.4029489755630493,0.392282634973526,0,0.13558721542358398,0.13144250214099884,0,0,0,0.22218523919582367,0.20928539335727692,0,0,0,0,0,0,0,0,0,0.14925196766853333,0.16494998335838318,0,0,0,0,0,0,0.38683372735977173,0,0,0,0,0,0,0,0,0,0,0,0,0
Normal,0,0,0,0.15588735044002533,0.23550525307655334,0.21951933205127716,0,0,0,0.15368373692035675,0.11022841185331345,0.37727177143096924,0.37395423650741577,0,0.1943598985671997,0.18441647291183472,0,0,0,0.2360166311264038,0.22614434361457825,0,0,0,0,0,0,0,0,0,0.15370498597621918,0.17064858973026276,0,0,0,0,0,0,0.31145599484443665,0,0,0,0,0,0,0,0,0,0,0,0,0
Normal,0,0,0,0.14973366260528564,0.29045599699020386,0.23528404533863068,0,0,0,0.14332206547260284,0,0.39220502972602844,0.3835026025772095,0,0.16670432686805725,0.1583431363105774,0,0,0,0.20947720110416412,0.19541063904762268,0,0,0,0,0,0,0,0,0,0.17455075681209564,0.1915101557970047,0,0,0,0,0,0,0.30533677339553833,0,0,0,0,0,0,0,0,0,0,0,0,0
Normal,0,0,0,0.1494126170873642,0.29476696252822876,0.24733898043632507,0,0,0,0.14265896379947662,0,0.4031895697116852,0.39278969168663025,0,0.15278364717960358,0.14583274722099304,0,0,0,0.19077464938163757,0.19810615479946136,0,0,0,0,0,0,0,0,0,0.16554346680641174,0.17494550347328186,0,0,0,0,0,0,0.3040015697479248,0,0,0,0,0,0,0,0,0,0,0,0,0
Normal,0,0,0,0.16930653154850006,0.2976844608783722,0.25175851583480835,0,0,0,0.1299791783094406,0,0.4041859805583954,0.3927880525588989,0,0.12573610246181488,0.12020263075828552,0,0,0,0.17673316597938538,0.1983054131269455,0,0,0,0,0,0,0,0,0,0.14936211705207825,0.16144904494285583,0,0,0,0,0,0,0.3015673756599426,0,0,0,0,0,0,0,0,0,0,0,0,0
Normal,0,0,0,0.16909103095531464,0.2905857264995575,0.23874247074127197,0,0,0,0.14321544766426086,0,0.4021007716655731,0.38912057876586914,0,0.1223817989230156,0.11724650114774704,0,0,0,0.17805732786655426,0.20830151438713074,0,0,0,0,0,0,0,0,0,0.12427350133657455,0.13635487854480743,0,0,0,0,0,0,0.3202224671840668,0,0,0,0,0,0,0,0,0,0,0,0,0
Normal,0,0,0,0.17936329543590546,0.28612738847732544,0.25210678577423096,0,0,0,0.14935578405857086,0.10363142937421799,0.410012423992157,0.399740070104599,0,0.12256106734275818,0.12325522303581238,0,0,0,0.18673929572105408,0.20564886927604675,0,0,0,0,0,0,0,0,0,0.15080022811889648,0.16558115184307098,0,0,0,0,0,0,0.29478201270103455,0,0,0,0,0,0,0,0,0,0,0,0,0
Normal,0,0,0,0.19065703451633453,0.27449336647987366,0.26982468366622925,0,0,0,0.15158912539482117,0.10626903921365738,0.41233763098716736,0.4017117917537689,0,0.1166362389922142,0.11985752731561661,0,0,0,0.20176367461681366,0.19697052240371704,0,0,0,0,0,0,0,0,0,0.15841315686702728,0.17399203777313232,0,0,0,0,0,0,0.295692503452301,0,0,0,0,0,0,0,0,0,0,0,0,0
Normal,0,0,0,0.1519995778799057,0.2693694531917572,0.24993106722831726,0,0,0,0.14826898276805878,0.10575272887945175,0.3981344699859619,0.3904416859149933,0,0.10845690965652466,0.1143866628408432,0,0,0,0.21103841066360474,0.1916559785604477,0,0,0,0,0,0,0,0,0,0.15413737297058105,0.1722697913646698,0,0,0,0,0,0,0.2915530502796173,0,0,0,0,0,0,0,0,0,0,0,0,0
Normal,0,0,0,0.15481942892074585,0.2673604190349579,0.25444623827934265,0,0,0,0.14591053128242493,0.10363727807998657,0.4094576835632324,0.39914044737815857,0,0.10415694117546082,0.10909643769264221,0,0,0,0.2005918323993683,0.1994251161813736,0,0,0,0,0,0,0,0,0,0.1427248865365982,0.16238157451152802,0,0,0,0,0,0,0.24526797235012054,0,0,0,0,0,0,0,0,0,0,0,0,0
Normal,0,0,0,0.44379860162734985,0.4915827214717865,0.40430140495300293,0,0,0,0.4102524220943451,0.2908889949321747,0.7074967622756958,0.6967660784721375,0,0.12819485366344452,0.11196009814739227,0,0,0,0.17641721665859222,0.2330014705657959,0,0,0,0,0,0,0,0,0,0.18149127066135406,0.18572452664375305,0,0,0,0,0,0,0.18099185824394226,0,0,0,0,0,0,0,0,0,0,0,0,0
Normal,0,0,0,0.29685255885124207,0.3259084224700928,0.2935522794723511,0,0,0,0.21815530955791473,0.13623930513858795,0.48811691999435425,0.47126978635787964,0,0.14064033329486847,0.12868788838386536,0,0,0,0.21751555800437927,0.25978362560272217,0,0,0,0,0,0,0,0,0,0.17368479073047638,0.19321158528327942,0,0,0,0,0,0,0.16389182209968567,0,0,0,0,0,0,0,0,0,0,0,0,0
Normal,0,0,0,0.20943529903888702,0.28069931268692017,0.29249411821365356,0,0,0,0.1813662350177765,0.16003291308879852,0.45552897453308105,0.4556617736816406,0,0.11135577410459518,0.12562274932861328,0,0,0,0.1902967393398285,0.2788548171520233,0,0,0,0,0,0,0,0,0,0.18021683394908905,0.19418276846408844,0,0,0,0,0,0,0.211630180478096,0,0,0,0,0,0,0,0,0,0,0,0,0
Normal,0,0,0,0.18008746206760406,0.2768576741218567,0.2678851783275604,0,0,0,0.18074436485767365,0.155833438038826,0.4573920965194702,0.46314576268196106,0,0.14806541800498962,0.1535460501909256,0,0,0,0.1758955717086792,0.2840847074985504,0,0,0,0,0,0,0,0,0,0.1891588419675827,0.21640248596668243,0,0,0,0,0,0,0.2336941808462143,0,0,0,0,0,0,0,0,0,0,0,0,0
Normal,0,0,0,0.1663615107536316,0.2938935160636902,0.26531752943992615,0,0,0,0.1775912195444107,0.14765049517154694,0.4480299949645996,0.4507889747619629,0,0.14268136024475098,0.14379563927650452,0,0,0,0.18653306365013123,0.2761981189250946,0,0,0,0,0,0,0,0,0,0.2099592238664627,0.23604431748390198,0,0,0,0,0,0,0.2611818313598633,0,0,0,0,0,0,0,0,0,0,0,0,0
Normal,0,0,0,0.15671104192733765,0.29833850264549255,0.2562044858932495,0,0,0,0.1733439564704895,0.14830590784549713,0.4571247100830078,0.45666784048080444,0,0.13330338895320892,0.13553760945796967,0,0,0,0.18835391104221344,0.2558676600456238,0,0,0,0,0,0,0,0,0,0.20751358568668365,0.23377008736133575,0,0,0,0,0,0,0.240880087018013,0,0,0,0,0,0,0,0,0,0,0,0,0
Normal,0,0,0,0.1758486032485962,0.28021305799484253,0.2405613213777542,0,0,0,0.17094337940216064,0.13552804291248322,0.46510112285614014,0.4614953100681305,0,0.11988675594329834,0.12106978893280029,0,0,0,0.19315080344676971,0.24433626234531403,0,0,0,0,0,0,0,0,0,0.23968501389026642,0.25965532660484314,0,0,0,0,0,0,0.25629058480262756,0,0,0,0,0,0,0,0,0,0,0,0,0
Normal,0,0,0,0.20161862671375275,0.26690787076950073,0.2475096434354782,0,0,0,0.16005858778953552,0.1419169157743454,0.46115976572036743,0.4484441578388214,0,0.11044079065322876,0.10966084152460098,0,0,0,0.20095078647136688,0.2445327341556549,0,0,0,0,0,0,0,0,0,0.20522722601890564,0.21185895800590515,0,0,0,0,0,0,0.2548968493938446,0,0,0,0,0,0,0,0,0,0,0,0,0
Normal,0,0,0,0.20013855397701263,0.26416730880737305,0.24557000398635864,0,0,0,0.1672094613313675,0.13810695707798004,0.4422158896923065,0.42946621775627136,0,0,0,0,0,0,0.2036793828010559,0.2347903996706009,0,0,0,0,0,0,0,0,0,0.1426621377468109,0.1554291695356369,0,0,0,0,0,0,0.3112350106239319,0,0,0,0,0,0,0,0,0,0,0,0,0
Normal,0,0,0,0.2001841813325882,0.27618512511253357,0.2740252912044525,0,0,0,0.16773055493831635,0.1465817093849182,0.4517655074596405,0.44201961159706116,0,0,0,0,0,0,0.2168027013540268,0.22608381509780884,0,0,0,0,0,0,0,0,0,0.16117574274539948,0.17026148736476898,0,0,0,0,0,0,0.28821662068367004,0,0,0,0,0,0,0,0,0,0,0,0,0
Normal,0,0,0,0.1895674467086792,0.2774704098701477,0.27885720133781433,0,0,0,0.16901743412017822,0.14666162431240082,0.44292473793029785,0.438776433467865,0,0,0,0,0,0,0.21626749634742737,0.22120149433612823,0,0,0,0,0,0,0,0,0,0.19699156284332275,0.22133393585681915,0,0,0,0,0,0,0.2715305984020233,0,0,0,0,0,0,0,0,0,0,0,0,0
Normal,0,0,0,0.16573703289031982,0.2662982642650604,0.26114481687545776,0,0,0,0.1611582636833191,0.1320003718137741,0.42865511775016785,0.42575809359550476,0,0,0.10640275478363037,0,0,0,0.21986384689807892,0.21885357797145844,0,0,0,0,0,0,0,0,0,0.21995054185390472,0.2556930184364319,0,0,0,0,0,0,0.281268835067749,0,0,0,0,0,0,0,0,0,0,0,0,0
Normal,0,0,0,0.1702650934457779,0.27546417713165283,0.26384952664375305,0,0,0,0.1586054265499115,0.12204896658658981,0.41282492876052856,0.40983760356903076,0,0.11738669872283936,0.12684303522109985,0,0,0,0.220890611410141,0.21477048099040985,0,0,0,0,0,0,0,0,0,0.22882205247879028,0.26963886618614197,0,0,0,0,0,0,0.2762180268764496,0,0,0,0,0,0,0,0,0,0,0,0,0
Normal,0,0,0,0.17482805252075195,0.29676443338394165,0.2799038589000702,0,0,0,0.1454973816871643,0,0.39989349246025085,0.3946221172809601,0,0.14395155012607574,0.143457293510437,0,0,0,0.2123928666114807,0.19368624687194824,0,0,0,0,0,0,0,0,0,0.2281496524810791,0.2720743417739868,0,0,0,0,0,0,0.30193352699279785,0,0,0,0,0,0,0,0,0,0,0,0,0
Normal,0,0,0,0.17623095214366913,0.29687315225601196,0.29770877957344055,0,0,0,0.13136699795722961,0,0.3960970938205719,0.39421746134757996,0,0.15335942804813385,0.15729564428329468,0,0,0,0.20224599540233612,0.18719229102134705,0,0,0,0,0,0,0,0,0,0.22124502062797546,0.2610775828361511,0,0,0,0,0,0,0.3122275769710541,0,0,0,0,0,0,0,0,0,0,0,0,0
Normal,0,0,0,0.22088511288166046,0.35342568159103394,0.3501071333885193,0,0,0,0.2686005234718323,0.23414766788482666,0.6166553497314453,0.6160534620285034,0,0.12175559997558594,0.11222811788320541,0,0,0,0.214996799826622,0.301567405462265,0,0,0,0,0,0,0,0,0,0.2744002640247345,0.2983554005622864,0,0,0,0,0,0,0.16939565539360046,0,0,0,0,0,0,0,0,0,0,0,0,0
Normal,0,0,0,0.3539268374443054,0.43478989601135254,0.3770202398300171,0,0,0,0.5337602496147156,0.36464276909828186,0.775800347328186,0.7717181444168091,0,0.13685110211372375,0.1197686418890953,0,0,0,0.19869495928287506,0.3135279715061188,0,0,0,0,0,0,0,0,0,0.20502743124961853,0.21431435644626617,0,0,0,0,0,0,0.10393981635570526,0,0,0,0,0,0,0,0,0,0,0,0,0
Normal,0,0,0,0.2337767481803894,0.33047255873680115,0.28031182289123535,0,0,0,0.22490058839321136,0.1935741901397705,0.5204896330833435,0.5217208862304688,0,0.16456739604473114,0.15472206473350525,0,0,0,0.20386190712451935,0.32060688734054565,0,0,0,0,0,0,0,0,0,0.21574988961219788,0.2415907084941864,0,0,0,0,0,0,0.1614268571138382,0,0,0,0,0,0,0,0,0,0,0,0,0
Normal,0,0,0,0.18665826320648193,0.25840315222740173,0.25627976655960083,0,0,0,0.1498020887374878,0.13056528568267822,0.45253002643585205,0.44276055693626404,0,0.13111232221126556,0.12295719236135483,0,0,0,0.19030822813510895,0.23859988152980804,0,0,0,0,0,0,0,0,0,0.18790511786937714,0.2124461829662323,0,0,0,0,0,0,0.24110645055770874,0,0,0,0,0,0,0,0,0,0,0,0,0
Normal,0,0,0,0.16832545399665833,0.23976626992225647,0.24367830157279968,0,0,0,0.148899644613266,0.12073219567537308,0.44251593947410583,0.42988118529319763,0,0.12379729002714157,0.11764354258775711,0,0,0,0.20531073212623596,0.20754314959049225,0,0,0,0,0,0,0,0,0,0.20777805149555206,0.2260165512561798,0,0,0,0,0,0,0.2446133941411972,0,0,0,0,0,0,0,0,0,0,0,0,0
Normal,0,0,0,0.15338140726089478,0.260038286447525,0.2581624388694763,0,0,0,0.15433813631534576,0.103338323533535,0.38649338483810425,0.3820125460624695,0,0.1328812688589096,0.13251420855522156,0,0,0,0.19428862631320953,0.1798987090587616,0,0,0,0,0,0,0,0,0,0.20145174860954285,0.2237221747636795,0,0,0,0,0,0,0.22814124822616577,0,0,0,0,0,0,0,0,0,0,0,0,0
Normal,0,0,0,0.1812153309583664,0.2934640944004059,0.26762470602989197,0,0,0,0.1423107236623764,0.10366777330636978,0.4280937910079956,0.4112854599952698,0,0.10497384518384933,0.10963479429483414,0,0,0,0.19081014394760132,0.1854861080646515,0,0,0,0,0,0,0,0,0,0.15523694455623627,0.16614452004432678,0,0,0,0,0,0,0.256866455078125,0,0,0,0,0,0,0,0,0,0,0,0,0
Normal,0,0,0,0.18128152191638947,0.28184714913368225,0.24227620661258698,0,0,0,0.1484963744878769,0.10125415027141571,0.4061846137046814,0.3901524841785431,0,0.10783300548791885,0.11183948814868927,0,0,0,0.1860104352235794,0.2004656344652176,0,0,0,0,0,0,0,0,0,0.13944792747497559,0.14741353690624237,0,0,0,0,0,0,0.26568925380706787,0,0,0,0,0,0,0,0,0,0,0,0,0
Normal,0,0,0,0.1686093509197235,0.27302080392837524,0.24903522431850433,0,0,0,0.15144118666648865,0.10583067685365677,0.3953287899494171,0.3845634162425995,0,0.13132613897323608,0.13236841559410095,0,0,0,0.1950119435787201,0.2075105905532837,0,0,0,0,0,0,0,0,0,0.17916731536388397,0.19134308397769928,0,0,0,0,0,0,0.25567376613616943,0,0,0,0,0,0,0,0,0,0,0,0,0
Normal,0,0,0,0.17615513503551483,0.26549580693244934,0.2644367218017578,0,0,0,0.1462903618812561,0.11032409965991974,0.415534645318985,0.4095792770385742,0,0.13894140720367432,0.14808925986289978,0,0,0,0.19246919453144073,0.200142040848732,0,0,0,0,0,0,0,0,0,0.1632857471704483,0.18089769780635834,0,0,0,0,0,0,0.26874223351478577,0,0,0,0,0,0,0,0,0,0,0,0,0
Normal,0,0,0,0.18014055490493774,0.27405914664268494,0.25853875279426575,0,0,0,0.12970790266990662,0.11063628643751144,0.4473383128643036,0.4403914213180542,0,0.12055239081382751,0.12917442619800568,0,0,0,0.187406986951828,0.20416320860385895,0,0,0,0,0,0,0,0,0,0.1828637421131134,0.19983263313770294,0,0,0,0,0,0,0.2575169503688812,0,0,0,0,0,0,0,0,0,0,0,0,0
Normal,0,0,0,0.14119675755500793,0.27094751596450806,0.256930947303772,0,0,0,0.12937599420547485,0.10393574833869934,0.4511409401893616,0.44537803530693054,0,0.1333891600370407,0.13794496655464172,0,0,0,0.18340027332305908,0.1870572566986084,0,0,0,0,0,0,0,0,0,0.15850938856601715,0.168111652135849,0,0,0,0,0,0,0.23849605023860931,0,0,0,0,0,0,0,0,0,0,0,0,0
Normal,0,0,0,0.13769201934337616,0.25458571314811707,0.243990957736969,0,0,0,0.15252386033535004,0.12977534532546997,0.4438515305519104,0.44349896907806396,0,0.1288270652294159,0.13916082680225372,0,0,0,0.19364525377750397,0.20612141489982605,0,0,0,0,0,0,0,0,0,0.17896759510040283,0.19951987266540527,0,0,0,0,0,0,0.28954190015792847,0,0,0,0,0,0,0,0,0,0,0,0,0
Normal,0,0,0,0.384550541639328,0.5025913715362549,0.4114137589931488,0,0,0,0.48385366797447205,0.36571747064590454,0.7750200629234314,0.773659348487854,0,0.1648629605770111,0.14716336131095886,0,0,0,0.18129155039787292,0.3101390302181244,0,0,0,0,0,0,0,0,0,0.19209831953048706,0.20582371950149536,0,0,0,0,0,0,0.16294176876544952,0,0,0,0,0,0,0,0,0,0,0,0,0
Normal,0,0,0,0.34541594982147217,0.40678486227989197,0.3511578142642975,0,0,0,0.31620410084724426,0.24883604049682617,0.606097936630249,0.6049482822418213,0,0.15214352309703827,0.14309923350811005,0,0,0,0.18890731036663055,0.33178791403770447,0,0,0,0,0,0,0,0,0,0.20271429419517517,0.2254873663187027,0,0,0,0,0,0,0.16808761656284332,0,0,0,0,0,0,0,0,0,0,0,0,0
Normal,0,0,0,0.300727516412735,0.35942691564559937,0.3247412443161011,0,0,0,0.20077043771743774,0.15409953892230988,0.47884422540664673,0.47282806038856506,0,0.14930453896522522,0.1412302553653717,0,0,0,0.19580866396427155,0.26833146810531616,0,0,0,0,0,0,0,0,0,0.19747553765773773,0.2188415825366974,0,0,0,0,0,0,0.21920862793922424,0,0,0,0,0,0,0,0,0,0,0,0,0
Normal,0,0,0,0.2609576880931854,0.3236617147922516,0.2758387327194214,0,0,0,0.18898732960224152,0.14316219091415405,0.459392786026001,0.4457364082336426,0,0.14356067776679993,0.13651436567306519,0,0,0,0.19722364842891693,0.23659393191337585,0,0,0,0,0,0,0,0,0,0.15862545371055603,0.16543559730052948,0,0,0,0,0,0,0.24695998430252075,0,0,0,0,0,0,0,0,0,0,0,0,0
Normal,0,0,0,0.21059633791446686,0.3005426824092865,0.2523682117462158,0,0,0,0.1803576648235321,0.1316043883562088,0.44555485248565674,0.43673333525657654,0,0.14570827782154083,0.1415586918592453,0,0,0,0.19300119578838348,0.21297091245651245,0,0,0,0,0,0,0,0,0,0.16085028648376465,0.17154128849506378,0,0,0,0,0,0,0.32854434847831726,0,0,0,0,0,0,0,0,0,0,0,0,0
Normal,0,0,0,0.2113189697265625,0.3109152913093567,0.2525781989097595,0,0,0,0.1740289330482483,0.12636220455169678,0.4345450699329376,0.4240911602973938,0,0.13011939823627472,0.13170360028743744,0,0,0,0.1838037222623825,0.21432700753211975,0,0,0,0,0,0,0,0,0,0.1117352619767189,0.10648637264966965,0,0,0,0,0,0,0.37305936217308044,0,0,0,0,0,0,0,0,0,0,0,0,0
Normal,0,0,0,0.19534842669963837,0.2995794713497162,0.2586349844932556,0,0,0,0.17236094176769257,0.12074171751737595,0.42249998450279236,0.41351884603500366,0,0.12655577063560486,0.12871070206165314,0,0,0,0.19547170400619507,0.20790128409862518,0,0,0,0,0,0,0,0,0,0.14341646432876587,0.1460808515548706,0,0,0,0,0,0,0.3616274297237396,0,0,0,0,0,0,0,0,0,0,0,0,0
Normal,0,0,0,0.18937595188617706,0.3065439760684967,0.27451738715171814,0,0,0,0.15966220200061798,0.11193308979272842,0.39525824785232544,0.38526636362075806,0,0.12863361835479736,0.12566468119621277,0,0,0,0.19376100599765778,0.214514821767807,0,0,0,0,0,0,0,0,0,0.16499638557434082,0.16959142684936523,0,0,0,0,0,0,0.3227747678756714,0,0,0,0,0,0,0,0,0,0,0,0,0
Normal,0,0,0,0.2024488002061844,0.2929856777191162,0.2749609649181366,0,0,0,0.15973441302776337,0.10822618007659912,0.4013412594795227,0.3939040005207062,0,0.1362035721540451,0.13017433881759644,0,0,0,0.19016757607460022,0.2124614119529724,0,0,0,0,0,0,0,0,0,0.1661611944437027,0.18339107930660248,0,0,0,0,0,0,0.3361110985279083,0,0,0,0,0,0,0,0,0,0,0,0,0
Normal,0,0,0,0.21640673279762268,0.28736600279808044,0.283281534910202,0,0,0,0.15973815321922302,0.10586769133806229,0.40150827169418335,0.3925977945327759,0,0.13749779760837555,0.13371066749095917,0,0,0,0.19078657031059265,0.21193601191043854,0,0,0,0,0,0,0,0,0,0.15358029305934906,0.17183135449886322,0,0,0,0,0,0,0.2988662123680115,0,0,0,0,0,0,0,0,0,0,0,0,0
Normal,0,0,0,0.2013658732175827,0.28327178955078125,0.27637267112731934,0,0,0,0.15435975790023804,0.1032550260424614,0.39916184544563293,0.3908935487270355,0,0.14028914272785187,0.13578306138515472,0,0,0,0.1909034103155136,0.20441122353076935,0,0,0,0,0,0,0,0,0,0.1427479386329651,0.16427890956401825,0,0,0,0,0,0,0.2943836450576782,0,0,0,0,0,0,0,0,0,0,0,0,0
Normal,0,0,0,0.20024172961711884,0.2862725853919983,0.2765342593193054,0,0,0,0.14641889929771423,0.10328907519578934,0.41201940178871155,0.4048841893672943,0,0.13557422161102295,0.13309696316719055,0,0,0,0.18419329822063446,0.19563637673854828,0,0,0,0,0,0,0,0,0,0.14572808146476746,0.16758005321025848,0,0,0,0,0,0,0.3168400228023529,0,0,0,0,0,0,0,0,0,0,0,0,0
Normal,0,0,0,0.1674613058567047,0.2620028555393219,0.24878345429897308,0,0,0,0.14778649806976318,0.10942771285772324,0.3911401033401489,0.3776228427886963,0,0.1470174491405487,0.13955000042915344,0,0,0,0.18710322678089142,0.19280670583248138,0,0,0,0,0,0,0,0,0,0,0,0,0,0,0,0,0,0.2664930522441864,0,0,0,0,0,0,0,0,0,0,0,0,0
Normal,0,0,0,0.20489025115966797,0.2623441219329834,0.24395360052585602,0,0,0,0.16896678507328033,0.12135189026594162,0.4233412444591522,0.41029590368270874,0,0.156060591340065,0.14812007546424866,0,0,0,0.18887221813201904,0.19667905569076538,0,0,0,0,0,0,0,0,0,0.12025675177574158,0.13422240316867828,0,0,0,0,0,0,0.26917126774787903,0,0,0,0,0,0,0,0,0,0,0,0,0
Normal,0,0,0,0.4034174084663391,0.4891788065433502,0.4694496691226959,0,0,0,0.4862307608127594,0.4252783954143524,0.7573297023773193,0.7466334104537964,0,0.15554729104042053,0.13575893640518188,0,0,0,0.2330135554075241,0.26521700620651245,0,0,0,0,0,0,0,0,0,0.15001574158668518,0.14644576609134674,0,0,0,0,0,0,0.11829041689634323,0,0,0,0,0,0,0,0,0,0,0,0,0
Normal,0,0,0,0.36145925521850586,0.46293842792510986,0.39565402269363403,0,0,0,0.2545095980167389,0.16144181787967682,0.6124745607376099,0.6093478202819824,0,0.15339574217796326,0.14279060065746307,0,0,0,0.17691802978515625,0.25061556696891785,0,0,0,0,0,0,0,0,0,0.16144153475761414,0.1596347987651825,0,0,0,0,0,0,0.18163548409938812,0,0,0,0,0,0,0,0,0,0,0,0,0
Normal,0,0,0,0.2393970936536789,0.345085084438324,0.3202298581600189,0,0,0,0.18177680671215057,0.1501130610704422,0.4499019384384155,0.4411371350288391,0,0.14549274742603302,0.14566543698310852,0,0,0,0.20855478942394257,0.2369782030582428,0,0,0,0,0,0,0,0,0,0.1795697808265686,0.19625861942768097,0,0,0,0,0,0,0.21749374270439148,0,0,0,0,0,0,0,0,0,0,0,0,0
Normal,0,0,0,0.22030483186244965,0.3365741968154907,0.27209174633026123,0,0,0,0.18294766545295715,0.14663547277450562,0.46775558590888977,0.4600105583667755,0,0.1323331594467163,0.13466432690620422,0,0,0,0.19590109586715698,0.21776488423347473,0,0,0,0,0,0,0,0,0,0.2060350626707077,0.23765608668327332,0,0,0,0,0,0,0.22449058294296265,0,0,0,0,0,0,0,0,0,0,0,0,0
Normal,0,0,0,0.16205523908138275,0.29962027072906494,0.23819389939308167,0,0,0,0.19309619069099426,0.15509870648384094,0.44494181871414185,0.4377773404121399,0,0.15002726018428802,0.1489039957523346,0,0,0,0.20134097337722778,0.21860754489898682,0,0,0,0,0,0,0,0,0,0.18796071410179138,0.22043105959892273,0,0,0,0,0,0,0.23323245346546173,0,0,0,0,0,0,0,0,0,0,0,0,0
Normal,0,0,0,0.16379794478416443,0.26580607891082764,0.2276008576154709,0,0,0,0.18020491302013397,0.14354558289051056,0.4301603436470032,0.4251382052898407,0,0.1481361985206604,0.14967510104179382,0,0,0,0.1991448998451233,0.21805453300476074,0,0,0,0,0,0,0,0,0,0.20842857658863068,0.2375204861164093,0,0,0,0,0,0,0.23780116438865662,0,0,0,0,0,0,0,0,0,0,0,0,0
Normal,0,0,0,0.17734868824481964,0.28080594539642334,0.24111436307430267,0,0,0,0.1709168404340744,0.12651973962783813,0.42158231139183044,0.41261738538742065,0,0.14821957051753998,0.14172643423080444,0,0,0,0.1967099905014038,0.22435824573040009,0,0,0,0,0,0,0,0,0,0.15623551607131958,0.1747526228427887,0,0,0,0,0,0,0.3096140921115875,0,0,0,0,0,0,0,0,0,0,0,0,0
Normal,0,0,0,0.15075650811195374,0.2729211449623108,0.22041401267051697,0,0,0,0.16263431310653687,0.11377623677253723,0.41650980710983276,0.4104170501232147,0,0.14515084028244019,0.13941773772239685,0,0,0,0.19013816118240356,0.2185213714838028,0,0,0,0,0,0,0,0,0,0.1501900553703308,0.17421510815620422,0,0,0,0,0,0,0.32099682092666626,0,0,0,0,0,0,0,0,0,0,0,0,0
Normal,0,0,0,0.1542261838912964,0.27233773469924927,0.23483145236968994,0,0,0,0.15808795392513275,0.11459318548440933,0.4172409772872925,0.4155694246292114,0,0.1460132598876953,0.1439039707183838,0,0,0,0.1842156946659088,0.21437498927116394,0,0,0,0,0,0,0,0,0,0.16940242052078247,0.19864343106746674,0,0,0,0,0,0,0.3059346079826355,0,0,0,0,0,0,0,0,0,0,0,0,0
Normal,0,0,0,0.17086634039878845,0.27314332127571106,0.23115327954292297,0,0,0,0.1468835473060608,0,0.4269203245639801,0.42056670784950256,0,0.11310116201639175,0.11280173808336258,0,0,0,0.18733477592468262,0.2138970047235489,0,0,0,0,0,0,0,0,0,0.1743524670600891,0.19274790585041046,0,0,0,0,0,0,0.2981255054473877,0,0,0,0,0,0,0,0,0,0,0,0,0
Normal,0,0,0,0.17966414988040924,0.2781652510166168,0.23072753846645355,0,0,0,0.15277478098869324,0.1043701171875,0.42563396692276,0.41829317808151245,0,0,0,0,0,0,0.1762373000383377,0.23399831354618073,0,0,0,0,0,0,0,0,0,0.20748578011989594,0.2301740199327469,0,0,0,0,0,0,0.3024953603744507,0,0,0,0,0,0,0,0,0,0,0,0,0
Normal,0,0,0,0.17716872692108154,0.27610281109809875,0.24347516894340515,0,0,0,0.1627199649810791,0.10922136157751083,0.4197331964969635,0.41606074571609497,0,0,0.1002088412642479,0,0,0,0.19359439611434937,0.22110143303871155,0,0,0,0,0,0,0,0,0,0.2334364950656891,0.25538888573646545,0,0,0,0,0,0,0.36955776810646057,0,0,0,0,0,0,0,0,0,0,0,0,0
Normal,0,0,0,0.1751011461019516,0.27480265498161316,0.25038647651672363,0,0,0,0.15632560849189758,0.10897351801395416,0.4189465343952179,0.41559872031211853,0,0,0,0,0,0,0.17736759781837463,0.2168673425912857,0,0,0,0,0,0,0,0,0,0.21262548863887787,0.22965383529663086,0,0,0,0,0,0,0.34945186972618103,0,0,0,0,0,0,0,0,0,0,0,0,0
Normal,0,0,0,0.20438702404499054,0.2513057589530945,0.24442225694656372,0,0,0,0.18415267765522003,0.15804624557495117,0.48969024419784546,0.4848865866661072,0,0.1037340834736824,0.10620486736297607,0,0,0,0.20658886432647705,0.2758234441280365,0,0,0,0,0,0,0,0,0,0.1668589562177658,0.1738639920949936,0,0,0,0,0,0,0.2939823567867279,0,0,0,0,0,0,0,0,0,0,0,0,0
Normal,0,0,0,0.3944834768772125,0.440500408411026,0.36334821581840515,0,0,0,0.38159483671188354,0.3028121888637543,0.7279758453369141,0.7201324105262756,0,0.16180646419525146,0.14685262739658356,0,0,0,0.18955758213996887,0.3201359808444977,0,0,0,0,0,0,0,0,0,0.15802377462387085,0.14975428581237793,0,0,0,0,0,0,0.1386093944311142,0,0,0,0,0,0,0,0,0,0,0,0,0
Normal,0,0,0,0.2545626759529114,0.32741034030914307,0.3131353259086609,0,0,0,0.18093682825565338,0.14943142235279083,0.5057204961776733,0.48946624994277954,0,0.1363956332206726,0.1294732242822647,0,0,0,0.21693700551986694,0.2572386562824249,0,0,0,0,0,0,0,0,0,0.14935360848903656,0.15380756556987762,0,0,0,0,0,0,0.16532883048057556,0,0,0,0,0,0,0,0,0,0,0,0,0
Normal,0,0,0,0.21120662987232208,0.2694081664085388,0.2810470461845398,0,0,0,0.16857804358005524,0.13139940798282623,0.4428407847881317,0.42925629019737244,0,0.1315341293811798,0.12667250633239746,0,0,0,0.21211795508861542,0.2283020317554474,0,0,0,0,0,0,0,0,0,0.15021789073944092,0.15524615347385406,0,0,0,0,0,0,0.22782182693481445,0,0,0,0,0,0,0,0,0,0,0,0,0
Normal,0,0,0,0.20632977783679962,0.25947123765945435,0.26893889904022217,0,0,0,0.17238390445709229,0.12266091257333755,0.43245089054107666,0.42804139852523804,0,0.12727490067481995,0.12878210842609406,0,0,0,0.21554134786128998,0.20710696280002594,0,0,0,0,0,0,0,0,0,0.21375305950641632,0.23901747167110443,0,0,0,0,0,0,0.29303741455078125,0,0,0,0,0,0,0,0,0,0,0,0,0
Normal,0,0,0,0.17349781095981598,0.25460320711135864,0.2425873726606369,0,0,0,0.1592598557472229,0.1121634989976883,0.42147451639175415,0.4159393012523651,0,0.12945379316806793,0.12960438430309296,0,0,0,0.19597133994102478,0.20731790363788605,0,0,0,0,0,0,0,0,0,0.2103245109319687,0.23570634424686432,0,0,0,0,0,0,0.2555048167705536,0,0,0,0,0,0,0,0,0,0,0,0,0
Normal,0,0,0,0.17161031067371368,0.27454712986946106,0.24843592941761017,0,0,0,0.15756696462631226,0.11322754621505737,0.3992373049259186,0.39033421874046326,0,0.14169363677501678,0.13501223921775818,0,0,0,0.18383386731147766,0.21606256067752838,0,0,0,0,0,0,0,0,0,0.20003682374954224,0.2203388512134552,0,0,0,0,0,0,0.2701432406902313,0,0,0,0,0,0,0,0,0,0,0,0,0
Normal,0,0,0,0.2700575590133667,0.2974552512168884,0.29670554399490356,0,0,0,0.16399887204170227,0.10783638060092926,0.41424164175987244,0.4024924039840698,0,0.13038353621959686,0.12593798339366913,0,0,0,0.1919097602367401,0.21419143676757812,0,0,0,0,0,0,0,0,0,0.20907773077487946,0.23215177655220032,0,0,0,0,0,0,0.2686944603919983,0,0,0,0,0,0,0,0,0,0,0,0,0
Normal,0,0,0,0.23108913004398346,0.3040775954723358,0.29266372323036194,0,0,0,0.14629973471164703,0.10391543805599213,0.41592639684677124,0.4050287902355194,0,0.1299566626548767,0.12056263536214828,0,0,0,0.1754305362701416,0.2237558662891388,0,0,0,0,0,0,0,0,0,0.19528117775917053,0.21957188844680786,0,0,0,0,0,0,0.23939448595046997,0,0,0,0,0,0,0,0,0,0,0,0,0
Normal,0,0,0,0.17529116570949554,0.29453328251838684,0.2646198272705078,0,0,0,0.15164731442928314,0.10891640186309814,0.4131840467453003,0.4018511474132538,0,0.1448376625776291,0.13580170273780823,0,0,0,0.19158487021923065,0.22090649604797363,0,0,0,0,0,0,0,0,0,0.17938946187496185,0.19877304136753082,0,0,0,0,0,0,0.2126530557870865,0,0,0,0,0,0,0,0,0,0,0,0,0
Normal,0,0,0,0.15101076662540436,0.29452550411224365,0.2522334158420563,0,0,0,0.15407617390155792,0.11836200207471848,0.41184017062187195,0.40530791878700256,0,0.13316915929317474,0.13755400478839874,0,0,0,0.21159271895885468,0.20545603334903717,0,0,0,0,0,0,0,0,0,0.20119531452655792,0.2214985191822052,0,0,0,0,0,0,0.2287512868642807,0,0,0,0,0,0,0,0,0,0,0,0,0
Normal,0,0,0,0.16629062592983246,0.29682379961013794,0.26806628704071045,0,0,0,0.1486697793006897,0.1064707413315773,0.40787312388420105,0.39871519804000854,0,0.1150849461555481,0.1175680086016655,0,0,0,0.2024344801902771,0.1917521059513092,0,0,0,0,0,0,0,0,0,0.20560218393802643,0.22471721470355988,0,0,0,0,0,0,0.25294187664985657,0,0,0,0,0,0,0,0,0,0,0,0,0
Normal,0,0,0,0.16016827523708344,0.27892380952835083,0.23850618302822113,0,0,0,0.14749842882156372,0.11695842444896698,0.39432594180107117,0.3833633065223694,0,0.13179796934127808,0.12836262583732605,0,0,0,0.19989310204982758,0.20566807687282562,0,0,0,0,0,0,0,0,0,0.18340736627578735,0.20148730278015137,0,0,0,0,0,0,0.24677838385105133,0,0,0,0,0,0,0,0,0,0,0,0,0
Normal,0,0,0,0.16935397684574127,0.2890913486480713,0.2493041306734085,0,0,0,0.14497052133083344,0.11333893239498138,0.3995104730129242,0.38991469144821167,0,0.14189977943897247,0.14147233963012695,0,0,0,0.19397686421871185,0.20473071932792664,0,0,0,0,0,0,0,0,0,0.1704869419336319,0.18570804595947266,0,0,0,0,0,0,0.3106759786605835,0,0,0,0,0,0,0,0,0,0,0,0,0
Normal,0,0,0,0.17846561968326569,0.2981909215450287,0.27662932872772217,0,0,0,0.1423787772655487,0.11116895079612732,0.41282960772514343,0.4036298096179962,0,0.14173492789268494,0.13623905181884766,0,0,0,0.1897580623626709,0.20576919615268707,0,0,0,0,0,0,0,0,0,0.16390684247016907,0.18012002110481262,0,0,0,0,0,0,0.3012596070766449,0,0,0,0,0,0,0,0,0,0,0,0,0
Normal,0,0,0,0.17822995781898499,0.2872476279735565,0.280375599861145,0,0,0,0.1390404999256134,0.10640010237693787,0.41292789578437805,0.40208739042282104,0,0.1312725692987442,0.12544402480125427,0,0,0,0.19322983920574188,0.19747582077980042,0,0,0,0,0,0,0,0,0,0.17047059535980225,0.17954066395759583,0,0,0,0,0,0,0.2819654941558838,0,0,0,0,0,0,0,0,0,0,0,0,0
Normal,0,0,0,0.16565074026584625,0.2792201340198517,0.2444276064634323,0,0,0,0.14539030194282532,0.11569730937480927,0.4103343188762665,0.40287816524505615,0,0.14080390334129333,0.1382729709148407,0,0,0,0.19540610909461975,0.20512448251247406,0,0,0,0,0,0,0,0,0,0.17569448053836823,0.19661739468574524,0,0,0,0,0,0,0.28080832958221436,0,0,0,0,0,0,0,0,0,0,0,0,0
Normal,0,0,0,0.17774635553359985,0.301532119512558,0.2646350860595703,0,0,0,0.14223699271678925,0.10829200595617294,0.4005242586135864,0.3942100405693054,0,0.13834434747695923,0.13685378432273865,0,0,0,0.1937580555677414,0.20186619460582733,0,0,0,0,0,0,0,0,0,0.1659649908542633,0.188799187541008,0,0,0,0,0,0,0.3083290159702301,0,0,0,0,0,0,0,0,0,0,0,0,0
Normal,0,0,0,0.15570098161697388,0.2969711124897003,0.2541393041610718,0,0,0,0.14074520766735077,0.11213545501232147,0.3828240633010864,0.3776491582393646,0,0.14019037783145905,0.13945168256759644,0,0,0,0.19664525985717773,0.20558582246303558,0,0,0,0,0,0,0,0,0,0.14604516327381134,0.1616499125957489,0,0,0,0,0,0,0.35194826126098633,0,0,0,0,0,0,0,0,0,0,0,0,0
Normal,0,0,0,0.16594430804252625,0.27024322748184204,0.25379613041877747,0,0,0,0.15056656301021576,0.11566006392240524,0.39169660210609436,0.38524869084358215,0,0.1321466863155365,0.13514600694179535,0,0,0,0.2028014361858368,0.20995770394802094,0,0,0,0,0,0,0,0,0,0.15572354197502136,0.17568014562129974,0,0,0,0,0,0,0.3235994577407837,0,0,0,0,0,0,0,0,0,0,0,0,0
Normal,0,0,0,0.37162473797798157,0.5180500745773315,0.47203317284584045,0,0,0,0.4697081446647644,0.34084612131118774,0.7641394138336182,0.7604740858078003,0,0.12188281118869781,0.10493025928735733,0,0,0,0.19729629158973694,0.2950063645839691,0,0,0,0,0,0,0,0,0,0.15856997668743134,0.16740098595619202,0,0,0,0,0,0,0.21996936202049255,0,0,0,0,0,0,0,0,0,0,0,0,0
Normal,0,0,0,0.36494407057762146,0.48803359270095825,0.46207231283187866,0,0,0,0.314113974571228,0.26043957471847534,0.6485965251922607,0.6414121389389038,0,0.12825319170951843,0.1137407124042511,0,0,0,0.20226982235908508,0.28676334023475647,0,0,0,0,0,0,0,0,0,0.14832615852355957,0.1588156372308731,0,0,0,0,0,0,0.23334795236587524,0,0,0,0,0,0,0,0,0,0,0,0,0
Normal,0,0,0,0.3131205439567566,0.3935021758079529,0.40046438574790955,0,0,0,0.1882244050502777,0.1451265513896942,0.5118153691291809,0.5139029026031494,0,0.15658415853977203,0.1490938514471054,0,0,0,0.21467651426792145,0.2491510659456253,0,0,0,0,0,0,0,0,0,0.17438946664333344,0.19230428338050842,0,0,0,0,0,0,0.2728655934333801,0,0,0,0,0,0,0,0,0,0,0,0,0
Normal,0,0,0,0.25470662117004395,0.3297373652458191,0.3250962197780609,0,0,0,0.1693328619003296,0.10219770669937134,0.44805219769477844,0.4457720220088959,0,0.1631678193807602,0.15596851706504822,0,0,0,0.20970134437084198,0.1862664371728897,0,0,0,0,0,0,0,0,0,0.17298175394535065,0.1975264847278595,0,0,0,0,0,0,0.28922635316848755,0,0,0,0,0,0,0,0,0,0,0,0,0
Normal,0,0,0,0.1912665218114853,0.2789732813835144,0.2805926501750946,0,0,0,0.17165209352970123,0.11841898411512375,0.43245604634284973,0.430280476808548,0,0.15854878723621368,0.15511547029018402,0,0,0,0.1969841718673706,0.18408678472042084,0,0,0,0,0,0,0,0,0,0.16568510234355927,0.18730449676513672,0,0,0,0,0,0,0.3083053231239319,0,0,0,0,0,0,0,0,0,0,0,0,0
Normal,0,0,0,0.18168945610523224,0.2716413140296936,0.2708200514316559,0,0,0,0.17761588096618652,0.12200578302145004,0.4233461618423462,0.4194113314151764,0,0.14309290051460266,0.13875757157802582,0,0,0,0.19652090966701508,0.19192849099636078,0,0,0,0,0,0,0,0,0,0.1606784164905548,0.17465218901634216,0,0,0,0,0,0,0.3603465259075165,0,0,0,0,0,0,0,0,0,0,0,0,0
Normal,0,0,0,0.1778031885623932,0.27497753500938416,0.2682499289512634,0,0,0,0.1704520583152771,0.12378992140293121,0.4227488934993744,0.41854041814804077,0,0.13216786086559296,0.13564136624336243,0,0,0,0.196607306599617,0.2062205821275711,0,0,0,0,0,0,0,0,0,0.1547669917345047,0.15316560864448547,0,0,0,0,0,0,0.34835487604141235,0,0,0,0,0,0,0,0,0,0,0,0,0
Normal,0,0,0,0.18782301247119904,0.28789597749710083,0.252189964056015,0,0,0,0.15587221086025238,0.10064514726400375,0.396016001701355,0.3901490271091461,0,0.12642411887645721,0.1351919323205948,0,0,0,0.18855400383472443,0.17796558141708374,0,0,0,0,0,0,0,0,0,0.13340675830841064,0.14738571643829346,0,0,0,0,0,0,0.4238841235637665,0,0,0,0,0,0,0,0,0,0,0,0,0
Normal,0,0,0,0.2091413140296936,0.27133795619010925,0.25569573044776917,0,0,0,0.17325128614902496,0.11728768050670624,0.3464031219482422,0.34769436717033386,0,0.14988864958286285,0.15721869468688965,0,0,0,0.22708061337471008,0.21161781251430511,0,0,0,0,0,0,0,0,0,0.12265083193778992,0.13889233767986298,0,0,0,0,0,0,0.36023879051208496,0,0,0,0,0,0,0,0,0,0,0,0,0
Normal,0,0,0,0.1860884428024292,0.2548310458660126,0.2416197806596756,0,0,0,0.18137016892433167,0.12449206411838531,0.342870831489563,0.3455626964569092,0,0.161893829703331,0.16500256955623627,0,0,0,0.22411221265792847,0.22657866775989532,0,0,0,0,0,0,0,0,0,0.14042143523693085,0.1554878056049347,0,0,0,0,0,0,0.31692323088645935,0,0,0,0,0,0,0,0,0,0,0,0,0
Normal,0,0,0,0.17169366776943207,0.26782265305519104,0.2501595914363861,0,0,0,0.15126070380210876,0.11239728331565857,0.35320529341697693,0.35361266136169434,0,0.15403088927268982,0.1476280242204666,0,0,0,0.20818619430065155,0.21568378806114197,0,0,0,0,0,0,0,0,0,0.15009206533432007,0.16857419908046722,0,0,0,0,0,0,0.31549569964408875,0,0,0,0,0,0,0,0,0,0,0,0,0
Normal,0,0,0,0.1696712225675583,0.24617600440979004,0.2091054767370224,0,0,0,0.14910699427127838,0.12372298538684845,0.3690453767776489,0.36250922083854675,0,0.12153459340333939,0.12315826117992401,0,0,0,0.19760389626026154,0.23044301569461823,0,0,0,0,0,0,0,0,0,0,0,0,0,0,0,0,0,0.36999690532684326,0,0,0,0,0,0,0,0,0,0,0,0,0
Normal,0,0,0,0.17759011685848236,0.25017404556274414,0.2303769588470459,0,0,0,0.15721134841442108,0.1261342614889145,0.3649682104587555,0.3625063896179199,0,0.11748355627059937,0.1236284151673317,0,0,0,0.21877019107341766,0.22345224022865295,0,0,0,0,0,0,0,0,0,0.13780814409255981,0.14661581814289093,0,0,0,0,0,0,0.34521082043647766,0,0,0,0,0,0,0,0,0,0,0,0,0
Normal,0,0,0,0.1749592423439026,0.2540232241153717,0.23615267872810364,0,0,0,0.15256008505821228,0.11456386744976044,0.34097784757614136,0.3438072204589844,0,0.11348694562911987,0.12039065361022949,0,0,0,0.22934173047542572,0.21990348398685455,0,0,0,0,0,0,0,0,0,0.1330031156539917,0.14292599260807037,0,0,0,0,0,0,0.3843212127685547,0,0,0,0,0,0,0,0,0,0,0,0,0
Normal,0,0,0,0.1775222271680832,0.25794824957847595,0.2538086175918579,0,0,0,0.14723335206508636,0.10851355642080307,0.3810064196586609,0.37700799107551575,0,0.10720883309841156,0.11528922617435455,0,0,0,0.2115858793258667,0.18293622136116028,0,0,0,0,0,0,0,0,0,0.11299680918455124,0.12282498180866241,0,0,0,0,0,0,0.44353991746902466,0,0,0,0,0,0,0,0,0,0,0,0,0
Normal,0,0,0,0.20717240869998932,0.2806953489780426,0.2592136859893799,0,0,0,0.14455586671829224,0,0.3770869970321655,0.36837273836135864,0,0.11031027883291245,0.11837726086378098,0,0,0,0.2234399914741516,0.18532228469848633,0,0,0,0,0,0,0,0,0,0,0,0,0,0,0,0,0,0.3676653504371643,0,0,0,0,0,0,0,0,0,0,0,0,0
Normal,0,0,0,0.17967505753040314,0.2819690704345703,0.2472650110721588,0,0,0,0.13635092973709106,0,0.3967888355255127,0.3876483142375946,0,0.12051951140165329,0.1263541877269745,0,0,0,0.21119792759418488,0.19790637493133545,0,0,0,0,0,0,0,0,0,0.1114535927772522,0.11994755268096924,0,0,0,0,0,0,0.36434751749038696,0,0,0,0,0,0,0,0,0,0,0,0,0
Normal,0,0,0,0.18545646965503693,0.27934783697128296,0.268086314201355,0,0,0,0.13952940702438354,0.10724581032991409,0.38216373324394226,0.37757882475852966,0,0.130075141787529,0.13272510468959808,0,0,0,0.2304992973804474,0.2137131243944168,0,0,0,0,0,0,0,0,0,0.11462125182151794,0.1299421787261963,0,0,0,0,0,0,0.43073371052742004,0,0,0,0,0,0,0,0,0,0,0,0,0
Normal,0,0,0,0.21036545932292938,0.2848396599292755,0.30542999505996704,0,0,0,0.1378595530986786,0.1084010899066925,0.3837292492389679,0.37898725271224976,0,0.14131098985671997,0.135263130068779,0,0,0,0.24028128385543823,0.22287878394126892,0,0,0,0,0,0,0,0,0,0.10405780375003815,0.11325795203447342,0,0,0,0,0,0,0.39426273107528687,0,0,0,0,0,0,0,0,0,0,0,0,0
Normal,0,0,0,0.20688629150390625,0.27544981241226196,0.2767271399497986,0,0,0,0.13388177752494812,0.10245443880558014,0.3617505133152008,0.3567149043083191,0,0.12968888878822327,0.12806284427642822,0,0,0,0.2614913582801819,0.21856814622879028,0,0,0,0,0,0,0,0,0,0,0,0,0,0,0,0,0,0.3948226571083069,0,0,0,0,0,0,0,0,0,0,0,0,0
Normal,0,0,0,0.20921927690505981,0.2711370885372162,0.2470710128545761,0,0,0,0.10836123675107956,0,0.35378459095954895,0.3441031277179718,0,0.13090921938419342,0.12803733348846436,0,0,0,0.22908885776996613,0.19644372165203094,0,0,0,0,0,0,0,0,0,0,0,0,0,0,0,0,0,0.3102931082248688,0,0,0,0,0,0,0,0,0,0,0,0,0
Normal,0,0,0,0.23485644161701202,0.3375968337059021,0.34331241250038147,0,0,0,0.14682337641716003,0.13885971903800964,0.45678913593292236,0.4486367106437683,0,0.1706368774175644,0.16314420104026794,0,0,0,0.2276623696088791,0.23595838248729706,0,0,0,0,0,0,0,0,0,0.12453679740428925,0.12949036061763763,0,0,0,0,0,0,0.25234830379486084,0,0,0,0,0,0,0,0,0,0,0,0,0
Normal,0,0,0,0.25074031949043274,0.33637481927871704,0.34704434871673584,0,0,0,0.1713717132806778,0.14059485495090485,0.4587255120277405,0.45880815386772156,0,0.12782950699329376,0.12959948182106018,0,0,0,0.21825557947158813,0.22535929083824158,0,0,0,0,0,0,0,0,0,0.186420738697052,0.21385027468204498,0,0,0,0,0,0,0.2508445680141449,0,0,0,0,0,0,0,0,0,0,0,0,0
Normal,0,0,0,0.29275158047676086,0.36539170145988464,0.32310858368873596,0,0,0,0.4264824390411377,0.3140043616294861,0.6696529388427734,0.6660984754562378,0,0.1729968935251236,0.1587405949831009,0,0,0,0.21559058129787445,0.32100629806518555,0,0,0,0,0,0,0,0,0,0.13018299639225006,0.13728316128253937,0,0,0,0,0,0,0.20754064619541168,0,0,0,0,0,0,0,0,0,0,0,0,0
Normal,0,0,0,0.2576090097427368,0.3033861815929413,0.3444174826145172,0,0,0,0.18603596091270447,0.12645886838436127,0.4604477286338806,0.4579245150089264,0,0.11891704797744751,0.13919296860694885,0,0,0,0.21216042339801788,0.23971553146839142,0,0,0,0,0,0,0,0,0,0.10141784697771072,0.10121355950832367,0,0,0,0,0,0,0.23893432319164276,0,0,0,0,0,0,0,0,0,0,0,0,0
Normal,0,0,0,0.23961953818798065,0.26483064889907837,0.2941879332065582,0,0,0,0.1643233597278595,0.11223206669092178,0.4165107011795044,0.4066992700099945,0,0.1425427496433258,0.15262597799301147,0,0,0,0.22017733752727509,0.2307819426059723,0,0,0,0,0,0,0,0,0,0,0,0,0,0,0,0,0,0.21676209568977356,0,0,0,0,0,0,0,0,0,0,0,0,0
Normal,0,0,0,0.2003081887960434,0.24854052066802979,0.24431224167346954,0,0,0,0.16381345689296722,0.1138162687420845,0.38507530093193054,0.3710348606109619,0,0.13280175626277924,0.13214436173439026,0,0,0,0.23948435485363007,0.23350413143634796,0,0,0,0,0,0,0,0,0,0,0,0,0,0,0,0,0,0.21551772952079773,0,0,0,0,0,0,0,0,0,0,0,0,0
Normal,0,0,0,0.2348964810371399,0.28216663002967834,0.28976866602897644,0,0,0,0.1462506204843521,0,0.3363245129585266,0.33194196224212646,0,0.16190844774246216,0.15491758286952972,0,0,0,0.2240104228258133,0.2137097269296646,0,0,0,0,0,0,0,0,0,0.10245159268379211,0,0,0,0,0,0,0,0.24206888675689697,0,0,0,0,0,0,0,0,0,0,0,0,0
Normal,0,0,0,0.20831359922885895,0.2987349331378937,0.32583969831466675,0,0,0,0.13405932486057281,0,0.34125855565071106,0.33664339780807495,0,0.1831165850162506,0.17504176497459412,0,0,0,0.21192818880081177,0.17311090230941772,0,0,0,0,0,0,0,0,0,0,0,0,0,0,0,0,0,0.2124868929386139,0,0,0,0,0,0,0,0,0,0,0,0,0
Normal,0,0,0,0.20123781263828278,0.2775968015193939,0.31560030579566956,0,0,0,0.13430675864219666,0,0.3546304702758789,0.3498757779598236,0,0.17715579271316528,0.17265236377716064,0,0,0,0.20771442353725433,0.17324824631214142,0,0,0,0,0,0,0,0,0,0.10020960867404938,0.10428056120872498,0,0,0,0,0,0,0.20631645619869232,0,0,0,0,0,0,0,0,0,0,0,0,0
Normal,0,0,0,0.21350495517253876,0.27394935488700867,0.316047728061676,0,0,0,0.1333489716053009,0,0.3749447762966156,0.36786091327667236,0,0.15793709456920624,0.15496651828289032,0,0,0,0.21273872256278992,0.1606864035129547,0,0,0,0,0,0,0,0,0,0.10730434209108353,0.12400435656309128,0,0,0,0,0,0,0.2275104522705078,0,0,0,0,0,0,0,0,0,0,0,0,0
Normal,0,0,0,0.1940481960773468,0.2693314850330353,0.28333359956741333,0,0,0,0.1342627853155136,0,0.3741738200187683,0.3669310510158539,0,0.16643008589744568,0.16490720212459564,0,0,0,0.21202684938907623,0.17516107857227325,0,0,0,0,0,0,0,0,0,0.11393199115991592,0.1290007084608078,0,0,0,0,0,0,0.209493950009346,0,0,0,0,0,0,0,0,0,0,0,0,0
Normal,0,0,0,0.48802146315574646,0.4976961612701416,0.387843519449234,0,0,0,0.5434547066688538,0.38070571422576904,0.805194079875946,0.7949917316436768,0,0.1238638386130333,0.10465238243341446,0,0,0,0.19013163447380066,0.224111407995224,0,0,0,0,0,0,0,0,0,0.10557562857866287,0,0,0,0,0,0,0,0.16493536531925201,0,0,0,0,0,0,0,0,0,0,0,0,0
Normal,0,0,0,0.5840065479278564,0.5752228498458862,0.5220650434494019,0,0,0,0.580184817314148,0.4171242117881775,0.8474633693695068,0.8395081758499146,0,0,0,0,0,0,0.17933771014213562,0.229439377784729,0,0,0,0,0,0,0,0,0,0.10607574880123138,0,0,0,0,0,0,0,0.1904052346944809,0,0,0,0,0,0,0,0,0,0,0,0,0
Normal,0,0,0,0.5911051034927368,0.6053282022476196,0.5119690895080566,0,0,0,0.6786646842956543,0.40099456906318665,0.8419882655143738,0.8425524234771729,0,0.17457275092601776,0.1574009209871292,0,0,0,0.21409539878368378,0.30374979972839355,0,0,0,0,0,0,0,0,0,0.10322142392396927,0.10699906945228577,0,0,0,0,0,0,0.2050696462392807,0,0,0,0,0,0,0,0,0,0,0,0,0
Normal,0,0,0,0.5779711604118347,0.5943001508712769,0.58414626121521,0,0,0,0.627903938293457,0.42229416966438293,0.830020546913147,0.828269898891449,0,0.1843608319759369,0.16757434606552124,0,0,0,0.2462455928325653,0.27598968148231506,0,0,0,0,0,0,0,0,0,0,0,0,0,0,0,0,0,0.15424540638923645,0,0,0,0,0,0,0,0,0,0,0,0,0
Normal,0,0,0,0.5449174046516418,0.6558187007904053,0.625335156917572,0,0,0,0.6413393020629883,0.4871673583984375,0.837201714515686,0.8364837169647217,0,0.17966969311237335,0.1578243225812912,0,0,0,0.24321188032627106,0.25593143701553345,0,0,0,0,0,0,0,0,0,0,0,0,0,0,0,0,0,0.3213801681995392,0,0,0,0,0.11368084698915482,0,0,0,0,0,0,0,0
Normal,0,0,0,0.5690760612487793,0.659977912902832,0.6570233702659607,0,0,0,0.4079377055168152,0.3842707872390747,0.7698898315429688,0.7498343586921692,0.1157025471329689,0,0,0,0,0,0.27564316987991333,0.23497971892356873,0,0,0,0,0,0,0,0,0,0,0,0,0,0,0,0,0,0,0,0,0,0,0,0,0,0,0,0,0,0,0
Normal,0,0,0,0.556041419506073,0.6436580419540405,0.5966264605522156,0,0,0,0.5013793706893921,0.3652213215827942,0.8316472172737122,0.8226970434188843,0.13801582157611847,0,0,0.12365350127220154,0,0,0.2683171331882477,0.3118889629840851,0,0,0,0,0,0,0,0,0,0,0,0,0,0,0,0,0,0.10034959018230438,0,0,0,0,0,0,0,0,0,0,0,0,0
Normal,0,0,0,0.5439074635505676,0.7058894634246826,0.6295175552368164,0,0,0,0.4207318425178528,0.3212577998638153,0.8305491805076599,0.8188389539718628,0,0,0,0,0,0,0.23110999166965485,0.27676668763160706,0,0,0,0,0,0,0,0,0,0,0,0,0,0,0,0,0,0.13796669244766235,0,0,0,0,0,0,0,0,0,0,0,0,0
Normal,0,0,0,0.50532466173172,0.6512287855148315,0.5901725888252258,0,0,0,0.4331623613834381,0.3530385196208954,0.8253205418586731,0.8104629516601562,0.11680790036916733,0,0,0,0,0,0.24830679595470428,0.3004336357116699,0,0,0,0,0,0,0,0,0,0,0,0,0,0,0,0,0,0,0,0,0,0,0,0,0,0,0,0,0,0,0
Normal,0,0,0,0.25965937972068787,0.3010745644569397,0.3504134714603424,0,0,0,0.16573020815849304,0,0.30307742953300476,0.2977839410305023,0,0.21700038015842438,0.2053745687007904,0,0,0,0.2535703778266907,0.33251920342445374,0,0,0,0,0,0,0,0,0,0,0,0,0,0,0,0,0,0.17315621674060822,0,0,0,0,0,0,0,0,0,0,0,0,0
Normal,0,0,0,0.21585187315940857,0.2216840535402298,0.3498736321926117,0,0,0,0.10562539100646973,0,0.3057470917701721,0.3110444247722626,0,0.28278547525405884,0.25637751817703247,0,0,0,0.2211730033159256,0.18591485917568207,0,0,0,0,0,0,0,0,0,0,0,0,0,0,0,0,0,0.2108219563961029,0,0,0,0,0,0,0,0,0,0,0,0,0
Normal,0,0,0,0.2532351613044739,0.2538801431655884,0.4009416997432709,0,0,0,0.11531306058168411,0,0.34048065543174744,0.33773013949394226,0,0.20053459703922272,0.185085728764534,0,0,0,0.20766302943229675,0.1989031881093979,0,0,0,0,0,0,0,0,0,0,0,0,0,0,0,0,0,0.22669737040996552,0,0,0,0,0,0,0,0,0,0,0,0,0
Normal,0,0,0,0.2653059661388397,0.2643861770629883,0.38524508476257324,0,0,0,0.10214606672525406,0,0.34615206718444824,0.34328484535217285,0,0.19197869300842285,0.1798941195011139,0,0,0,0.21228572726249695,0.17602510750293732,0,0,0,0,0,0,0,0,0,0.10536150634288788,0.11738945543766022,0,0,0,0,0,0,0.2810024917125702,0,0,0,0,0,0,0,0,0,0,0,0,0
Normal,0,0,0,0.3048533499240875,0.2837430238723755,0.351454496383667,0,0,0,0.1131768524646759,0,0.351624071598053,0.34192606806755066,0,0.20763836801052094,0.18877126276493073,0,0,0,0.21573372185230255,0.1943124383687973,0,0,0,0,0,0,0,0,0,0,0,0,0,0,0,0,0,0.2107759714126587,0,0,0,0,0,0,0,0,0,0,0,0,0
Normal,0,0,0,0.30672985315322876,0.2896761894226074,0.3860512673854828,0,0,0,0,0,0.3650800883769989,0.36299291253089905,0,0.2604011595249176,0.2346443086862564,0,0,0,0.16932523250579834,0.18499121069908142,0,0,0,0,0,0,0,0,0,0.10557276755571365,0.10974518209695816,0,0,0,0,0,0,0.22943204641342163,0,0,0,0,0,0,0,0,0,0,0,0,0
Normal,0,0,0,0.25643301010131836,0.29927799105644226,0.37615999579429626,0,0,0,0.12066320329904556,0,0.3663119971752167,0.369401216506958,0,0.24063894152641296,0.23042172193527222,0,0,0,0.2014521062374115,0.18914641439914703,0,0,0,0,0,0,0,0,0,0.12831218540668488,0.14933094382286072,0,0,0,0,0,0,0.2920267879962921,0,0,0,0,0,0,0,0,0,0,0,0,0
Normal,0,0,0,0.2388085573911667,0.2846173048019409,0.34330615401268005,0,0,0,0.11583505570888519,0,0.36597394943237305,0.3705543279647827,0,0.26410365104675293,0.24643725156784058,0,0,0,0.19797566533088684,0.19595138728618622,0,0,0,0,0,0,0,0,0,0,0,0,0,0,0,0,0,0.329097181558609,0,0,0,0,0,0,0,0,0,0,0,0,0
Normal,0,0,0,0.23814238607883453,0.26862356066703796,0.33541372418403625,0,0,0,0.1046261191368103,0,0.3656295835971832,0.3609418272972107,0,0.20621411502361298,0.1966516226530075,0,0,0,0.20138168334960938,0.19098210334777832,0,0,0,0,0,0,0,0,0,0.11016447842121124,0.11155276000499725,0,0,0,0,0,0,0.2439344972372055,0,0,0,0,0,0,0,0,0,0,0,0,0
Normal,0,0,0,0.24920545518398285,0.2926473021507263,0.3573053479194641,0,0,0,0.10604310780763626,0,0.34925374388694763,0.3483907878398895,0,0.19155119359493256,0.1852845996618271,0,0,0,0.19809626042842865,0.19428899884223938,0,0,0,0,0,0,0,0,0,0.13167668879032135,0.13695526123046875,0,0,0,0,0,0,0.23894785344600677,0,0,0,0,0,0,0,0,0,0,0,0,0
Normal,0,0,0,0.22469501197338104,0.2894551157951355,0.36350858211517334,0,0,0,0.10535118728876114,0,0.3539612591266632,0.3516309857368469,0,0.20332327485084534,0.19530782103538513,0,0,0,0.19821569323539734,0.19138690829277039,0,0,0,0,0,0,0,0,0,0.11896144598722458,0.1309829205274582,0,0,0,0,0,0,0.22875407338142395,0,0,0,0,0,0,0,0,0,0,0,0,0
Normal,0,0,0,0.18908610939979553,0.28595659136772156,0.33736473321914673,0,0,0,0.10290326923131943,0,0.3462320864200592,0.3476283848285675,0,0.2131737917661667,0.20487113296985626,0,0,0,0.19513960182666779,0.18938331305980682,0,0,0,0,0,0,0,0,0,0.10126582533121109,0.11053874343633652,0,0,0,0,0,0,0.2744540274143219,0,0,0,0,0,0,0,0,0,0,0,0,0
Normal,0,0,0,0.18731287121772766,0.2737003564834595,0.29735052585601807,0,0,0,0.10714513808488846,0,0.3437352180480957,0.34304383397102356,0,0.2167593389749527,0.20824812352657318,0,0,0,0.1921750009059906,0.21123044192790985,0,0,0,0,0,0,0,0,0,0.1358402818441391,0.1435314267873764,0,0,0,0,0,0,0.275760680437088,0,0,0,0,0,0,0,0,0,0,0,0,0
Normal,0,0,0,0.1908058375120163,0.2673884630203247,0.2896915078163147,0,0,0,0.10879083722829819,0,0.354739785194397,0.35639965534210205,0,0.20765802264213562,0.2023639976978302,0,0,0,0.19100309908390045,0.20429444313049316,0,0,0,0,0,0,0,0,0,0.1222173422574997,0.12952111661434174,0,0,0,0,0,0,0.2691013216972351,0,0,0,0,0,0,0,0,0,0,0,0,0
Normal,0,0,0,0.1902696043252945,0.29460471868515015,0.3215460777282715,0,0,0,0.10911291837692261,0,0.3440629243850708,0.3436073660850525,0,0.19646607339382172,0.1886080801486969,0,0,0,0.18835127353668213,0.1999100297689438,0,0,0,0,0,0,0,0,0,0,0,0,0,0,0,0,0,0.26218247413635254,0,0,0,0,0,0,0,0,0,0,0,0,0
Normal,0,0,0,0.1986626833677292,0.30037835240364075,0.33512938022613525,0,0,0,0.10758878290653229,0,0.3448694348335266,0.3435251712799072,0,0.14991231262683868,0.1544942408800125,0,0,0,0.1836034208536148,0.19701454043388367,0,0,0,0,0,0,0,0,0,0.10052072256803513,0.11125398427248001,0,0,0,0,0,0,0.2627735435962677,0,0,0,0,0,0,0,0,0,0,0,0,0
Normal,0,0,0,0.18088474869728088,0.3057902455329895,0.3361211121082306,0,0,0,0.12465374171733856,0,0.33104702830314636,0.3369082808494568,0,0.15149447321891785,0.15904146432876587,0,0,0,0.1958850473165512,0.21142272651195526,0,0,0,0,0,0,0,0,0,0,0.11136917024850845,0,0,0,0,0,0,0.30900683999061584,0,0,0,0,0,0,0,0,0,0,0,0,0
Normal,0,0,0,0.1779656708240509,0.26524612307548523,0.3156178891658783,0,0,0,0.12903277575969696,0,0.33418408036231995,0.3477824032306671,0,0.17257721722126007,0.17818893492221832,0,0,0,0.19959241151809692,0.17127622663974762,0,0,0,0,0,0,0,0,0,0.16884849965572357,0.2120564728975296,0,0,0,0,0,0,0.3053290843963623,0,0,0,0,0,0,0,0,0,0,0,0,0
Normal,0,0,0,0.20227482914924622,0.2994166612625122,0.35262641310691833,0,0,0,0.11811794340610504,0,0.34278902411460876,0.346047580242157,0,0.15226493775844574,0.1640143096446991,0,0,0,0.1929216831922531,0.13250446319580078,0,0,0,0,0,0,0,0,0,0,0.11073046922683716,0,0,0,0,0,0,0.1962377279996872,0,0,0,0,0,0,0,0,0,0,0,0,0
Normal,0,0,0,0.20225270092487335,0.24075137078762054,0.3378881514072418,0,0,0,0.15862947702407837,0,0.33041536808013916,0.3421425521373749,0,0.14305537939071655,0.15681134164333344,0,0,0,0.21785789728164673,0.15725602209568024,0,0,0,0,0,0,0,0,0,0.15318290889263153,0.17375831305980682,0,0,0,0,0,0,0.26407262682914734,0,0,0,0,0,0,0,0,0,0,0,0,0
Normal,0,0,0,0.19152404367923737,0.2541448175907135,0.32749736309051514,0,0,0,0.1540619134902954,0,0.35298749804496765,0.35184168815612793,0,0.2021787017583847,0.19470298290252686,0,0,0,0.2072889357805252,0.1778961420059204,0,0,0,0,0,0,0,0,0,0.12893597781658173,0.1399029940366745,0,0,0,0,0,0,0.2410907745361328,0,0,0,0,0,0,0,0,0,0,0,0,0
Normal,0,0,0,0.18305206298828125,0.26382243633270264,0.3141176998615265,0,0,0,0.15232090651988983,0,0.35379451513290405,0.35252878069877625,0,0.2131139189004898,0.20390376448631287,0,0,0,0.19462527334690094,0.18926052749156952,0,0,0,0,0,0,0,0,0,0.11717678606510162,0.12070724368095398,0,0,0,0,0,0,0.2486201971769333,0,0,0,0,0,0,0,0,0,0,0,0,0
Normal,0,0,0,0.1874576359987259,0.2615545690059662,0.3123798966407776,0,0,0,0.15182574093341827,0,0.34802746772766113,0.3485933840274811,0,0.18864482641220093,0.18365097045898438,0,0,0,0.20441444218158722,0.17979876697063446,0,0,0,0,0,0,0,0,0,0.1231454461812973,0.12922373414039612,0,0,0,0,0,0,0.26063162088394165,0,0,0,0,0,0,0,0,0,0,0,0,0
Normal,0,0,0,0.2834664285182953,0.37778565287590027,0.4194198548793793,0,0,0,0.2769138813018799,0.2297964096069336,0.6037553548812866,0.6054244041442871,0,0.132105752825737,0.12951011955738068,0,0,0,0.17794163525104523,0.27693429589271545,0,0,0,0,0,0,0,0,0,0.10397166013717651,0,0,0,0,0,0,0,0.1990511119365692,0,0,0,0,0,0,0,0,0,0,0,0,0
Normal,0,0,0,0.3351898789405823,0.4274647831916809,0.42476028203964233,0,0,0,0.26243236660957336,0.20459933578968048,0.6068860292434692,0.6042245626449585,0,0.14985817670822144,0.13916140794754028,0,0,0,0.1823941171169281,0.2771868109703064,0,0,0,0,0,0,0,0,0,0.12283330410718918,0.12289764732122421,0,0,0,0,0,0,0.19323132932186127,0,0,0,0,0,0,0,0,0,0,0,0,0
Normal,0,0,0,0.36688774824142456,0.4305201768875122,0.423252671957016,0,0,0,0.26123562455177307,0.19438989460468292,0.5996763706207275,0.5982205867767334,0,0.12825754284858704,0.12312132120132446,0,0,0,0.19439350068569183,0.2779133915901184,0,0,0,0,0,0,0,0,0,0.17323802411556244,0.1716286540031433,0,0,0,0,0,0,0.17178884148597717,0,0,0,0,0,0,0,0,0,0,0,0,0
Normal,0,0,0,0.3982319235801697,0.44518330693244934,0.47136881947517395,0,0,0,0.24496255815029144,0.19771412014961243,0.6102901697158813,0.608582615852356,0,0.123347707092762,0.11514776945114136,0,0,0,0.1909911334514618,0.2670650780200958,0,0,0,0,0,0,0,0,0,0.15884840488433838,0.1590820550918579,0,0,0,0,0,0,0.1934359222650528,0,0,0,0,0,0,0,0,0,0,0,0,0
Normal,0,0,0,0.4350088834762573,0.483911395072937,0.5127819776535034,0,0,0,0.2656016945838928,0.1921393871307373,0.6416043043136597,0.6434845924377441,0,0.12113111466169357,0.11596737802028656,0,0,0,0.18108119070529938,0.251202791929245,0,0,0,0,0,0,0,0,0,0.15097099542617798,0.15830905735492706,0,0,0,0,0,0,0.2031671404838562,0,0,0,0,0,0,0,0,0,0,0,0,0
Normal,0,0,0,0.37637659907341003,0.43033933639526367,0.4747014343738556,0,0,0,0.2911352217197418,0.19591186940670013,0.6436508297920227,0.6512634754180908,0,0.1432698518037796,0.13599218428134918,0,0,0,0.17921067774295807,0.2496107816696167,0,0,0,0,0,0,0,0,0,0.17864495515823364,0.18747498095035553,0,0,0,0,0,0,0.22399981319904327,0,0,0,0,0,0,0,0,0,0,0,0,0
Normal,0,0,0,0.3790999948978424,0.43436160683631897,0.45538148283958435,0,0,0,0.28682416677474976,0.2158496379852295,0.6693055033683777,0.6679101586341858,0,0.13686113059520721,0.1289496123790741,0,0,0,0.17691059410572052,0.24049222469329834,0,0,0,0,0,0,0,0,0,0.10757166892290115,0.10178299248218536,0,0,0,0,0,0,0.18602149188518524,0,0,0,0,0,0,0,0,0,0,0,0,0
Normal,0,0,0,0.4114983379840851,0.46689826250076294,0.4770883321762085,0,0,0,0.30622562766075134,0.23235632479190826,0.6550793647766113,0.6543189287185669,0,0.17804786562919617,0.17096349596977234,0,0,0,0.21595783531665802,0.2346077263355255,0,0,0,0,0,0,0,0,0,0.1410064846277237,0.1397208869457245,0,0,0,0,0,0,0.16055217385292053,0,0,0,0,0,0,0,0,0,0,0,0,0
Normal,0,0,0,0.44253408908843994,0.4399597644805908,0.4934292137622833,0,0,0,0.2779233157634735,0.1817145198583603,0.6426750421524048,0.6435073614120483,0,0.11159577965736389,0.11468948423862457,0,0,0,0.19292208552360535,0.23540957272052765,0,0,0,0,0,0,0,0,0,0.16054652631282806,0.16675762832164764,0,0,0,0,0,0,0.19334153831005096,0,0,0,0,0,0,0,0,0,0,0,0,0
Normal,0,0,0,0.33148959279060364,0.37542441487312317,0.37802526354789734,0,0,0,0.28843259811401367,0.2241193950176239,0.6142119765281677,0.6138195991516113,0,0.14312438666820526,0.13486428558826447,0,0,0,0.19668185710906982,0.26139503717422485,0,0,0,0,0,0,0,0,0,0.15892325341701508,0.17614145576953888,0,0,0,0,0,0,0.17404529452323914,0,0,0,0,0,0,0,0,0,0,0,0,0
Normal,0,0,0,0.36925363540649414,0.39116838574409485,0.3969619870185852,0,0,0,0.2771412432193756,0.2122071087360382,0.6070270538330078,0.6079366207122803,0,0.12251370400190353,0.12039804458618164,0,0,0,0.18173639476299286,0.27315446734428406,0,0,0,0,0,0,0,0,0,0.20517276227474213,0.21223214268684387,0,0,0,0,0,0,0.21600954234600067,0,0,0,0,0,0,0,0,0,0,0,0,0
Normal,0,0,0,0.37559014558792114,0.4328571557998657,0.45800092816352844,0,0,0,0.25545865297317505,0.184726282954216,0.6353462338447571,0.6320563554763794,0,0,0,0,0,0,0.1856357455253601,0.23222213983535767,0,0,0,0,0,0,0,0,0,0.13255344331264496,0.14384733140468597,0,0,0,0,0,0,0.23437771201133728,0,0,0,0,0,0,0,0,0,0,0,0,0
Normal,0,0,0,0.41797497868537903,0.3980835974216461,0.47357240319252014,0,0,0,0.22822929918766022,0.1622086465358734,0.6215054988861084,0.6193288564682007,0.10884639620780945,0,0,0.10990703850984573,0,0,0.18898600339889526,0.2336178421974182,0,0,0,0,0,0,0,0,0,0,0,0,0,0,0,0,0,0.219485804438591,0,0,0,0,0,0,0,0,0,0,0,0,0
Normal,0,0,0,0.40004003047943115,0.3609127104282379,0.38993605971336365,0,0,0,0.21949490904808044,0.15965677797794342,0.5829698443412781,0.5719133615493774,0.20946599543094635,0,0,0.1924785077571869,0,0,0.20306441187858582,0.270906001329422,0,0,0,0,0,0,0,0,0,0,0,0,0,0,0,0,0,0.1681623011827469,0,0,0,0,0,0,0,0,0,0,0,0,0
Normal,0,0,0,0.4126015901565552,0.3530883193016052,0.4151431620121002,0,0,0,0.2165502905845642,0.18219725787639618,0.603344202041626,0.5926852226257324,0.15497639775276184,0,0,0.1424938440322876,0,0,0.1925031840801239,0.28275150060653687,0,0,0,0,0,0,0,0,0,0,0,0,0,0,0,0,0,0.11268429458141327,0,0,0,0,0,0,0,0,0,0,0,0,0
Normal,0,0,0,0.39507919549942017,0.3716302812099457,0.43747133016586304,0,0,0,0.22676785290241241,0.18394765257835388,0.6163606643676758,0.6207404732704163,0,0.10723617672920227,0.10524627566337585,0,0,0,0.21192891895771027,0.2653977572917938,0,0,0,0,0,0,0,0,0,0.11793649941682816,0.13187141716480255,0,0,0,0,0,0,0.23145692050457,0,0,0,0,0,0,0,0,0,0,0,0,0
Normal,0,0,0,0.38257983326911926,0.3840087354183197,0.43962275981903076,0,0,0,0.24488939344882965,0.19376632571220398,0.6099952459335327,0.618228554725647,0,0.1416749805212021,0.1383189857006073,0,0,0,0.21259765326976776,0.27865689992904663,0,0,0,0,0,0,0,0,0,0.17056766152381897,0.17633524537086487,0,0,0,0,0,0,0.21808956563472748,0,0,0,0,0,0,0,0,0,0,0,0,0
Normal,0,0,0,0.3845842480659485,0.4212833344936371,0.4563553035259247,0,0,0,0.24796944856643677,0.18313781917095184,0.6225706338882446,0.6282111406326294,0,0.1431771069765091,0.1378551721572876,0,0,0,0.21436011791229248,0.27490198612213135,0,0,0,0,0,0,0,0,0,0.1753794103860855,0.17952954769134521,0,0,0,0,0,0,0.21970734000205994,0,0,0,0,0,0,0,0,0,0,0,0,0
Normal,0,0,0,0.4097304344177246,0.45354601740837097,0.4656262695789337,0,0,0,0.233394056558609,0.17507676780223846,0.618755578994751,0.6227238178253174,0,0.1278964877128601,0.12294508516788483,0,0,0,0.21026255190372467,0.26824063062667847,0,0,0,0,0,0,0,0,0,0.17451611161231995,0.18816876411437988,0,0,0,0,0,0,0.263459712266922,0,0,0,0,0,0,0,0,0,0,0,0,0
Normal,0,0,0,0.4135231375694275,0.4536644518375397,0.4436285197734833,0,0,0,0.2556439936161041,0.1824737787246704,0.6025179028511047,0.60785973072052,0,0.14664629101753235,0.14127212762832642,0,0,0,0.19510908424854279,0.2614622712135315,0,0,0,0,0,0,0,0,0,0.15857340395450592,0.1677706241607666,0,0,0,0,0,0,0.29278790950775146,0,0,0,0,0,0,0,0,0,0,0,0,0
Normal,0,0,0,0.44726765155792236,0.47790274024009705,0.4742060899734497,0,0,0,0.25392743945121765,0.18778494000434875,0.6103777885437012,0.6145637035369873,0,0.13883249461650848,0.13277079164981842,0,0,0,0.20119166374206543,0.25569573044776917,0,0,0,0,0,0,0,0,0,0.1405063420534134,0.14939512312412262,0,0,0,0,0,0,0.26011547446250916,0,0,0,0,0,0,0,0,0,0,0,0,0
Normal,0,0,0,0.3974549174308777,0.47100716829299927,0.4542234241962433,0,0,0,0.2665089964866638,0.20668040215969086,0.6304011344909668,0.6306567192077637,0,0.13062570989131927,0.1221129298210144,0,0,0,0.18903617560863495,0.29623761773109436,0,0,0,0,0,0,0,0,0,0.13441410660743713,0.14137673377990723,0,0,0,0,0,0,0.2014918327331543,0,0,0,0,0,0,0,0,0,0,0,0,0
Normal,0,0,0,0.37567076086997986,0.4731352627277374,0.4446236789226532,0,0,0,0.2600949704647064,0.2082301825284958,0.6405766010284424,0.6415235996246338,0,0.13141417503356934,0.12225087732076645,0,0,0,0.19095806777477264,0.29696041345596313,0,0,0,0,0,0,0,0,0,0.13208730518817902,0.1403934806585312,0,0,0,0,0,0,0.2223348617553711,0,0,0,0,0,0,0,0,0,0,0,0,0
Normal,0,0,0,0.34425416588783264,0.44828855991363525,0.424656480550766,0,0,0,0.26930463314056396,0.22231191396713257,0.6369962692260742,0.6360331773757935,0,0.13092367351055145,0.12384601682424545,0,0,0,0.19602343440055847,0.27574676275253296,0,0,0,0,0,0,0,0,0,0.11134307831525803,0.12037576735019684,0,0,0,0,0,0,0.21886135637760162,0,0,0,0,0,0,0,0,0,0,0,0,0
Normal,0,0,0,0.34903261065483093,0.4578264057636261,0.4340754747390747,0,0,0,0.26013925671577454,0.21595482528209686,0.6410510540008545,0.6424272060394287,0,0.1413552165031433,0.13695485889911652,0,0,0,0.19392959773540497,0.2758895456790924,0,0,0,0,0,0,0,0,0,0.11610707640647888,0.12404174357652664,0,0,0,0,0,0,0.23533393442630768,0,0,0,0,0,0,0,0,0,0,0,0,0
Normal,0,0,0,0.3363437354564667,0.4433838725090027,0.4148850739002228,0,0,0,0.26774242520332336,0.22015762329101562,0.6368972063064575,0.6381078958511353,0,0.14149852097034454,0.14142432808876038,0,0,0,0.1992049515247345,0.27910032868385315,0,0,0,0,0,0,0,0,0,0.13408324122428894,0.14051540195941925,0,0,0,0,0,0,0.21608774363994598,0,0,0,0,0,0,0,0,0,0,0,0,0
Normal,0,0,0,0.353057861328125,0.4530811607837677,0.4259924590587616,0,0,0,0.26586848497390747,0.21476514637470245,0.6329222917556763,0.6376014947891235,0,0.15477006137371063,0.15548075735569,0,0,0,0.19996394217014313,0.2782101333141327,0,0,0,0,0,0,0,0,0,0.1388213187456131,0.1501113921403885,0,0,0,0,0,0,0.22931428253650665,0,0,0,0,0,0,0,0,0,0,0,0,0
Normal,0,0,0,0.34856554865837097,0.4541199207305908,0.4207519590854645,0,0,0,0.26439255475997925,0.22011698782444,0.6294053792953491,0.6322050094604492,0,0.1655634641647339,0.16184978187084198,0,0,0,0.20207227766513824,0.2728383243083954,0,0,0,0,0,0,0,0,0,0.12279919534921646,0.13295255601406097,0,0,0,0,0,0,0.21234126389026642,0,0,0,0,0,0,0,0,0,0,0,0,0
Normal,0,0,0,0.3377515375614166,0.44240403175354004,0.4097558557987213,0,0,0,0.26569172739982605,0.2157662957906723,0.6331303119659424,0.6362073421478271,0,0.16931389272212982,0.16226014494895935,0,0,0,0.2033623456954956,0.2804388999938965,0,0,0,0,0,0,0,0,0,0.13822047412395477,0.1551777422428131,0,0,0,0,0,0,0.19459839165210724,0,0,0,0,0,0,0,0,0,0,0,0,0
Normal,0,0,0,0.3499701917171478,0.4497479200363159,0.41696232557296753,0,0,0,0.26211878657341003,0.21214088797569275,0.6374917030334473,0.6385326385498047,0,0.15141990780830383,0.14524903893470764,0,0,0,0.20443883538246155,0.2777332365512848,0,0,0,0,0,0,0,0,0,0.12590330839157104,0.1377413272857666,0,0,0,0,0,0,0.18838998675346375,0,0,0,0,0,0,0,0,0,0,0,0,0
Normal,0,0,0,0.354622483253479,0.4539879858493805,0.42077359557151794,0,0,0,0.25960874557495117,0.2100738137960434,0.644677996635437,0.6478496789932251,0,0.1450924575328827,0.13746939599514008,0,0,0,0.20532937347888947,0.27611663937568665,0,0,0,0,0,0,0,0,0,0.13593873381614685,0.15666425228118896,0,0,0,0,0,0,0.21283020079135895,0,0,0,0,0,0,0,0,0,0,0,0,0
Normal,0,0,0,0.37632039189338684,0.47514787316322327,0.44247326254844666,0,0,0,0.2690907418727875,0.19915364682674408,0.6424544453620911,0.6482478380203247,0,0.14092054963111877,0.13359302282333374,0,0,0,0.2088123857975006,0.2809874713420868,0,0,0,0,0,0,0,0,0,0.12976104021072388,0.1493801474571228,0,0,0,0,0,0,0.2564634680747986,0,0,0,0,0,0,0,0,0,0,0,0,0
Normal,0,0,0,0.37669840455055237,0.46627211570739746,0.44176384806632996,0,0,0,0.27957749366760254,0.20288719236850739,0.6421624422073364,0.6477781534194946,0,0.1541868895292282,0.14496318995952606,0,0,0,0.21501122415065765,0.288928747177124,0,0,0,0,0,0,0,0,0,0.1227717325091362,0.1404508650302887,0,0,0,0,0,0,0.2674325704574585,0,0,0,0,0,0,0,0,0,0,0,0,0
Normal,0,0,0,0.3831423223018646,0.4584827721118927,0.4412550628185272,0,0,0,0.28054437041282654,0.19718144834041595,0.6382241249084473,0.6444309949874878,0,0.1641230583190918,0.1528012454509735,0,0,0,0.21205481886863708,0.2976891100406647,0,0,0,0,0,0,0,0,0,0.1340429186820984,0.15001976490020752,0,0,0,0,0,0,0.24205133318901062,0,0,0,0,0,0,0,0,0,0,0,0,0
Normal,0,0,0,0.3938591778278351,0.45255178213119507,0.43281233310699463,0,0,0,0.2718518376350403,0.19476516544818878,0.6331799030303955,0.6378704309463501,0,0.16400493681430817,0.1535356491804123,0,0,0,0.2108473926782608,0.30109483003616333,0,0,0,0,0,0,0,0,0,0.11644253879785538,0.12891758978366852,0,0,0,0,0,0,0.2518097758293152,0,0,0,0,0,0,0,0,0,0,0,0,0
Normal,0,0,0,0.3742039203643799,0.4600922465324402,0.4453476667404175,0,0,0,0.26484549045562744,0.19569507241249084,0.6369234919548035,0.6422451734542847,0,0.14758816361427307,0.1417650580406189,0,0,0,0.20903711020946503,0.2939375340938568,0,0,0,0,0,0,0,0,0,0.11021636426448822,0.11951103061437607,0,0,0,0,0,0,0.27668967843055725,0,0,0,0,0,0,0,0,0,0,0,0,0
Normal,0,0,0,0.3893308937549591,0.45955026149749756,0.44911691546440125,0,0,0,0.2543376386165619,0.18447959423065186,0.6362729668617249,0.6404091119766235,0,0.1116025373339653,0.11484929174184799,0,0,0,0.2110411375761032,0.2747863233089447,0,0,0,0,0,0,0,0,0,0,0.10554703325033188,0,0,0,0,0,0,0.26626259088516235,0,0,0,0,0,0,0,0,0,0,0,0,0
Normal,0,0,0,0.3781416118144989,0.4383760988712311,0.42637020349502563,0,0,0,0.24387602508068085,0.18579226732254028,0.6244886517524719,0.6244176626205444,0,0,0,0,0,0,0.19589969515800476,0.2644125819206238,0,0,0,0,0,0,0,0,0,0,0.1000175029039383,0,0,0,0,0,0,0.23876695334911346,0,0,0,0,0,0,0,0,0,0,0,0,0
Normal,0,0,0,0.2532702088356018,0.3431124687194824,0.31991541385650635,0,0,0,0.18658317625522614,0.14919757843017578,0.4113243818283081,0.4049318730831146,0,0.18554317951202393,0.1736873984336853,0,0,0,0.2255309820175171,0.2804155647754669,0,0,0,0,0,0,0,0,0,0.11507211625576019,0.1291479617357254,0,0,0,0,0,0,0.276932954788208,0,0,0,0,0,0,0,0,0,0,0,0,0
Normal,0,0,0,0.20634789764881134,0.3029283881187439,0.28942862153053284,0,0,0,0.10508672147989273,0,0.3418087959289551,0.33876538276672363,0,0.20780770480632782,0.19465382397174835,0,0,0,0.1869301199913025,0.19427485764026642,0,0,0,0,0,0,0,0,0,0.14431503415107727,0.17479705810546875,0,0,0,0,0,0,0.3192727267742157,0,0,0,0,0,0,0,0,0,0,0,0,0
Normal,0,0,0,0.19954529404640198,0.29689791798591614,0.2783816158771515,0,0,0,0.10004965215921402,0,0.3229285180568695,0.32058149576187134,0,0.17149831354618073,0.15855175256729126,0,0,0,0.1906280368566513,0.16884508728981018,0,0,0,0,0,0,0,0,0,0.12103163450956345,0.1408950686454773,0,0,0,0,0,0,0.32536622881889343,0,0,0,0,0,0,0,0,0,0,0,0,0
Normal,0,0,0,0.17792120575904846,0.2799704670906067,0.26575031876564026,0,0,0,0.10389067977666855,0,0.33214446902275085,0.32814323902130127,0,0.1646745502948761,0.15276624262332916,0,0,0,0.18458248674869537,0.1775686889886856,0,0,0,0,0,0,0,0,0,0.10700982064008713,0.12498218566179276,0,0,0,0,0,0,0.33711129426956177,0,0,0,0,0,0,0,0,0,0,0,0,0
Normal,0,0,0,0.28913581371307373,0.4670585095882416,0.36014533042907715,0,0,0,0.28150129318237305,0.19957955181598663,0.6152096390724182,0.6150320768356323,0,0.15293672680854797,0.1432362049818039,0,0,0,0.17229154706001282,0.2936297357082367,0,0,0,0,0,0,0,0,0,0.1007859855890274,0.10588060319423676,0,0,0,0,0,0,0.23274800181388855,0,0,0,0,0,0,0,0,0,0,0,0,0
Normal,0,0,0,0.39837515354156494,0.46608221530914307,0.4848501980304718,0,0,0,0.32811877131462097,0.2597346603870392,0.6637859344482422,0.6592885851860046,0,0.14462599158287048,0.13422293961048126,0,0,0,0.20234577357769012,0.2777272164821625,0,0,0,0,0,0,0,0,0,0,0,0,0,0,0,0,0,0.2071155309677124,0,0,0,0,0,0,0,0,0,0,0,0,0
Normal,0,0,0,0.4356817603111267,0.48459258675575256,0.5072617530822754,0,0,0,0.26879894733428955,0.20016027987003326,0.6413451433181763,0.6416171789169312,0,0.14290066063404083,0.13336466252803802,0,0,0,0.20159286260604858,0.28945890069007874,0,0,0,0,0,0,0,0,0,0.1168779581785202,0.1153576597571373,0,0,0,0,0,0,0.2150033414363861,0,0,0,0,0,0,0,0,0,0,0,0,0
Normal,0,0,0,0.4501011073589325,0.524304986000061,0.4914824366569519,0,0,0,0.2725718319416046,0.20101343095302582,0.6543233394622803,0.6496971845626831,0,0.12210483103990555,0.11662685871124268,0,0,0,0.20593754947185516,0.3015652000904083,0,0,0,0,0,0,0,0,0,0.10074151307344437,0.10456337034702301,0,0,0,0,0,0,0.17137794196605682,0,0,0,0,0,0,0,0,0,0,0,0,0
Normal,0,0,0,0.4495998024940491,0.5248842239379883,0.4955213665962219,0,0,0,0.2595955729484558,0.20222359895706177,0.6583962440490723,0.655440092086792,0,0.15615887939929962,0.14175279438495636,0,0,0,0.2075277864933014,0.28829076886177063,0,0,0,0,0,0,0,0,0,0.10426448285579681,0.109642893075943,0,0,0,0,0,0,0.20150861144065857,0,0,0,0,0,0,0,0,0,0,0,0,0
Normal,0,0,0,0.4198296070098877,0.4979709982872009,0.454791784286499,0,0,0,0.2922195792198181,0.2210950404405594,0.6583211421966553,0.6534750461578369,0,0.14924991130828857,0.1384488046169281,0,0,0,0.2003801167011261,0.26966550946235657,0,0,0,0,0,0,0,0,0,0,0,0,0,0,0,0,0,0.2177799642086029,0,0,0,0,0,0,0,0,0,0,0,0,0
Normal,0,0,0,0.41919615864753723,0.5166318416595459,0.4539845287799835,0,0,0,0.28065159916877747,0.1971527487039566,0.668644905090332,0.6670694351196289,0,0.13426688313484192,0.12503919005393982,0,0,0,0.18195776641368866,0.26127010583877563,0,0,0,0,0,0,0,0,0,0.11295387893915176,0.11748098582029343,0,0,0,0,0,0,0.27824875712394714,0,0,0,0,0,0,0,0,0,0,0,0,0
Normal,0,0,0,0.41651150584220886,0.5329982042312622,0.45170336961746216,0,0,0,0.2797659635543823,0.2038000524044037,0.6535735130310059,0.6508435010910034,0,0.13468670845031738,0.12275567650794983,0,0,0,0.17179922759532928,0.26352348923683167,0,0,0,0,0,0,0,0,0,0,0.10610774904489517,0,0,0,0,0,0,0.28134778141975403,0,0,0,0,0,0,0,0,0,0,0,0,0
Normal,0,0,0,0.38529741764068604,0.4794864058494568,0.4169367253780365,0,0,0,0.2833915054798126,0.21494640409946442,0.6424978971481323,0.6367130279541016,0,0.12288700044155121,0.11257637292146683,0,0,0,0.16981513798236847,0.2747447192668915,0,0,0,0,0,0,0,0,0,0.10537593066692352,0.10841316729784012,0,0,0,0,0,0,0.24108681082725525,0,0,0,0,0,0,0,0,0,0,0,0,0
Normal,0,0,0,0.433040589094162,0.4906339645385742,0.4366103410720825,0,0,0,0.2644138038158417,0.19276979565620422,0.6329840421676636,0.62788987159729,0,0.12763457000255585,0.11601358652114868,0,0,0,0.16721083223819733,0.2955118417739868,0,0,0,0,0,0,0,0,0,0,0,0,0,0,0,0,0,0.21379336714744568,0,0,0,0,0,0,0,0,0,0,0,0,0
Normal,0,0,0,0.4087820053100586,0.4467976987361908,0.3928681015968323,0,0,0,0.2519521117210388,0.1901918351650238,0.6152435541152954,0.6141867637634277,0,0.11456142365932465,0.10926149040460587,0,0,0,0.18913805484771729,0.30184295773506165,0,0,0,0,0,0,0,0,0,0.13096113502979279,0.1546509712934494,0,0,0,0,0,0,0.18150047957897186,0,0,0,0,0,0,0,0,0,0,0,0,0
Normal,0,0,0,0.4839775562286377,0.5130875110626221,0.5096403360366821,0,0,0,0.2292695790529251,0.15996390581130981,0.6511675119400024,0.6438547372817993,0,0.11787675321102142,0.11041317880153656,0,0,0,0.21486397087574005,0.23290692269802094,0,0,0,0,0,0,0,0,0,0,0,0,0,0,0,0,0,0.2256944477558136,0,0,0,0,0,0,0,0,0,0,0,0,0
Normal,0,0,0,0.5146216154098511,0.5362410545349121,0.5339339971542358,0,0,0,0.24582722783088684,0.1776694804430008,0.6552829742431641,0.6479958891868591,0,0.11765716969966888,0.11024688184261322,0,0,0,0.22911876440048218,0.22873422503471375,0,0,0,0,0,0,0,0,0,0,0,0,0,0,0,0,0,0.2751447558403015,0,0,0,0,0,0,0,0,0,0,0,0,0
Normal,0,0,0,0.44041964411735535,0.46376875042915344,0.44526442885398865,0,0,0,0.2566224932670593,0.2108604609966278,0.6129047870635986,0.6066526770591736,0,0.11653061956167221,0.11010105162858963,0,0,0,0.23018012940883636,0.2702483832836151,0,0,0,0,0,0,0,0,0,0.10869588702917099,0.11651000380516052,0,0,0,0,0,0,0.19989611208438873,0,0,0,0,0,0,0,0,0,0,0,0,0
Normal,0,0,0,0.45027297735214233,0.47453105449676514,0.46541643142700195,0,0,0,0.2717302739620209,0.2204790860414505,0.6118444204330444,0.6075226068496704,0,0.12350378185510635,0.11523649096488953,0,0,0,0.22039301693439484,0.2798112630844116,0,0,0,0,0,0,0,0,0,0,0.10356387495994568,0,0,0,0,0,0,0.20407404005527496,0,0,0,0,0,0,0,0,0,0,0,0,0
Normal,0,0,0,0.46848806738853455,0.4886109232902527,0.46609458327293396,0,0,0,0.2620079219341278,0.20139868557453156,0.6106256246566772,0.606256365776062,0,0.11642356961965561,0.10975876450538635,0,0,0,0.2181975394487381,0.2792147397994995,0,0,0,0,0,0,0,0,0,0,0,0,0,0,0,0,0,0.2120732069015503,0,0,0,0,0,0,0,0,0,0,0,0,0
Normal,0,0,0,0.4513084888458252,0.49963802099227905,0.4704015552997589,0,0,0,0.24400265514850616,0.19120873510837555,0.6158543825149536,0.6143513917922974,0,0.11775777488946915,0.11058127135038376,0,0,0,0.21374744176864624,0.2764894962310791,0,0,0,0,0,0,0,0,0,0,0.10515544563531876,0,0,0,0,0,0,0.23384158313274384,0,0,0,0,0,0,0,0,0,0,0,0,0
Normal,0,0,0,0.4262411594390869,0.488452285528183,0.46242761611938477,0,0,0,0.23985913395881653,0.18414705991744995,0.6177647113800049,0.6199567317962646,0,0.12050378322601318,0.11165553331375122,0,0,0,0.20315593481063843,0.2805767357349396,0,0,0,0,0,0,0,0,0,0.11641714721918106,0.12930630147457123,0,0,0,0,0,0,0.2320220023393631,0,0,0,0,0,0,0,0,0,0,0,0,0
Normal,0,0,0,0.4254099428653717,0.48711878061294556,0.4616469442844391,0,0,0,0.23647156357765198,0.1862695813179016,0.6120955944061279,0.6127773523330688,0,0.11336582154035568,0.10579434782266617,0,0,0,0.20836448669433594,0.2762497067451477,0,0,0,0,0,0,0,0,0,0.12034954130649567,0.13479790091514587,0,0,0,0,0,0,0.2140856683254242,0,0,0,0,0,0,0,0,0,0,0,0,0
Normal,0,0,0,0.4252111315727234,0.46825477480888367,0.4553849995136261,0,0,0,0.24051550030708313,0.19170212745666504,0.5948537588119507,0.5888490676879883,0,0,0,0,0,0,0.2128060758113861,0.27424851059913635,0,0,0,0,0,0,0,0,0,0.11530785262584686,0.1236979141831398,0,0,0,0,0,0,0.1697281450033188,0,0,0,0,0,0,0,0,0,0,0,0,0
Normal,0,0,0,0.41804540157318115,0.42944031953811646,0.4054100215435028,0,0,0,0.24073933064937592,0.1963682770729065,0.5654716491699219,0.5621953010559082,0.2238149493932724,0,0,0.209586963057518,0,0,0.21233569085597992,0.2816944718360901,0,0,0,0,0,0,0,0,0,0.12007656693458557,0.1253610998392105,0,0,0,0,0,0,0.16568537056446075,0,0,0,0,0,0,0,0,0,0,0,0,0
Normal,0,0,0,0.4082123637199402,0.434579998254776,0.4135945737361908,0,0,0,0.2301626205444336,0.19922852516174316,0.5787419080734253,0.5750845670700073,0.24568095803260803,0,0,0.22948706150054932,0,0,0.21025843918323517,0.28867316246032715,0,0,0,0,0,0,0,0,0,0.11984150856733322,0.12279907613992691,0,0,0,0,0,0,0.16587506234645844,0,0,0,0,0,0,0,0,0,0,0,0,0
Normal,0,0,0,0.41220372915267944,0.44055548310279846,0.44283396005630493,0,0,0,0.22432841360569,0.20035406947135925,0.5864160060882568,0.5797230005264282,0.24276426434516907,0,0,0.22531913220882416,0,0,0.21949553489685059,0.29146522283554077,0,0,0,0,0,0,0,0,0,0.11664707213640213,0.11919289827346802,0,0,0,0,0,0,0.14069205522537231,0,0,0,0,0,0,0,0,0,0,0,0,0
Normal,0,0,0,0.40576156973838806,0.4197176992893219,0.41123515367507935,0,0,0,0.21670544147491455,0.17549097537994385,0.5614453554153442,0.5570274591445923,0.2091112732887268,0,0,0.19861039519309998,0,0,0.2131219208240509,0.2951480448246002,0,0,0,0,0,0,0,0,0,0,0,0,0,0,0,0,0,0.16684970259666443,0,0,0,0,0,0,0,0,0,0,0,0,0
Normal,0,0,0,0.569907546043396,0.6051786541938782,0.5663670897483826,0,0,0,0.41367265582084656,0.30363529920578003,0.7092291712760925,0.7013702988624573,0,0,0,0,0,0,0.19162170588970184,0.23614579439163208,0,0,0,0,0,0,0,0,0,0,0,0,0,0,0,0,0,0.23682920634746552,0,0,0,0,0,0,0,0,0,0,0,0,0
Normal,0,0,0,0.7949011921882629,0.793550968170166,0.8048897385597229,0,0,0,0.50566565990448,0.33132168650627136,0.8053553700447083,0.8038617372512817,0,0.1086350679397583,0,0,0,0,0.23302720487117767,0.16139161586761475,0,0,0,0,0,0,0,0,0,0,0,0,0,0,0,0,0,0.2764298617839813,0,0,0,0,0,0,0,0,0,0,0,0,0
Normal,0,0,0,0.6130374670028687,0.7674874663352966,0.7029290795326233,0,0,0,0.32007092237472534,0.36234015226364136,0.7768262028694153,0.7519862651824951,0,0.1466084122657776,0.12340535968542099,0,0,0,0.28132739663124084,0.2289421260356903,0,0,0,0,0,0,0,0,0,0,0,0,0,0,0,0,0,0,0,0,0,0,0,0,0,0,0,0,0,0,0
Normal,0,0,0,0.5266180038452148,0.6767446994781494,0.6129207611083984,0,0,0,0.4591735303401947,0.28786012530326843,0.7905019521713257,0.7789209485054016,0,0,0,0,0,0,0.29272890090942383,0.3253619968891144,0,0,0,0,0,0,0,0,0,0,0,0,0,0,0,0,0,0,0,0,0,0,0,0,0,0,0,0,0,0,0
Normal,0,0,0,0.6266763210296631,0.7317226529121399,0.7218306660652161,0,0,0,0.41549038887023926,0.3020119369029999,0.8298501968383789,0.8119639754295349,0.1254509538412094,0,0,0,0,0,0.30685460567474365,0.23580367863178253,0,0,0,0,0,0,0,0,0,0,0,0,0,0,0,0,0,0,0,0,0,0,0,0,0,0,0,0,0,0,0
Normal,0,0,0,0.5889860987663269,0.7012830376625061,0.6587730646133423,0,0,0,0.4113103747367859,0.30735862255096436,0.8074873089790344,0.7935665249824524,0,0,0,0,0,0,0.2762824296951294,0.30516189336776733,0,0,0,0,0,0,0,0,0,0,0,0,0,0,0,0,0,0,0,0,0,0,0,0,0,0,0,0,0,0,0
Normal,0,0,0,0.2966693639755249,0.461734414100647,0.5192619562149048,0,0,0,0.223798930644989,0.13884352147579193,0.5158820152282715,0.5286376476287842,0,0.12685565650463104,0.1191774308681488,0,0,0,0.2855195999145508,0.35098087787628174,0,0,0,0,0,0,0,0,0,0,0,0,0,0,0,0,0,0.24115504324436188,0,0,0,0,0,0,0,0,0,0,0,0,0
Normal,0,0,0,0.2905958890914917,0.36093631386756897,0.5225890278816223,0,0,0,0.16030250489711761,0,0.5177782773971558,0.527350664138794,0,0.21060606837272644,0.2105621099472046,0,0,0,0.3327147662639618,0.2055927962064743,0,0,0,0,0,0,0,0,0,0,0,0,0,0,0,0,0,0.15097840130329132,0,0,0,0,0,0,0,0,0,0,0,0,0
Normal,0,0,0,0.40688782930374146,0.42670732736587524,0.4782857894897461,0,0,0,0.17636588215827942,0,0.49351629614830017,0.49236273765563965,0,0.18520019948482513,0.1753198653459549,0,0,0,0.20924732089042664,0.1927078515291214,0,0,0,0,0,0,0,0,0,0,0,0,0,0,0,0,0,0.15838798880577087,0,0,0,0,0,0,0,0,0,0,0,0,0
Normal,0,0,0,0.35988977551460266,0.34738999605178833,0.3681991994380951,0,0,0,0.23098435997962952,0.1681886911392212,0.5111192464828491,0.5054779052734375,0,0.11558162420988083,0.11934539675712585,0,0,0,0.22586798667907715,0.2535760998725891,0,0,0,0,0,0,0,0,0,0,0,0,0,0,0,0,0,0.18866567313671112,0,0,0,0,0,0,0,0,0,0,0,0,0
Lethargic,0,0,0,0,0,0,0,0,0,0,0,0,0,0,0.23131372034549713,0.2228027582168579,0,0.12805655598640442,0.14640697836875916,0.3597733974456787,0.3308454155921936,0,0,0,0,0,0,0,0,0,0,0,0,0,0,0,0,0,0,0,0,0,0,0,0,0,0,0,0,0,0,0
Lethargic,0,0,0,0,0,0,0,0,0,0,0,0,0,0,0.16607262194156647,0.15089596807956696,0,0.10912174731492996,0.115358866751194,0.3596283495426178,0.31308504939079285,0,0,0,0,0,0,0,0,0,0,0,0,0,0,0,0,0,0,0,0,0,0,0,0,0,0,0,0,0,0,0
Lethargic,0,0,0,0,0,0,0,0,0,0,0,0,0,0,0.1557844579219818,0.14314526319503784,0,0.10814305394887924,0.11620651930570602,0.34275010228157043,0.30150389671325684,0,0,0,0,0,0,0,0,0,0,0,0,0,0,0,0,0,0,0,0,0,0,0,0,0,0,0,0,0,0,0
Lethargic,0,0,0,0,0,0,0,0,0,0,0,0.10511473566293716,0.10022322088479996,0,0.14227750897407532,0.13187295198440552,0,0,0,0.3728570342063904,0.3028448224067688,0,0,0,0,0,0,0,0,0,0,0,0,0,0,0,0,0,0,0,0,0,0,0,0,0,0,0,0,0,0,0
Lethargic,0,0,0,0,0,0,0,0,0,0,0,0,0,0,0.17465978860855103,0.159438818693161,0,0.10330767184495926,0.11269289255142212,0.3371473252773285,0.26183998584747314,0,0,0,0,0,0,0,0,0,0,0,0,0,0,0,0,0,0,0,0,0,0,0,0,0,0,0,0,0,0,0
Lethargic,0,0,0,0,0,0,0,0,0,0,0,0,0,0,0.15214800834655762,0.13850148022174835,0,0.11913595348596573,0.1358059197664261,0.3362002968788147,0.28518426418304443,0,0,0,0,0,0,0,0,0,0,0,0,0,0,0,0,0,0,0,0,0,0,0,0,0,0,0,0,0,0,0
Lethargic,0,0,0,0,0,0,0,0,0,0,0,0,0,0,0.1566341072320938,0.1400088220834732,0,0.1300559639930725,0.1436488777399063,0.3754514157772064,0.27213454246520996,0,0,0,0,0,0,0,0,0,0,0,0,0,0,0,0,0,0,0,0,0,0,0,0,0,0,0,0,0,0,0
Lethargic,0,0,0,0,0,0,0,0,0,0,0,0,0,0,0.14128991961479187,0.1301327645778656,0,0,0.10738769173622131,0.3791712820529938,0.2984907329082489,0,0,0,0,0,0,0,0,0,0,0,0,0,0,0,0,0,0,0,0,0,0,0,0,0,0,0,0,0,0,0
Lethargic,0,0,0,0,0,0,0,0,0,0,0,0,0,0,0.1327596753835678,0.11897855997085571,0,0.11163632571697235,0.1248885989189148,0.3289564251899719,0.26498717069625854,0,0,0,0,0,0,0,0,0,0,0,0,0,0,0,0,0,0,0,0,0,0,0,0,0,0,0,0,0,0,0
Lethargic,0,0,0,0,0,0,0,0,0,0,0,0,0,0,0.12793630361557007,0.11654697358608246,0,0.10978217422962189,0.12344346195459366,0.3211400508880615,0.25319012999534607,0,0,0,0,0,0,0,0,0,0,0,0,0,0,0,0,0,0,0,0,0,0,0,0,0,0,0,0,0,0,0
Lethargic,0,0,0,0,0,0,0,0,0,0,0,0,0,0,0.10764951258897781,0,0,0.1087309867143631,0.12422937154769897,0.32397016882896423,0.25372666120529175,0,0,0,0,0,0,0,0,0,0,0,0,0,0,0,0,0,0,0,0,0,0,0,0,0,0,0,0,0,0,0
Lethargic,0,0,0,0,0,0,0,0,0,0,0,0,0,0,0.12067721039056778,0.10958867520093918,0,0.118268683552742,0.13681688904762268,0.33677756786346436,0.26093101501464844,0,0,0,0,0,0,0,0,0,0,0,0,0,0,0,0,0,0,0,0,0,0,0,0,0,0,0,0,0,0,0
Lethargic,0,0,0,0,0,0,0,0,0,0.11296510696411133,0,0,0,0,0.13497786223888397,0.12294857203960419,0,0.10139819979667664,0.12373629957437515,0.3363063335418701,0.33602043986320496,0,0,0,0,0,0,0,0,0,0,0,0,0,0,0,0,0,0.11536509543657303,0,0,0,0,0,0,0,0,0,0,0,0,0
Lethargic,0,0,0,0,0.1132635548710823,0,0,0,0,0,0,0,0,0,0.1395658254623413,0.12426583468914032,0,0.10638494789600372,0.12432379275560379,0.30194830894470215,0.2674494683742523,0,0,0,0,0,0,0,0,0,0,0,0,0,0,0,0,0,0,0,0,0,0,0,0,0,0,0,0,0,0,0
Lethargic,0,0,0,0,0.10517597198486328,0,0,0,0,0,0,0,0,0,0.12590737640857697,0.11276024580001831,0,0.10145256668329239,0.11879314482212067,0.29407721757888794,0.29294919967651367,0,0,0,0,0,0,0,0,0,0,0,0,0,0,0,0,0,0,0,0,0,0,0,0,0,0,0,0,0,0,0
Lethargic,0,0,0,0,0,0,0,0,0,0,0,0,0,0,0.11153184622526169,0.10065669566392899,0,0.10831303149461746,0.1269901841878891,0.31074419617652893,0.2644312381744385,0,0,0,0,0,0,0,0,0,0,0,0,0,0,0,0,0,0,0,0,0,0,0,0,0,0,0,0,0,0,0
Lethargic,0,0,0,0,0,0,0,0,0,0,0,0,0,0,0.14547011256217957,0.13042698800563812,0,0.1080842837691307,0.12284824252128601,0.30840590596199036,0.2568994164466858,0,0,0,0,0,0,0,0,0,0,0,0,0,0,0,0,0,0,0,0,0,0,0,0,0,0,0,0,0,0,0
Lethargic,0,0,0,0,0,0,0,0,0,0,0,0,0,0,0.1132381483912468,0.10254646837711334,0,0.10541577637195587,0.12051292508840561,0.3051478862762451,0.24494729936122894,0,0,0,0,0,0,0,0,0,0,0,0,0,0,0,0,0,0,0,0,0,0,0,0,0,0,0,0,0,0,0
Lethargic,0,0,0,0,0,0,0,0,0,0,0,0,0,0,0.1263335645198822,0.11318381875753403,0,0.10258346050977707,0.11556213349103928,0.31003856658935547,0.2586653530597687,0,0,0,0,0,0,0,0,0,0,0,0,0,0,0,0,0,0,0,0,0,0,0,0,0,0,0,0,0,0,0
Lethargic,0,0,0,0,0.10575945675373077,0,0,0,0,0,0,0,0,0,0.1821715384721756,0.16840863227844238,0,0,0.11264748871326447,0.31349846720695496,0.2207355797290802,0,0,0,0,0,0,0,0,0,0,0,0,0,0,0,0,0,0,0,0,0,0,0,0,0,0,0,0,0,0,0
Lethargic,0,0,0,0,0,0,0,0,0,0,0,0,0,0,0.1635499745607376,0.14628107845783234,0,0.10094459354877472,0.10981816053390503,0.31242433190345764,0.2893955707550049,0,0,0,0,0,0,0,0,0,0,0,0,0,0,0,0,0,0,0,0,0,0,0,0,0,0,0,0,0,0,0
Lethargic,0,0,0,0,0,0,0,0,0,0,0,0,0,0,0.17219427227973938,0.15469032526016235,0,0.10876765847206116,0.12037485837936401,0.3349701464176178,0.29694920778274536,0,0,0,0,0,0,0,0,0,0,0,0,0,0,0,0,0,0,0,0,0,0,0,0,0,0,0,0,0,0,0
Lethargic,0,0,0,0,0.101661816239357,0,0,0,0,0,0,0,0,0,0.14510990679264069,0.13074101507663727,0,0.1104598343372345,0.12131192535161972,0.33327871561050415,0.294928640127182,0,0,0,0,0,0,0,0,0,0,0,0,0,0,0,0,0,0,0,0,0,0,0,0,0,0,0,0,0,0,0
Lethargic,0,0,0,0,0,0,0,0,0,0,0,0.11206284910440445,0.10400812327861786,0,0.16730430722236633,0.15154756605625153,0,0,0,0.33352169394493103,0.28051531314849854,0,0,0,0,0,0,0,0,0,0,0,0,0,0,0,0,0,0,0,0,0,0,0,0,0,0,0,0,0,0,0
Lethargic,0,0,0,0,0,0,0,0,0,0,0,0,0,0,0.1537751704454422,0.13846290111541748,0,0.11046787351369858,0.1198456883430481,0.32941320538520813,0.2580244541168213,0,0,0,0,0,0,0,0,0,0,0,0,0,0,0,0,0,0,0,0,0,0,0,0,0,0,0,0,0,0,0
Lethargic,0,0,0,0,0,0,0,0,0,0,0,0,0,0,0.16146352887153625,0.14504031836986542,0,0.10929401218891144,0.1174311637878418,0.3059437870979309,0.2777230143547058,0,0,0,0,0,0,0,0,0,0,0,0,0,0,0,0,0,0,0,0,0,0,0,0,0,0,0,0,0,0,0
Lethargic,0,0,0,0,0,0,0,0,0,0,0,0,0,0,0.14590221643447876,0.13276563584804535,0,0.11476124078035355,0.12397529184818268,0.34409040212631226,0.26212453842163086,0,0,0,0,0,0,0,0,0,0,0,0,0,0,0,0,0,0,0,0,0,0,0,0,0,0,0,0,0,0,0
Lethargic,0,0,0,0,0,0,0,0,0,0,0,0,0,0,0.16461977362632751,0.1482936292886734,0,0.1123003214597702,0.12378722429275513,0.33115354180336,0.24455133080482483,0,0,0,0,0,0,0,0,0,0,0,0,0,0,0,0,0,0,0,0,0,0,0,0,0,0,0,0,0,0,0
Lethargic,0,0,0,0,0,0,0,0,0,0,0,0,0,0,0.16173969209194183,0.14538100361824036,0,0.1266719400882721,0.14151665568351746,0.3541194200515747,0.248989999294281,0,0,0,0,0,0,0,0,0,0,0,0,0,0,0,0,0,0.13565416634082794,0,0,0,0,0,0,0,0,0,0,0,0,0
Lethargic,0,0,0,0,0,0,0,0,0,0,0,0,0,0,0.15574400126934052,0.14120268821716309,0,0.11979401111602783,0.132765993475914,0.34287208318710327,0.2549705505371094,0,0,0,0,0,0,0,0,0,0,0,0,0,0,0,0,0,0,0,0,0,0,0,0,0,0,0,0,0,0,0
Lethargic,0,0,0,0,0,0,0,0,0,0,0,0,0,0,0.16033683717250824,0.14466598629951477,0,0.11149775236845016,0.12201453745365143,0.33192628622055054,0.2376730889081955,0,0,0,0,0,0,0,0,0,0,0,0,0,0,0,0,0,0,0,0,0,0,0,0,0,0,0,0,0,0,0
Lethargic,0,0,0,0,0,0,0,0,0,0,0,0,0,0,0.1375839114189148,0.12465778738260269,0,0.11249604821205139,0.12296469509601593,0.3355798125267029,0.24344344437122345,0,0,0,0,0,0,0,0,0,0,0,0,0,0,0,0,0,0,0,0,0,0,0,0,0,0,0,0,0,0,0
Lethargic,0,0,0,0,0,0,0,0,0,0,0,0,0,0,0.1508321464061737,0.13691067695617676,0,0.10996510088443756,0.12327251583337784,0.33329522609710693,0.278618186712265,0,0,0,0,0,0,0,0,0,0,0,0,0,0,0,0,0,0,0,0,0,0,0,0,0,0,0,0,0,0,0
Lethargic,0,0,0,0,0,0,0,0,0,0,0,0,0,0,0.12202229350805283,0.11071331799030304,0,0.1202903613448143,0.1337546408176422,0.3473432958126068,0.24432267248630524,0,0,0,0,0,0,0,0,0,0,0,0,0,0,0,0,0,0,0,0,0,0,0,0,0,0,0,0,0,0,0
Lethargic,0,0,0,0,0,0,0,0,0,0,0,0,0,0,0.1370910406112671,0.1254844069480896,0,0.11709991842508316,0.12972746789455414,0.3431949019432068,0.2323085516691208,0,0,0,0,0,0,0,0,0,0,0,0,0,0,0,0,0,0,0,0,0,0,0,0,0,0,0,0,0,0,0
Lethargic,0,0,0,0,0,0,0,0,0,0,0,0,0,0,0.1413746327161789,0.12868042290210724,0,0.11832267045974731,0.13051651418209076,0.36277270317077637,0.2684146463871002,0,0,0,0,0,0,0,0,0,0,0,0,0,0,0,0,0,0,0,0,0,0,0,0,0,0,0,0,0,0,0
Lethargic,0,0,0,0,0,0,0,0,0,0,0,0,0,0,0.13927201926708221,0.12563744187355042,0,0.10711115598678589,0.1202523335814476,0.3216714859008789,0.30403390526771545,0,0,0,0,0,0,0,0,0,0,0,0,0,0,0,0,0,0,0,0,0,0,0,0,0,0,0,0,0,0,0
Lethargic,0,0,0,0,0,0,0,0,0,0,0,0,0,0,0.16073571145534515,0.1439008116722107,0,0.11700763553380966,0.13142463564872742,0.3117264211177826,0.26704636216163635,0,0,0,0,0,0,0,0,0,0,0,0,0,0,0,0,0,0,0,0,0,0,0,0,0,0,0,0,0,0,0
Lethargic,0,0,0,0,0,0,0,0,0,0,0,0,0,0,0.14100776612758636,0.12686575949192047,0,0.1065305545926094,0.12374913692474365,0.2862308919429779,0.23767514526844025,0,0,0,0,0,0,0,0,0,0,0,0,0,0,0,0,0,0,0,0,0,0,0,0,0,0,0,0,0,0,0
Lethargic,0,0,0,0,0.1037476658821106,0,0,0,0,0,0,0,0,0,0.1463136225938797,0.1329144388437271,0,0.1080327257514,0.1177162155508995,0.30036255717277527,0.26241335272789,0,0,0,0,0,0,0,0,0,0,0,0,0,0,0,0,0,0,0,0,0,0,0,0,0,0,0,0,0,0,0
Lethargic,0,0,0,0,0,0,0,0,0,0,0,0.11897565424442291,0.11311503499746323,0,0.14484530687332153,0.13506263494491577,0,0,0,0.3434353470802307,0.3310505747795105,0,0,0,0,0,0,0,0,0,0,0,0,0,0,0,0,0,0,0,0,0,0,0,0,0,0,0,0,0,0,0
Lethargic,0,0,0,0,0.10134307295084,0,0,0,0,0,0,0,0,0,0.14571833610534668,0.13083283603191376,0,0,0.1057024598121643,0.32555246353149414,0.2802678346633911,0,0,0,0,0,0,0,0,0,0,0,0,0,0,0,0,0,0,0,0,0,0,0,0,0,0,0,0,0,0,0
Lethargic,0,0,0,0,0.11798103153705597,0,0,0,0,0,0,0.1054999828338623,0,0,0.2044873684644699,0.18791751563549042,0,0,0.10250788182020187,0.31875646114349365,0.24986521899700165,0,0,0,0,0,0,0,0,0,0,0,0,0,0,0,0,0,0,0,0,0,0,0,0,0,0,0,0,0,0,0
Lethargic,0,0,0,0,0.10754303634166718,0,0,0,0,0,0,0,0,0,0.16479259729385376,0.15104955434799194,0,0,0.10800212621688843,0.31463122367858887,0.2697884440422058,0,0,0,0,0,0,0,0,0,0,0,0,0,0,0,0,0,0,0,0,0,0,0,0,0,0,0,0,0,0,0
Lethargic,0,0,0,0,0.10133232921361923,0,0,0,0,0,0,0,0,0,0.15533678233623505,0.1413259208202362,0,0,0.10614391416311264,0.3205621838569641,0.2736823558807373,0,0,0,0,0,0,0,0,0,0,0,0,0,0,0,0,0,0,0,0,0,0,0,0,0,0,0,0,0,0,0
Lethargic,0,0,0,0,0,0,0,0,0,0,0,0,0,0,0.14922282099723816,0.1364082247018814,0,0,0.10851389914751053,0.30014753341674805,0.2465539127588272,0,0,0,0,0,0,0,0,0,0,0,0,0,0,0,0,0,0,0,0,0,0,0,0,0,0,0,0,0,0,0
Lethargic,0,0,0,0,0,0,0,0,0,0,0,0,0,0,0.19450007379055023,0.17731863260269165,0,0,0.10442443937063217,0.3316307067871094,0.29270869493484497,0,0,0,0,0,0,0,0,0,0,0,0,0,0,0,0,0,0,0,0,0,0,0,0,0,0,0,0,0,0,0
Lethargic,0,0,0,0,0,0,0,0,0,0,0,0,0,0,0.2139851301908493,0.19840078055858612,0,0.10500874370336533,0.11702901870012283,0.33013516664505005,0.2694094479084015,0,0,0,0,0,0,0,0,0,0,0,0,0,0,0,0,0,0,0,0,0,0,0,0,0,0,0,0,0,0,0
Lethargic,0,0,0,0,0,0,0,0,0,0,0,0,0,0,0.22348333895206451,0.20235490798950195,0,0,0.10882410407066345,0.3565758168697357,0.2774500250816345,0,0,0,0,0,0,0,0,0,0,0,0,0,0,0,0,0,0.12969309091567993,0,0,0,0,0,0,0,0,0,0,0,0,0
Lethargic,0,0,0,0,0.10398674756288528,0,0,0,0,0,0,0.11230084300041199,0.10411572456359863,0,0.2231321632862091,0.2049298882484436,0,0,0,0.3463815152645111,0.2898567020893097,0,0,0,0,0,0,0,0,0,0,0,0,0,0,0,0,0,0.10262307524681091,0,0,0,0,0,0,0,0,0,0,0,0,0
Lethargic,0,0,0,0,0,0,0,0,0,0,0,0,0,0,0.1609763503074646,0.147429421544075,0,0.10485529154539108,0.11310978978872299,0.3217206597328186,0.21945405006408691,0,0,0,0,0,0,0,0,0,0,0,0,0,0,0,0,0,0,0,0,0,0,0,0,0,0,0,0,0,0,0
Lethargic,0,0,0,0,0,0,0,0,0,0,0,0,0,0,0.151685431599617,0.13935212790966034,0,0,0.10433188080787659,0.3131132423877716,0.24739311635494232,0,0,0,0,0,0,0,0,0,0,0,0,0,0,0,0,0,0,0,0,0,0,0,0,0,0,0,0,0,0,0
Lethargic,0,0,0,0,0,0,0,0,0,0,0,0,0,0,0.14994309842586517,0.136259987950325,0,0,0.10214786231517792,0.31699371337890625,0.23994511365890503,0,0,0,0,0,0,0,0,0,0,0,0,0,0,0,0,0,0,0,0,0,0,0,0,0,0,0,0,0,0,0
Lethargic,0,0,0,0,0,0,0,0,0,0,0,0,0,0,0.16224753856658936,0.1469007432460785,0,0.11361115425825119,0.12459556758403778,0.30439069867134094,0.27841106057167053,0,0,0,0,0,0,0,0,0,0,0,0,0,0,0,0,0,0,0,0,0,0,0,0,0,0,0,0,0,0,0
Lethargic,0,0,0,0,0,0,0,0,0,0,0,0,0,0,0.1848917305469513,0.17158594727516174,0,0.10594990849494934,0.11235566437244415,0.3198643922805786,0.25090834498405457,0,0,0,0,0,0,0,0,0,0,0,0,0,0,0,0,0,0,0,0,0,0,0,0,0,0,0,0,0,0,0
Lethargic,0,0,0,0,0,0,0,0,0,0,0,0,0,0,0.14103981852531433,0.1264762431383133,0,0.10743571072816849,0.11839086562395096,0.3263718783855438,0.2501136362552643,0,0,0,0,0,0,0,0,0,0,0,0,0,0,0,0,0,0,0,0,0,0,0,0,0,0,0,0,0,0,0
Lethargic,0,0,0,0,0,0,0,0,0,0,0,0,0,0,0.13146351277828217,0.11874398589134216,0,0.1072549819946289,0.12140771001577377,0.31441307067871094,0.2350931018590927,0,0,0,0,0,0,0,0,0,0,0,0,0,0,0,0,0,0,0,0,0,0,0,0,0,0,0,0,0,0,0
Lethargic,0,0,0,0,0,0,0,0,0,0,0,0,0,0,0.16371241211891174,0.14747175574302673,0,0.12392795085906982,0.13807229697704315,0.35218915343284607,0.25232458114624023,0,0,0,0,0,0,0,0,0,0,0,0,0,0,0,0,0,0.10606130212545395,0,0,0,0,0,0,0,0,0,0,0,0,0
Lethargic,0,0,0,0,0,0,0,0,0,0,0,0,0,0,0.13236743211746216,0.12217450886964798,0,0.10655288398265839,0.12185810506343842,0.28384485840797424,0.22859083116054535,0,0,0,0,0,0,0,0,0,0,0,0,0,0,0,0,0,0.12281335145235062,0,0,0,0,0,0,0,0,0,0,0,0,0
Lethargic,0,0,0,0,0.10418368130922318,0,0,0,0,0,0,0,0,0,0.1532055288553238,0.13916419446468353,0,0.10627792030572891,0.11848949640989304,0.3014613091945648,0.2735847532749176,0,0,0,0,0,0,0,0,0,0,0,0,0,0,0,0,0,0.10538069903850555,0,0,0,0,0,0,0,0,0,0,0,0,0
Lethargic,0,0,0,0,0.10810530185699463,0,0,0,0,0,0,0.1024993434548378,0,0,0.14233487844467163,0.12962506711483002,0,0,0.10867239534854889,0.2945769429206848,0.29587486386299133,0,0,0,0,0,0,0,0,0,0,0,0,0,0,0,0,0,0,0,0,0,0,0,0,0,0,0,0,0,0,0
Lethargic,0,0,0,0,0,0,0,0,0,0,0,0.10636038333177567,0,0,0.12842221558094025,0.11635702103376389,0,0,0.10136693716049194,0.2716706097126007,0.22329533100128174,0,0,0,0,0,0,0,0,0,0,0,0,0,0,0,0,0,0,0,0,0,0,0,0,0,0,0,0,0,0,0
Lethargic,0,0,0,0,0,0,0,0,0,0,0,0,0,0,0.13013368844985962,0.11797703057527542,0,0,0.11367227137088776,0.28527721762657166,0.2414526343345642,0,0,0,0,0,0,0,0,0,0,0,0,0,0,0,0,0,0,0,0,0,0,0,0,0,0,0,0,0,0,0
Lethargic,0,0,0,0,0,0,0,0,0,0,0,0,0,0,0.12891556322574615,0.1168530285358429,0,0.10644729435443878,0.11958710849285126,0.31011638045310974,0.2619172930717468,0,0,0,0,0,0,0,0,0,0,0,0,0,0,0,0,0,0,0,0,0,0,0,0,0,0,0,0,0,0,0
Lethargic,0,0,0,0,0.10934177786111832,0,0,0,0,0,0,0,0,0,0.13559246063232422,0.12201515585184097,0,0.1109352856874466,0.12647484242916107,0.2987774610519409,0.2500890791416168,0,0,0,0,0,0,0,0,0,0,0,0,0,0,0,0,0,0.12837634980678558,0,0,0,0,0,0,0,0,0,0,0,0,0
Lethargic,0,0,0,0,0.10664243251085281,0,0,0,0,0,0,0,0,0,0.12865734100341797,0.115717314183712,0,0,0.11317304521799088,0.2803958058357239,0.23497642576694489,0,0,0,0,0,0,0,0,0,0,0,0,0,0,0,0,0,0,0,0,0,0,0,0,0,0,0,0,0,0,0
Lethargic,0,0,0,0,0,0,0,0,0,0,0,0,0,0,0.12744104862213135,0.11494342237710953,0,0.1020161509513855,0.11307425051927567,0.3363072872161865,0.2632455825805664,0,0,0,0,0,0,0,0,0,0,0,0,0,0,0,0,0,0,0,0,0,0,0,0,0,0,0,0,0,0,0
Lethargic,0,0,0,0,0,0,0,0,0,0,0,0,0,0,0.12824207544326782,0.11510228365659714,0,0.10822940617799759,0.12190613150596619,0.30089229345321655,0.25822240114212036,0,0,0,0,0,0,0,0,0,0,0,0,0,0,0,0,0,0,0,0,0,0,0,0,0,0,0,0,0,0,0
Lethargic,0,0,0,0,0,0,0,0,0,0,0,0,0,0,0.19552449882030487,0.17300795018672943,0,0,0.10971560329198837,0.2772296369075775,0.26281502842903137,0,0,0,0,0,0,0,0,0,0,0,0,0,0,0,0,0,0,0,0,0,0,0,0,0,0,0,0,0,0,0
Lethargic,0,0,0,0,0,0,0,0,0,0,0,0.10218565165996552,0,0,0.13859425485134125,0.12505562603473663,0,0,0.10577677190303802,0.3012852370738983,0.24807079136371613,0,0,0,0,0,0,0,0,0,0,0,0,0,0,0,0,0,0,0,0,0,0,0,0,0,0,0,0,0,0,0
Lethargic,0,0,0,0,0,0,0,0,0,0,0,0.10743176192045212,0,0,0.12584951519966125,0.11599115282297134,0,0,0.10134173184633255,0.3065914511680603,0.2868393361568451,0,0,0,0,0,0,0,0,0,0,0,0,0,0,0,0,0,0,0,0,0,0,0,0,0,0,0,0,0,0,0
Lethargic,0,0,0,0,0,0,0,0,0,0,0,0,0,0,0.13592274487018585,0.12170003354549408,0,0.10813635587692261,0.12163855880498886,0.29717230796813965,0.22915010154247284,0,0,0,0,0,0,0,0,0,0,0,0,0,0,0,0,0,0,0,0,0,0,0,0,0,0,0,0,0,0,0
Lethargic,0,0,0,0,0.11101233959197998,0,0,0,0,0,0,0,0,0,0.11624042689800262,0.10305899381637573,0,0.11591774970293045,0.13452664017677307,0.3005923628807068,0.24104167520999908,0,0,0,0,0,0,0,0,0,0,0,0,0,0,0,0,0,0,0,0,0,0,0,0,0,0,0,0,0,0,0
Lethargic,0,0,0,0,0.10251665115356445,0,0,0,0,0,0,0,0,0,0.12398940324783325,0.1112883985042572,0,0.10931689292192459,0.12700580060482025,0.29209592938423157,0.2476511001586914,0,0,0,0,0,0,0,0,0,0,0,0,0,0,0,0,0,0,0,0,0,0,0,0,0,0,0,0,0,0,0
Lethargic,0,0,0,0,0,0,0,0,0,0,0,0,0,0,0.12659454345703125,0.11348812282085419,0,0.10417646914720535,0.12100660800933838,0.2818029522895813,0.24293065071105957,0,0,0,0,0,0,0,0,0,0,0,0,0,0,0,0,0,0,0,0,0,0,0,0,0,0,0,0,0,0,0
Lethargic,0,0,0,0,0,0,0,0,0,0,0,0,0,0,0.16469347476959229,0.14863058924674988,0,0,0.11094880849123001,0.3072739839553833,0.2798523008823395,0,0,0,0,0,0,0,0,0,0,0,0,0,0,0,0,0,0,0,0,0,0,0,0,0,0,0,0,0,0,0
Lethargic,0,0,0,0,0,0,0,0,0,0,0,0,0,0,0.15333914756774902,0.13657931983470917,0,0.10039322078227997,0.11446183919906616,0.2926580011844635,0.2745656669139862,0,0,0,0,0,0,0,0,0,0,0,0,0,0,0,0,0,0,0,0,0,0,0,0,0,0,0,0,0,0,0
Lethargic,0,0,0,0,0,0,0,0,0,0,0,0.10339511185884476,0,0,0.1448812484741211,0.13085809350013733,0,0,0.10512728989124298,0.29870226979255676,0.24843625724315643,0,0,0,0,0,0,0,0,0,0,0,0,0,0,0,0,0,0,0,0,0,0,0,0,0,0,0,0,0,0,0
Lethargic,0,0,0,0,0,0,0,0,0,0,0,0,0,0,0.14619725942611694,0.13304372131824493,0,0.10650617629289627,0.11790268123149872,0.3072778582572937,0.24353571236133575,0,0,0,0,0,0,0,0,0,0,0,0,0,0,0,0,0,0,0,0,0,0,0,0,0,0,0,0,0,0,0
Lethargic,0,0,0,0,0,0,0,0,0,0,0,0,0,0,0.11022211611270905,0,0,0.11709881573915482,0.13491402566432953,0.3347874879837036,0.26819056272506714,0,0,0,0,0,0,0,0,0,0,0,0,0,0,0,0,0,0,0,0,0,0,0,0,0,0,0,0,0,0,0
Lethargic,0,0,0,0,0,0,0,0,0,0,0,0,0,0,0.11646384000778198,0.1053205206990242,0,0.10524995625019073,0.11986731737852097,0.3093799948692322,0.23368282616138458,0,0,0,0,0,0,0,0,0,0,0,0,0,0,0,0,0,0,0,0,0,0,0,0,0,0,0,0,0,0,0
Lethargic,0,0,0,0,0,0,0,0,0,0,0,0,0,0,0.11332685500383377,0.10302434116601944,0,0,0.11031287163496017,0.30877232551574707,0.2393711507320404,0,0,0,0,0,0,0,0,0,0,0,0,0,0,0,0,0,0,0,0,0,0,0,0,0,0,0,0,0,0,0
Lethargic,0,0,0,0,0,0,0,0,0,0,0,0,0,0,0.12591050565242767,0.11510660499334335,0,0.10242387652397156,0.11399941146373749,0.30033063888549805,0.24296164512634277,0,0,0,0,0,0,0,0,0,0,0,0,0,0,0,0,0,0,0,0,0,0,0,0,0,0,0,0,0,0,0
Lethargic,0,0,0,0,0,0,0,0,0,0,0,0,0,0,0.13155697286128998,0.11862128973007202,0,0.10539369285106659,0.1188153326511383,0.2984301447868347,0.24287840723991394,0,0,0,0,0,0,0,0,0,0,0,0,0,0,0,0,0,0,0,0,0,0,0,0,0,0,0,0,0,0,0
Lethargic,0,0,0,0,0.10236817598342896,0,0,0,0,0,0,0,0,0,0.14985519647598267,0.13363514840602875,0,0.1056714579463005,0.11749459058046341,0.2870599627494812,0.2439763844013214,0,0,0,0,0,0,0,0,0,0,0,0,0,0,0,0,0,0,0,0,0,0,0,0,0,0,0,0,0,0,0
Lethargic,0,0,0,0,0,0,0,0,0,0,0,0.10626528412103653,0,0,0.14590583741664886,0.13259553909301758,0,0,0.10299542546272278,0.28097379207611084,0.21720901131629944,0,0,0,0,0,0,0,0,0,0,0,0,0,0,0,0,0,0,0,0,0,0,0,0,0,0,0,0,0,0,0
Lethargic,0,0,0,0,0.10291394591331482,0,0,0,0,0,0,0.11266559362411499,0.10105204582214355,0,0.14685581624507904,0.13151872158050537,0,0,0,0.2966756522655487,0.2207203209400177,0,0,0,0,0,0,0,0,0,0,0,0,0,0,0,0,0,0,0,0,0,0,0,0,0,0,0,0,0,0,0
Lethargic,0,0,0,0,0,0,0,0,0,0,0,0.10209747403860092,0,0,0.16023802757263184,0.1420503705739975,0,0,0.10826203972101212,0.3189111649990082,0.28027021884918213,0,0,0,0,0,0,0,0,0,0,0,0,0,0,0,0,0,0,0,0,0,0,0,0,0,0,0,0,0,0,0
Lethargic,0,0,0,0,0,0,0,0,0,0,0,0,0,0,0.20227108895778656,0.18247883021831512,0,0.10171783715486526,0.1145709827542305,0.31515857577323914,0.2624000310897827,0,0,0,0,0,0,0,0,0,0,0,0,0,0,0,0,0,0.10047102719545364,0,0,0,0,0,0,0,0,0,0,0,0,0
Lethargic,0,0,0,0,0,0,0,0,0,0,0,0.12045285850763321,0.11182482540607452,0,0.23171712458133698,0.21778157353401184,0,0,0,0.3081776201725006,0.27513107657432556,0,0,0,0,0,0,0,0,0,0,0,0,0,0,0,0,0,0,0,0,0,0,0,0,0,0,0,0,0,0,0
Lethargic,0,0,0,0,0,0,0,0,0,0,0,0,0,0,0.13388487696647644,0.12127519398927689,0,0,0.10952234268188477,0.3166334629058838,0.24175190925598145,0,0,0,0,0,0,0,0,0,0,0,0,0,0,0,0,0,0,0,0,0,0,0,0,0,0,0,0,0,0,0
Lethargic,0,0,0,0,0,0,0,0,0,0,0,0,0,0,0.13964228332042694,0.1268956959247589,0,0.10284658521413803,0.11457683145999908,0.30069491267204285,0.25504061579704285,0,0,0,0,0,0,0,0,0,0,0,0,0,0,0,0,0,0,0,0,0,0,0,0,0,0,0,0,0,0,0
Lethargic,0,0,0,0,0,0,0,0,0,0,0,0.10218040645122528,0,0,0.16118179261684418,0.14379848539829254,0,0,0.10725048184394836,0.28317633271217346,0.2618514895439148,0,0,0,0,0,0,0,0,0,0,0,0,0,0,0,0,0,0,0,0,0,0,0,0,0,0,0,0,0,0,0
Lethargic,0,0,0,0,0,0,0,0,0,0,0,0.1027030497789383,0,0,0.22453193366527557,0.2061290293931961,0,0,0.10199323296546936,0.29741379618644714,0.25377339124679565,0,0,0,0,0,0,0,0,0,0,0,0,0,0,0,0,0,0,0,0,0,0,0,0,0,0,0,0,0,0,0
Lethargic,0,0,0,0,0.10062776505947113,0,0,0,0,0,0,0.10698788613080978,0,0,0.20071692764759064,0.18153385818004608,0,0,0.10269030183553696,0.35287022590637207,0.3334926664829254,0,0,0,0,0,0,0,0,0,0,0,0,0,0,0,0,0,0,0,0,0,0,0,0,0,0,0,0,0,0,0
Lethargic,0,0,0,0,0,0,0,0,0,0,0,0,0,0,0.15072989463806152,0.13756905496120453,0,0.10092754662036896,0.1079612523317337,0.35185766220092773,0.27777722477912903,0,0,0,0,0,0,0,0,0,0,0,0,0,0,0,0,0,0,0,0,0,0,0,0,0,0,0,0,0,0,0
Lethargic,0,0,0,0,0,0,0,0,0,0,0,0.10832332074642181,0.10068157315254211,0,0.1526305377483368,0.13820794224739075,0,0,0,0.3133077919483185,0.2701272666454315,0,0,0,0,0,0,0,0,0,0,0,0,0,0,0,0,0,0,0,0,0,0,0,0,0,0,0,0,0,0,0
Lethargic,0,0,0,0,0,0,0,0,0,0,0,0,0,0,0.12394857406616211,0.11272730678319931,0,0.1059325709939003,0.1155497133731842,0.32079771161079407,0.2614613473415375,0,0,0,0,0,0,0,0,0,0,0,0,0,0,0,0,0,0,0,0,0,0,0,0,0,0,0,0,0,0,0
Lethargic,0,0,0,0,0,0,0,0,0,0,0,0,0,0,0.15324652194976807,0.13700005412101746,0,0.10628785938024521,0.11772723495960236,0.3145214319229126,0.2675967216491699,0,0,0,0,0,0,0,0,0,0,0,0,0,0,0,0,0,0,0,0,0,0,0,0,0,0,0,0,0,0,0
Lethargic,0,0,0,0,0,0,0,0,0,0,0,0,0,0,0.12594187259674072,0.11244995146989822,0,0.11110134422779083,0.12370208650827408,0.3166431188583374,0.2756246328353882,0,0,0,0,0,0,0,0,0,0,0,0,0,0,0,0,0,0,0,0,0,0,0,0,0,0,0,0,0,0,0
Lethargic,0,0,0,0,0,0,0,0,0,0,0,0,0,0,0.13930027186870575,0.12690334022045135,0,0.10615740716457367,0.11604983359575272,0.3238144814968109,0.24648256599903107,0,0,0,0,0,0,0,0,0,0,0,0,0,0,0,0,0,0,0,0,0,0,0,0,0,0,0,0,0,0,0
Lethargic,0,0,0,0,0,0,0,0,0,0,0,0.10320369154214859,0,0,0.14506593346595764,0.13174697756767273,0,0,0.10505899041891098,0.30361390113830566,0.2668594419956207,0,0,0,0,0,0,0,0,0,0,0,0,0,0,0,0,0,0,0,0,0,0,0,0,0,0,0,0,0,0,0
Lethargic,0,0,0,0,0,0,0,0,0,0,0,0,0,0,0.19303005933761597,0.173554927110672,0,0.112969771027565,0.12476342916488647,0.3170424997806549,0.27058449387550354,0,0,0,0,0,0,0,0,0,0,0,0,0,0,0,0,0,0,0,0,0,0,0,0,0,0,0,0,0,0,0
Lethargic,0,0,0,0,0,0,0,0,0,0,0,0,0,0,0.14073102176189423,0.12701016664505005,0,0.11066608875989914,0.12379467487335205,0.31076163053512573,0.2533385455608368,0,0,0,0,0,0,0,0,0,0,0,0,0,0,0,0,0,0,0,0,0,0,0,0,0,0,0,0,0,0,0
Lethargic,0,0,0,0,0,0,0,0,0,0,0,0,0,0,0.14360181987285614,0.12971891462802887,0,0.10565433651208878,0.11858056485652924,0.3003055453300476,0.2518135905265808,0,0,0,0,0,0,0,0,0,0,0,0,0,0,0,0,0,0,0,0,0,0,0,0,0,0,0,0,0,0,0
Lethargic,0,0,0,0,0,0,0,0,0,0,0,0,0,0,0.1395060271024704,0.12540066242218018,0,0.10846683382987976,0.12064709514379501,0.31644177436828613,0.2398144006729126,0,0,0,0,0,0,0,0,0,0,0,0,0,0,0,0,0,0,0,0,0,0,0,0,0,0,0,0,0,0,0
Lethargic,0,0,0,0,0.1084199920296669,0,0,0,0,0.10594779253005981,0,0,0,0,0.127351775765419,0.12185239046812057,0,0.11301213502883911,0.12983059883117676,0.33167287707328796,0.27541401982307434,0,0,0,0,0,0,0,0,0,0,0,0,0,0,0,0,0,0.13923679292201996,0,0,0,0,0,0,0,0,0,0,0,0,0
Lethargic,0,0,0,0,0,0,0,0,0,0,0,0,0,0,0.16377761960029602,0.14849694073200226,0,0.11643684655427933,0.12979668378829956,0.3276441693305969,0.2729854881763458,0,0,0,0,0,0,0,0,0,0,0,0,0,0,0,0,0,0.10029581189155579,0,0,0,0,0,0,0,0,0,0,0,0,0
Lethargic,0,0,0,0,0,0,0,0,0,0,0,0.10626605153083801,0,0,0.15706929564476013,0.14316298067569733,0,0,0.10118533670902252,0.3186362385749817,0.24157840013504028,0,0,0,0,0,0,0,0,0,0,0,0,0,0,0,0,0,0.16302548348903656,0,0,0,0,0,0,0,0,0,0,0,0,0
Lethargic,0,0,0,0,0,0,0,0,0,0,0,0,0,0,0.19325700402259827,0.1773228645324707,0,0.10755502432584763,0.1210881695151329,0.3392585217952728,0.29520779848098755,0,0,0,0,0,0,0,0,0,0,0,0,0,0,0,0,0,0.1326746791601181,0,0,0,0,0,0,0,0,0,0,0,0,0
Lethargic,0,0,0,0,0,0,0,0,0,0,0,0,0,0,0.15573012828826904,0.14182208478450775,0,0,0.10762908309698105,0.31573566794395447,0.2537677586078644,0,0,0,0,0,0,0,0,0,0,0,0,0,0,0,0,0,0.10269547998905182,0,0,0,0,0,0,0,0,0,0,0,0,0
Lethargic,0,0,0,0,0,0,0,0,0,0,0,0,0,0,0.11363638937473297,0.10305729508399963,0,0.10530170053243637,0.12063456326723099,0.34788915514945984,0.23029948770999908,0,0,0,0,0,0,0,0,0,0,0,0,0,0,0,0,0,0,0,0,0,0,0,0,0,0,0,0,0,0,0
Lethargic,0,0,0,0,0,0,0,0,0,0,0,0,0,0,0.15042105317115784,0.13422276079654694,0,0.1015443280339241,0.1119302287697792,0.35257384181022644,0.2239229828119278,0,0,0,0,0,0,0,0,0,0,0,0,0,0,0,0,0,0,0,0,0,0,0,0,0,0,0,0,0,0,0
Lethargic,0,0,0,0,0.1083303838968277,0,0,0,0,0,0,0,0,0,0.16331182420253754,0.14783814549446106,0,0.10846394300460815,0.12048047035932541,0.32086658477783203,0.23912061750888824,0,0,0,0,0,0,0,0,0,0,0,0,0,0,0,0,0,0.11685489863157272,0,0,0,0,0,0,0,0,0,0,0,0,0
Lethargic,0,0,0,0,0.11401237547397614,0,0,0,0,0,0,0.10423218458890915,0,0,0.15266038477420807,0.13925829529762268,0,0,0.10647618025541306,0.3034907281398773,0.23297804594039917,0,0,0,0,0,0,0,0,0,0,0,0,0,0,0,0,0,0.10667062550783157,0,0,0,0,0,0,0,0,0,0,0,0,0
Lethargic,0,0,0,0,0,0,0,0,0,0,0,0,0,0,0.23838800191879272,0.22282104194164276,0,0.12079683691263199,0.13454169034957886,0.3347903788089752,0.29601967334747314,0,0,0,0,0,0,0,0,0,0,0,0,0,0,0,0,0,0,0,0,0,0,0,0,0,0,0,0,0,0,0
Lethargic,0,0,0,0,0.11066154390573502,0,0,0,0,0,0,0.11287570744752884,0.10081207752227783,0,0.15893195569515228,0.14421769976615906,0,0,0.10106746852397919,0.23800618946552277,0.20326262712478638,0,0,0,0,0,0,0,0,0,0,0,0,0,0,0,0,0,0.1011827364563942,0,0,0,0,0,0,0,0,0,0,0,0,0
Lethargic,0,0,0,0,0.12486708909273148,0,0,0,0,0,0,0,0,0,0.10852143913507462,0.1019764244556427,0,0,0.11963550746440887,0.2514630854129791,0.2982826232910156,0,0,0,0,0,0,0,0,0,0,0,0,0,0,0,0,0,0.13428601622581482,0,0,0,0,0,0,0,0,0,0,0,0,0
Lethargic,0,0,0,0,0.1268572211265564,0,0,0,0,0,0,0,0,0,0.12797588109970093,0.11665480583906174,0,0.10563628375530243,0.12458106875419617,0.2866070568561554,0.267711877822876,0,0,0,0,0,0,0,0,0,0,0,0,0,0,0,0,0,0.1448792815208435,0,0,0,0,0,0,0,0,0,0,0,0,0
Lethargic,0,0,0,0,0.12899120151996613,0,0,0,0,0,0,0,0,0,0.13599249720573425,0.12499261647462845,0,0.10913603007793427,0.12582047283649445,0.29145291447639465,0.270548939704895,0,0,0,0,0,0,0,0,0,0,0,0,0,0,0,0,0,0.14616122841835022,0,0,0,0,0,0,0,0,0,0,0,0,0
Lethargic,0,0,0,0,0.1287466138601303,0,0,0,0,0,0,0,0,0,0.13518869876861572,0.1244557723402977,0,0.10749737173318863,0.12336202710866928,0.29011431336402893,0.2678118348121643,0,0,0,0,0,0,0,0,0,0,0,0,0,0,0,0,0,0.12966054677963257,0,0,0,0,0,0,0,0,0,0,0,0,0
Lethargic,0,0,0,0,0.10792440176010132,0,0,0,0,0,0,0,0,0,0.14502646028995514,0.13459432125091553,0,0.10264775902032852,0.11656204611063004,0.3002779185771942,0.26112666726112366,0,0,0,0,0,0,0,0,0,0,0,0,0,0,0,0,0,0.12499067932367325,0,0,0,0,0,0,0,0,0,0,0,0,0
Lethargic,0,0,0,0,0.10003475099802017,0,0,0,0,0,0,0,0,0,0.13244839012622833,0.12375660240650177,0,0.10286977142095566,0.1160610169172287,0.30994078516960144,0.21782411634922028,0,0,0,0,0,0,0,0,0,0,0,0,0,0,0,0,0,0.13071341812610626,0,0,0,0,0,0,0,0,0,0,0,0,0
Lethargic,0,0,0,0,0,0,0,0,0,0,0,0,0,0,0.24329350888729095,0.23102787137031555,0,0.10092754662036896,0.11106698960065842,0.3272677958011627,0.24778196215629578,0,0,0,0,0,0,0,0,0,0,0,0,0,0,0,0,0,0.15583711862564087,0,0,0,0,0,0,0,0,0,0,0,0,0
Lethargic,0,0,0,0,0,0,0,0,0,0,0,0,0,0,0.16829988360404968,0.15304726362228394,0,0.10831374675035477,0.12255119532346725,0.33232519030570984,0.2700093686580658,0,0,0,0,0,0,0,0,0,0,0,0,0,0,0,0,0,0.14906667172908783,0,0,0,0,0,0,0,0,0,0,0,0,0
Lethargic,0,0,0,0,0,0,0,0,0,0,0,0,0,0,0.14581526815891266,0.13578100502490997,0,0.10164370387792587,0.11622069031000137,0.32495400309562683,0.23860400915145874,0,0,0,0,0,0,0,0,0,0,0,0,0,0,0,0,0,0.14449113607406616,0,0,0,0,0,0,0,0,0,0,0,0,0
Lethargic,0,0,0,0,0,0,0,0,0,0,0,0,0,0,0.15791749954223633,0.14739950001239777,0,0.10130380094051361,0.11553353071212769,0.30855631828308105,0.25533145666122437,0,0,0,0,0,0,0,0,0,0,0,0,0,0,0,0,0,0.12314648926258087,0,0,0,0,0,0,0,0,0,0,0,0,0
Lethargic,0,0,0,0,0,0,0,0,0,0,0,0,0,0,0.16310042142868042,0.1497330367565155,0,0.10341248661279678,0.11391478031873703,0.3025495707988739,0.2395479828119278,0,0,0,0,0,0,0,0,0,0,0,0,0,0,0,0,0,0.10749252140522003,0,0,0,0,0,0,0,0,0,0,0,0,0
Lethargic,0,0,0,0,0.11009150743484497,0,0,0,0,0,0,0,0,0,0.21676567196846008,0.19864918291568756,0,0.10498777776956558,0.11149013042449951,0.343147337436676,0.274355947971344,0,0,0,0,0,0,0,0,0,0,0,0,0,0,0,0,0,0.15000440180301666,0,0,0,0,0,0,0,0,0,0,0,0,0
Lethargic,0,0,0,0,0.10750290006399155,0,0,0,0,0,0,0,0,0,0.18092982470989227,0.1670052707195282,0,0.10937756299972534,0.11371643096208572,0.32701852917671204,0.2114521712064743,0,0,0,0,0,0,0,0,0,0,0,0,0,0,0,0,0,0.11839932203292847,0,0,0,0,0,0,0,0,0,0,0,0,0
Lethargic,0,0,0,0,0,0,0,0,0,0,0,0.10846488922834396,0.10537569224834442,0,0.15097787976264954,0.14315147697925568,0,0,0,0.3419967293739319,0.3130030333995819,0,0,0,0,0,0,0,0,0,0,0,0,0,0,0,0,0,0,0,0,0,0,0,0,0,0,0,0,0,0,0
Lethargic,0,0,0,0,0,0,0,0,0,0,0,0.10846367478370667,0.10467255860567093,0,0.17043334245681763,0.15740473568439484,0,0,0,0.30099037289619446,0.25064921379089355,0,0,0,0,0,0,0,0,0,0,0,0,0,0,0,0,0,0,0,0,0,0,0,0,0,0,0,0,0,0,0
Lethargic,0,0,0,0,0,0,0,0,0,0,0,0,0,0,0.18663261830806732,0.16992026567459106,0,0.10935083776712418,0.11791949719190598,0.28350740671157837,0.21906019747257233,0,0,0,0,0,0,0,0,0,0,0,0,0,0,0,0,0,0.10979387164115906,0,0,0,0,0,0,0,0,0,0,0,0,0
Lethargic,0,0,0,0,0.103951096534729,0,0,0,0,0,0,0,0,0,0.1441931575536728,0.13318389654159546,0,0.11051075905561447,0.1206350326538086,0.305499404668808,0.2528436779975891,0,0,0,0,0,0,0,0,0,0,0,0,0,0,0,0,0,0.10865247249603271,0,0,0,0,0,0,0,0,0,0,0,0,0
Lethargic,0,0,0,0,0.10339197516441345,0,0,0,0,0,0,0.11193182319402695,0.10302600264549255,0,0.16090179979801178,0.1481689214706421,0,0,0,0.30347713828086853,0.25919485092163086,0,0,0,0,0,0,0,0,0,0,0,0,0,0,0,0,0,0.10568224638700485,0,0,0,0,0,0,0,0,0,0,0,0,0
Lethargic,0,0,0,0,0.10593454539775848,0,0,0,0,0,0,0.1032121554017067,0,0,0.15571971237659454,0.14353018999099731,0,0,0.10019320994615555,0.31704697012901306,0.22313547134399414,0,0,0,0,0,0,0,0,0,0,0,0,0,0,0,0,0,0,0,0,0,0,0,0,0,0,0,0,0,0,0
Lethargic,0,0,0,0,0.10018373280763626,0,0,0,0,0,0,0,0,0,0.15884749591350555,0.14415954053401947,0,0,0.10960568487644196,0.3142569363117218,0.25692376494407654,0,0,0,0,0,0,0,0,0,0,0,0,0,0,0,0,0,0.1739446073770523,0,0,0,0,0,0,0,0,0,0,0,0,0
Lethargic,0,0,0,0,0.10603027045726776,0,0,0,0,0,0,0.10138837993144989,0,0,0.13970938324928284,0.12770283222198486,0,0,0.10413340479135513,0.31343013048171997,0.2577455937862396,0,0,0,0,0,0,0,0,0,0,0,0,0,0,0,0,0,0.13114874064922333,0,0,0,0,0,0,0,0,0,0,0,0,0
Lethargic,0,0,0,0,0.11175575107336044,0,0,0,0,0,0,0.10609666258096695,0,0,0.15593348443508148,0.14101740717887878,0,0,0.10091521590948105,0.2706300616264343,0.2664310336112976,0,0,0,0,0,0,0,0,0,0,0,0,0,0,0,0,0,0.1383906602859497,0,0,0,0,0,0,0,0,0,0,0,0,0
Lethargic,0,0,0,0,0,0,0,0,0,0,0,0,0,0,0.14904621243476868,0.1381751447916031,0,0,0.10624818503856659,0.3234964609146118,0.24459773302078247,0,0,0,0,0,0,0,0,0,0,0,0,0,0,0,0,0,0,0,0,0,0,0,0,0,0,0,0,0,0,0
Lethargic,0,0,0,0,0,0,0,0,0,0,0,0,0,0,0.16417203843593597,0.14828430116176605,0,0.10095852613449097,0.10883960127830505,0.3123028576374054,0.22464154660701752,0,0,0,0,0,0,0,0,0,0,0,0,0,0,0,0,0,0,0,0,0,0,0,0,0,0,0,0,0,0,0
Lethargic,0,0,0,0,0,0,0,0,0,0,0,0,0,0,0.13280533254146576,0.12248764932155609,0,0.10878753662109375,0.11913527548313141,0.32769426703453064,0.2267521619796753,0,0,0,0,0,0,0,0,0,0,0,0,0,0,0,0,0,0.10865573585033417,0,0,0,0,0,0,0,0,0,0,0,0,0
Lethargic,0,0,0,0,0,0,0,0,0,0,0,0,0,0,0.15039022266864777,0.137472003698349,0,0.11394616216421127,0.12435709685087204,0.3281859755516052,0.22735154628753662,0,0,0,0,0,0,0,0,0,0,0,0,0,0,0,0,0,0.12461301684379578,0,0,0,0,0,0,0,0,0,0,0,0,0
Lethargic,0,0,0,0,0.10088761150836945,0,0,0,0,0,0,0,0,0,0.1813693642616272,0.16630105674266815,0,0.1180785670876503,0.13179461658000946,0.31494027376174927,0.2548322379589081,0,0,0,0,0,0,0,0,0,0,0,0,0,0,0,0,0,0.14847920835018158,0,0,0,0,0,0,0,0,0,0,0,0,0
Lethargic,0,0,0,0,0,0,0,0,0,0,0,0,0,0,0.1556425243616104,0.14316819608211517,0,0.1097853034734726,0.12307250499725342,0.32060882449150085,0.26391616463661194,0,0,0,0,0,0,0,0,0,0,0,0,0,0,0,0,0,0.11714105308055878,0,0,0,0,0,0,0,0,0,0,0,0,0
Lethargic,0,0,0,0,0.1050259992480278,0,0,0,0,0,0,0,0,0,0.14203990995883942,0.1299024075269699,0,0.10315705090761185,0.1145060807466507,0.29814910888671875,0.24944652616977692,0,0,0,0,0,0,0,0,0,0,0,0,0,0,0,0,0,0,0,0,0,0,0,0,0,0,0,0,0,0,0
Lethargic,0,0,0,0,0,0,0,0,0,0,0,0,0,0,0.1712266355752945,0.15703019499778748,0,0.10289903730154037,0.11280489712953568,0.3450653553009033,0.28695380687713623,0,0,0,0,0,0,0,0,0,0,0,0,0,0,0,0,0,0.13568276166915894,0,0,0,0,0,0,0,0,0,0,0,0,0
Lethargic,0,0,0,0,0,0,0,0,0,0,0,0,0,0,0.128049835562706,0.12547612190246582,0,0,0.11023726314306259,0.3346624970436096,0.2409139722585678,0,0,0,0,0,0,0,0,0,0,0,0,0,0,0,0,0,0.11406603455543518,0,0,0,0,0,0,0,0,0,0,0,0,0
Lethargic,0,0,0,0,0.1084103137254715,0,0,0,0,0,0,0,0,0,0.13001127541065216,0.1164904534816742,0,0.11555259674787521,0.13164441287517548,0.3421017825603485,0.25174832344055176,0,0,0,0,0,0,0,0,0,0,0,0,0,0,0,0,0,0.12175288051366806,0,0,0,0,0,0,0,0,0,0,0,0,0
Lethargic,0,0,0,0,0.11502094566822052,0,0,0,0,0,0,0,0,0,0.15224306285381317,0.13905885815620422,0,0.10300406813621521,0.11164376884698868,0.304201602935791,0.2465243637561798,0,0,0,0,0,0,0,0,0,0,0,0,0,0,0,0,0,0,0,0,0,0,0,0,0,0,0,0,0,0,0
Lethargic,0,0,0,0,0,0,0,0,0,0,0,0,0,0,0.15031515061855316,0.1393640786409378,0,0.10276781022548676,0.11343739926815033,0.31062769889831543,0.2713525891304016,0,0,0,0,0,0,0,0,0,0,0,0,0,0,0,0,0,0,0,0,0,0,0,0,0,0,0,0,0,0,0
Lethargic,0,0,0,0,0,0,0,0,0,0,0,0,0,0,0.15107549726963043,0.1388091892004013,0,0.10510365664958954,0.11793623119592667,0.32388582825660706,0.25775545835494995,0,0,0,0,0,0,0,0,0,0,0,0,0,0,0,0,0,0.11452198028564453,0,0,0,0,0,0,0,0,0,0,0,0,0
Lethargic,0,0,0,0,0,0,0,0,0,0,0,0,0,0,0.15468892455101013,0.13992059230804443,0,0.10309739410877228,0.11535648256540298,0.30590489506721497,0.26803773641586304,0,0,0,0,0,0,0,0,0,0,0,0,0,0,0,0,0,0.10274583101272583,0,0,0,0,0,0,0,0,0,0,0,0,0
Lethargic,0,0,0,0,0.11012231558561325,0,0,0,0,0,0,0,0,0,0.15905283391475677,0.14311395585536957,0,0.1157146617770195,0.13118650019168854,0.30454111099243164,0.24193815886974335,0,0,0,0,0,0,0,0,0,0,0,0,0,0,0,0,0,0,0,0,0,0,0,0,0,0,0,0,0,0,0
Lethargic,0,0,0,0,0.110362209379673,0,0,0,0,0,0,0,0,0,0.16786225140094757,0.1516110897064209,0,0.11986371129751205,0.13871005177497864,0.32417434453964233,0.28960222005844116,0,0,0,0,0,0,0,0,0,0,0,0,0,0,0,0,0,0.12683182954788208,0,0,0,0,0,0,0,0,0,0,0,0,0
Lethargic,0,0,0,0,0.10800207406282425,0,0,0,0,0,0,0,0,0,0.15391549468040466,0.1411489099264145,0,0.10252395272254944,0.11474678665399551,0.3191579282283783,0.21398138999938965,0,0,0,0,0,0,0,0,0,0,0,0,0,0,0,0,0,0.10523870587348938,0,0,0,0,0,0,0,0,0,0,0,0,0
Lethargic,0,0,0,0,0,0,0,0,0,0,0,0,0,0,0.16204333305358887,0.14763790369033813,0,0.10082816332578659,0.11067550629377365,0.33773237466812134,0.2296295017004013,0,0,0,0,0,0,0,0,0,0,0,0,0,0,0,0,0,0.11295473575592041,0,0,0,0,0,0,0,0,0,0,0,0,0
Lethargic,0,0,0,0,0,0,0,0,0,0,0,0,0,0,0.184400275349617,0.1685851365327835,0,0,0.10662805289030075,0.3441537022590637,0.2604152262210846,0,0,0,0,0,0,0,0,0,0,0,0,0,0,0,0,0,0.11426559090614319,0,0,0,0,0,0,0,0,0,0,0,0,0
Lethargic,0,0,0,0,0,0,0,0,0,0,0,0,0,0,0.16449229419231415,0.14856770634651184,0,0.10019594430923462,0.11044322699308395,0.34283366799354553,0.2639254331588745,0,0,0,0,0,0,0,0,0,0,0,0,0,0,0,0,0,0,0,0,0,0,0,0,0,0,0,0,0,0,0
Lethargic,0,0,0,0,0,0,0,0,0,0,0,0.10889962315559387,0.10278341919183731,0,0.1444874107837677,0.13531391322612762,0,0,0,0.33579227328300476,0.2799505591392517,0,0,0,0,0,0,0,0,0,0,0,0,0,0,0,0,0,0,0,0,0,0,0,0,0,0,0,0,0,0,0
Lethargic,0,0,0,0,0,0,0,0,0,0,0,0.10092715919017792,0,0,0.14492298662662506,0.13262388110160828,0,0,0.10269897431135178,0.2911212742328644,0.2462937831878662,0,0,0,0,0,0,0,0,0,0,0,0,0,0,0,0,0,0,0,0,0,0,0,0,0,0,0,0,0,0,0
Lethargic,0,0,0,0,0,0,0,0,0,0,0,0.10080472379922867,0,0,0.13831251859664917,0.1268545687198639,0,0,0.10197068750858307,0.3082033693790436,0.23476874828338623,0,0,0,0,0,0,0,0,0,0,0,0,0,0,0,0,0,0,0,0,0,0,0,0,0,0,0,0,0,0,0
Lethargic,0,0,0,0,0,0,0,0,0,0,0,0,0,0,0.15115118026733398,0.13834546506404877,0,0,0.1046166643500328,0.302110880613327,0.21959783136844635,0,0,0,0,0,0,0,0,0,0,0,0,0,0,0,0,0,0,0,0,0,0,0,0,0,0,0,0,0,0,0
Lethargic,0,0,0,0,0,0,0,0,0,0,0,0,0,0,0.1473013311624527,0.1357831209897995,0,0.10612130910158157,0.11901065707206726,0.2919333875179291,0.22916072607040405,0,0,0,0,0,0,0,0,0,0,0,0,0,0,0,0,0,0,0,0,0,0,0,0,0,0,0,0,0,0,0
Lethargic,0,0,0,0,0.11304260790348053,0,0,0,0,0,0,0,0,0,0.13641108572483063,0.1221049502491951,0,0.11259635537862778,0.1272977590560913,0.3107466995716095,0.2520075738430023,0,0,0,0,0,0,0,0,0,0,0,0,0,0,0,0,0,0.12940740585327148,0,0,0,0,0,0,0,0,0,0,0,0,0
Lethargic,0,0,0,0,0.1029450073838234,0,0,0,0,0,0,0,0,0,0.13719011843204498,0.12554022669792175,0,0.11087047308683395,0.12330801039934158,0.30203473567962646,0.24774368107318878,0,0,0,0,0,0,0,0,0,0,0,0,0,0,0,0,0,0,0,0,0,0,0,0,0,0,0,0,0,0,0
Lethargic,0,0,0,0,0.10037132352590561,0,0,0,0,0,0,0,0,0,0.14399689435958862,0.13149553537368774,0,0,0.10741513967514038,0.30922025442123413,0.2792934477329254,0,0,0,0,0,0,0,0,0,0,0,0,0,0,0,0,0,0,0,0,0,0,0,0,0,0,0,0,0,0,0
Lethargic,0,0,0,0,0,0,0,0,0,0,0,0.11537312716245651,0.10911708325147629,0,0.14659737050533295,0.13308021426200867,0,0,0,0.28458988666534424,0.24399325251579285,0,0,0,0,0,0,0,0,0,0,0,0,0,0,0,0,0,0.10611312836408615,0,0,0,0,0,0,0,0,0,0,0,0,0
Lethargic,0,0,0,0,0,0,0,0,0,0,0,0,0,0,0.14488552510738373,0.13141801953315735,0,0,0.1108386293053627,0.25153598189353943,0.22953185439109802,0,0,0,0,0,0,0,0,0,0,0,0,0,0,0,0,0,0.11359240859746933,0,0,0,0,0,0,0,0,0,0,0,0,0
Lethargic,0,0,0,0,0,0,0,0,0,0,0,0,0,0,0.16399836540222168,0.15079958736896515,0,0,0.1052972674369812,0.3236926794052124,0.24529576301574707,0,0,0,0,0,0,0,0,0,0,0,0,0,0,0,0,0,0,0,0,0,0,0,0,0,0,0,0,0,0,0
Lethargic,0,0,0,0,0,0,0,0,0,0,0,0.10781621932983398,0.10240349173545837,0,0.17274224758148193,0.15769878029823303,0,0,0,0.3192134499549866,0.21111147105693817,0,0,0,0,0,0,0,0,0,0,0,0,0,0,0,0,0,0.10269661992788315,0,0,0,0,0,0,0,0,0,0,0,0,0
Lethargic,0,0,0,0,0.11076468229293823,0,0,0,0,0,0,0,0,0,0.1727054864168167,0.15777303278446198,0,0,0.10833465307950974,0.3088930547237396,0.24358268082141876,0,0,0,0,0,0,0,0,0,0,0,0,0,0,0,0,0,0,0,0,0,0,0,0,0,0,0,0,0,0,0
Lethargic,0,0,0,0,0,0,0,0,0,0,0,0,0,0,0.12927506864070892,0.11803869903087616,0,0.10286379605531693,0.11732693016529083,0.29599907994270325,0.2257230579853058,0,0,0,0,0,0,0,0,0,0,0,0,0,0,0,0,0,0,0,0,0,0,0,0,0,0,0,0,0,0,0
Lethargic,0,0,0,0,0,0,0,0,0,0,0,0,0,0,0.1398022323846817,0.12801067531108856,0,0,0.111328125,0.2779601216316223,0.29227906465530396,0,0,0,0,0,0,0,0,0,0,0,0,0,0,0,0,0,0,0,0,0,0,0,0,0,0,0,0,0,0,0
Lethargic,0,0,0,0,0,0,0,0,0,0,0,0.10361579060554504,0,0,0.14799746870994568,0.13609269261360168,0,0,0.10158273577690125,0.32257339358329773,0.2507445514202118,0,0,0,0,0,0,0,0,0,0,0,0,0,0,0,0,0,0.10447629541158676,0,0,0,0,0,0,0,0,0,0,0,0,0
Lethargic,0,0,0,0,0,0,0,0,0,0,0,0,0,0,0.1954939365386963,0.17808927595615387,0,0.10120420902967453,0.11335337907075882,0.3181198239326477,0.27955326437950134,0,0,0,0,0,0,0,0,0,0,0,0,0,0,0,0,0,0.15582075715065002,0,0,0,0,0,0,0,0,0,0,0,0,0
Lethargic,0,0,0,0,0,0,0,0,0,0,0,0,0,0,0.14728166162967682,0.13436099886894226,0,0,0.11350452899932861,0.3019437789916992,0.24913030862808228,0,0,0,0,0,0,0,0,0,0,0,0,0,0,0,0,0,0.10916843265295029,0,0,0,0,0,0,0,0,0,0,0,0,0
Lethargic,0,0,0,0,0.12059345841407776,0,0,0,0,0,0,0.10154841095209122,0,0,0.15737080574035645,0.14302197098731995,0,0,0.10682690143585205,0.27888062596321106,0.26328542828559875,0,0,0,0,0,0,0,0,0,0,0,0,0,0,0,0,0,0.13789795339107513,0,0,0,0,0,0,0,0,0,0,0,0,0
Lethargic,0,0,0,0,0,0,0,0,0,0,0,0,0,0,0.14412908256053925,0.13186195492744446,0,0,0.10849021375179291,0.3005727529525757,0.2739543914794922,0,0,0,0,0,0,0,0,0,0,0,0,0,0,0,0,0,0.12998397648334503,0,0,0,0,0,0,0,0,0,0,0,0,0
Lethargic,0,0,0,0,0.10407865792512894,0,0,0,0,0,0,0.10212324559688568,0,0,0.148920476436615,0.13375402987003326,0,0,0.10423311591148376,0.2769278585910797,0.22689245641231537,0,0,0,0,0,0,0,0,0,0,0,0,0,0,0,0,0,0,0,0,0,0,0,0,0,0,0,0,0,0,0
Lethargic,0,0,0,0,0.10630060732364655,0,0,0,0,0,0,0,0,0,0.1437620222568512,0.1310940831899643,0,0.10084203630685806,0.11650799959897995,0.3000830411911011,0.28959980607032776,0,0,0,0,0,0,0,0,0,0,0,0,0,0,0,0,0,0,0,0,0,0,0,0,0,0,0,0,0,0,0
Lethargic,0,0,0,0,0.11246433854103088,0,0,0,0,0,0,0.10369312763214111,0,0,0.15728986263275146,0.14399492740631104,0,0,0,0.2957579791545868,0.22613777220249176,0,0,0,0,0,0,0,0,0,0,0,0,0,0,0,0,0,0.10666600614786148,0,0,0,0,0,0,0,0,0,0,0,0,0
Lethargic,0,0,0,0,0.11522761732339859,0,0,0,0,0,0,0,0,0,0.16971775889396667,0.15634483098983765,0,0,0.10481378436088562,0.33905380964279175,0.253566712141037,0,0,0,0,0,0,0,0,0,0,0,0,0,0,0,0,0,0,0,0,0,0,0,0,0,0,0,0,0,0,0
Lethargic,0,0,0,0,0,0,0,0,0,0,0,0,0,0,0.1493813842535019,0.13846063613891602,0,0.10191436856985092,0.1087530180811882,0.32746267318725586,0.22983373701572418,0,0,0,0,0,0,0,0,0,0,0,0,0,0,0,0,0,0.11285355687141418,0,0,0,0,0,0,0,0,0,0,0,0,0
Lethargic,0,0,0,0,0,0,0,0,0,0,0,0.11934570223093033,0.11680564284324646,0,0.1462927758693695,0.13827672600746155,0,0,0,0.3177536129951477,0.2872030735015869,0,0,0,0,0,0,0,0,0,0,0,0,0,0,0,0,0,0,0,0,0,0,0,0,0,0,0,0,0,0,0
Lethargic,0,0,0,0,0,0,0,0,0,0,0,0,0,0,0.1298636645078659,0.12032745778560638,0,0.10778331011533737,0.12080777436494827,0.2900586724281311,0.2517735958099365,0,0,0,0,0,0,0,0,0,0,0,0,0,0,0,0,0,0,0,0,0,0,0,0,0,0,0,0,0,0,0
Lethargic,0,0,0,0,0,0,0,0,0,0,0,0,0,0,0.13901247084140778,0.12958334386348724,0,0,0.10720737278461456,0.3123631477355957,0.24102835357189178,0,0,0,0,0,0,0,0,0,0,0,0,0,0,0,0,0,0,0,0,0,0,0,0,0,0,0,0,0,0,0
Lethargic,0,0,0,0,0,0,0,0,0,0,0,0.10040868073701859,0,0,0.142790749669075,0.12981630861759186,0,0,0.10421564429998398,0.32227522134780884,0.2366427183151245,0,0,0,0,0,0,0,0,0,0,0,0,0,0,0,0,0,0,0,0,0,0,0,0,0,0,0,0,0,0,0
Lethargic,0,0,0,0,0,0,0,0,0,0,0,0,0,0,0.16098451614379883,0.1491982489824295,0,0.10048002749681473,0.106439970433712,0.35372546315193176,0.2949635684490204,0,0,0,0,0,0,0,0,0,0,0,0,0,0,0,0,0,0.11384710669517517,0,0,0,0,0,0,0,0,0,0,0,0,0
Lethargic,0,0,0,0,0,0,0,0,0,0,0,0,0,0,0.14051394164562225,0.12743119895458221,0,0.1091107577085495,0.12393280118703842,0.31154903769493103,0.2859703004360199,0,0,0,0,0,0,0,0,0,0,0,0,0,0,0,0,0,0,0,0,0,0,0,0,0,0,0,0,0,0,0
Lethargic,0,0,0,0,0.10774099826812744,0,0,0,0,0,0,0,0,0,0.147810697555542,0.13437916338443756,0,0.11101625114679337,0.12977981567382812,0.2836296856403351,0.2832738757133484,0,0,0,0,0,0,0,0,0,0,0,0,0,0,0,0,0,0.12152866274118423,0,0,0,0,0,0,0,0,0,0,0,0,0
Lethargic,0,0,0,0,0.10031233727931976,0,0,0,0,0,0,0,0,0,0.12294109165668488,0.11193541437387466,0,0.10711786150932312,0.12793539464473724,0.2864939868450165,0.263851135969162,0,0,0,0,0,0,0,0,0,0,0,0,0,0,0,0,0,0,0,0,0,0,0,0,0,0,0,0,0,0,0
Lethargic,0,0,0,0,0.11805111169815063,0,0,0,0,0,0,0,0,0,0.17507389187812805,0.15875640511512756,0,0.10738453269004822,0.11945858597755432,0.28983327746391296,0.242463156580925,0,0,0,0,0,0,0,0,0,0,0,0,0,0,0,0,0,0.1363474279642105,0,0,0,0,0,0,0,0,0,0,0,0,0
Lethargic,0,0,0,0,0.12548363208770752,0,0,0,0,0,0,0,0,0,0.14555829763412476,0.13015137612819672,0,0.10304439067840576,0.11717778444290161,0.3002336025238037,0.2717515826225281,0,0,0,0,0,0,0,0,0,0,0,0,0,0,0,0,0,0,0,0,0,0,0,0,0,0,0,0,0,0,0
Lethargic,0,0,0,0,0.11182864755392075,0,0,0,0,0,0,0,0,0,0.23447109758853912,0.22505615651607513,0,0.1047019213438034,0.11695516854524612,0.3333996534347534,0.28410035371780396,0,0,0,0,0,0,0,0,0,0,0,0,0,0,0,0,0,0,0,0,0,0,0,0,0,0,0,0,0,0,0
Lethargic,0,0,0,0,0.12906187772750854,0,0,0,0,0,0,0.10993494093418121,0.10185810923576355,0,0.21837638318538666,0.1997397541999817,0,0,0,0.31949761509895325,0.23412567377090454,0,0,0,0,0,0,0,0,0,0,0,0,0,0,0,0,0,0,0,0,0,0,0,0,0,0,0,0,0,0,0
Lethargic,0,0,0,0,0,0,0,0,0,0,0,0,0,0,0.15042607486248016,0.13592718541622162,0,0,0.10443191230297089,0.3311758041381836,0.23940785229206085,0,0,0,0,0,0,0,0,0,0,0,0,0,0,0,0,0,0,0,0,0,0,0,0,0,0,0,0,0,0,0
Lethargic,0,0,0,0,0,0,0,0,0,0,0,0,0,0,0.14606483280658722,0.1325903683900833,0,0.1092984527349472,0.1222037672996521,0.3388924300670624,0.2315901219844818,0,0,0,0,0,0,0,0,0,0,0,0,0,0,0,0,0,0,0,0,0,0,0,0,0,0,0,0,0,0,0
Lethargic,0,0,0,0,0,0,0,0,0,0,0,0.1012377217411995,0,0,0.15937000513076782,0.14652003347873688,0,0,0.10179731249809265,0.2941139340400696,0.25860416889190674,0,0,0,0,0,0,0,0,0,0,0,0,0,0,0,0,0,0,0,0,0,0,0,0,0,0,0,0,0,0,0
Lethargic,0,0,0,0,0,0,0,0,0,0,0,0.10170665383338928,0,0,0.17709116637706757,0.1597902774810791,0,0,0.10236574709415436,0.3170570433139801,0.24838677048683167,0,0,0,0,0,0,0,0,0,0,0,0,0,0,0,0,0,0.10566841065883636,0,0,0,0,0,0,0,0,0,0,0,0,0
Lethargic,0,0,0,0,0.11399402469396591,0,0,0,0,0,0,0.10417287051677704,0,0,0.191166490316391,0.1721441000699997,0,0,0.10141883790493011,0.3024483025074005,0.23298342525959015,0,0,0,0,0,0,0,0,0,0,0,0,0,0,0,0,0,0,0,0,0,0,0,0,0,0,0,0,0,0,0
Lethargic,0,0,0,0,0,0,0,0,0,0,0,0.11097101122140884,0.10081903636455536,0,0.12044559419155121,0.10699790716171265,0,0,0,0.2633233368396759,0.1990257054567337,0,0,0,0,0,0,0,0,0,0,0,0,0,0,0,0,0,0.11079735308885574,0,0,0,0,0,0,0,0,0,0,0,0,0
Lethargic,0,0,0,0,0,0,0,0,0,0,0,0,0,0,0.13382276892662048,0.1227707490324974,0,0.10777539759874344,0.11982755362987518,0.3231831192970276,0.26197803020477295,0,0,0,0,0,0,0,0,0,0,0,0,0,0,0,0,0,0.11890409141778946,0,0,0,0,0,0,0,0,0,0,0,0,0
Lethargic,0,0,0,0,0,0,0,0,0,0,0,0,0,0,0.19736279547214508,0.18031592667102814,0,0.10754245519638062,0.11241795867681503,0.36489608883857727,0.24863359332084656,0,0,0,0,0,0,0,0,0,0,0,0,0,0,0,0,0,0.12328310310840607,0,0,0,0,0,0,0,0,0,0,0,0,0
Lethargic,0,0,0,0,0,0,0,0,0,0,0,0,0,0,0.147671177983284,0.13637657463550568,0,0.11674556881189346,0.12311910092830658,0.35783836245536804,0.24307486414909363,0,0,0,0,0,0,0,0,0,0,0,0,0,0,0,0,0,0.13239362835884094,0,0,0,0,0,0,0,0,0,0,0,0,0
Lethargic,0,0,0,0,0,0,0,0,0,0,0,0,0,0,0.16741248965263367,0.15170595049858093,0,0,0.10525147616863251,0.3564976751804352,0.26710423827171326,0,0,0,0,0,0,0,0,0,0,0,0,0,0,0,0,0,0,0,0,0,0,0,0,0,0,0,0,0,0,0
Lethargic,0,0,0,0,0,0,0,0,0,0,0,0,0,0,0.18345004320144653,0.1643480807542801,0,0.11254382133483887,0.1231563463807106,0.31293222308158875,0.22620974481105804,0,0,0,0,0,0,0,0,0,0,0,0,0,0,0,0,0,0,0,0,0,0,0,0,0,0,0,0,0,0,0
Lethargic,0,0,0,0,0,0,0,0,0,0,0,0,0,0,0.2277837097644806,0.21228845417499542,0,0.1236564889550209,0.1311991959810257,0.36212819814682007,0.2826497256755829,0,0,0,0,0,0,0,0,0,0,0,0,0,0,0,0,0,0,0,0,0,0,0,0,0,0,0,0,0,0,0
Lethargic,0,0,0,0,0.10519415140151978,0,0,0,0,0,0,0,0,0,0.14457038044929504,0.1319217085838318,0,0.11646387726068497,0.12653665244579315,0.32794710993766785,0.29001742601394653,0,0,0,0,0,0,0,0,0,0,0,0,0,0,0,0,0,0,0,0,0,0,0,0,0,0,0,0,0,0,0
Lethargic,0,0,0,0,0,0,0,0,0,0,0,0,0,0,0.15279041230678558,0.1397390216588974,0,0.10721980780363083,0.1152704730629921,0.33537137508392334,0.29716888070106506,0,0,0,0,0,0,0,0,0,0,0,0,0,0,0,0,0,0.115748830139637,0,0,0,0,0,0,0,0,0,0,0,0,0
Lethargic,0,0,0,0,0.1293901950120926,0,0,0,0,0,0,0.10507854074239731,0,0,0.1796071082353592,0.16514478623867035,0,0,0,0.3412743806838989,0.22879967093467712,0,0,0,0,0,0,0,0,0,0,0,0,0,0,0,0,0,0,0,0,0,0,0,0,0,0,0,0,0,0,0
Lethargic,0,0,0,0,0.12211442738771439,0,0,0,0,0,0,0,0,0,0.3033558130264282,0.28753387928009033,0,0,0.10836007446050644,0.36345237493515015,0.28484901785850525,0,0,0,0,0,0,0,0,0,0,0,0,0,0,0,0,0,0,0,0,0,0,0,0,0,0,0,0,0,0,0
Lethargic,0,0,0,0,0.11834148317575455,0,0,0,0,0,0,0,0,0,0.25915583968162537,0.24882274866104126,0,0.10088185966014862,0.11147649586200714,0.3313112258911133,0.27687573432922363,0,0,0,0,0,0,0,0,0,0,0,0,0,0,0,0,0,0,0,0,0,0,0,0,0,0,0,0,0,0,0
Lethargic,0,0,0,0,0.11088944226503372,0,0,0,0,0,0,0,0,0,0.18563421070575714,0.17068085074424744,0,0,0.10168919712305069,0.3411514461040497,0.24079251289367676,0,0,0,0,0,0,0,0,0,0,0,0,0,0,0,0,0,0,0,0,0,0,0,0,0,0,0,0,0,0,0
Lethargic,0,0,0,0,0.10594549030065536,0,0,0,0,0,0,0,0,0,0.1727660894393921,0.15684407949447632,0,0.1073664203286171,0.11529462784528732,0.35767099261283875,0.28137415647506714,0,0,0,0,0,0,0,0,0,0,0,0,0,0,0,0,0,0.1022493913769722,0,0,0,0,0,0,0,0,0,0,0,0,0
Lethargic,0,0,0,0,0,0,0,0,0,0,0,0,0,0,0.15788696706295013,0.14350692927837372,0,0.10814578831195831,0.11548001319169998,0.32937291264533997,0.26728132367134094,0,0,0,0,0,0,0,0,0,0,0,0,0,0,0,0,0,0,0,0,0,0,0,0,0,0,0,0,0,0,0
Lethargic,0,0,0,0,0,0,0,0,0,0,0,0.10054586827754974,0,0,0.16698405146598816,0.15526998043060303,0,0,0.10081250965595245,0.34918472170829773,0.3251548111438751,0,0,0,0,0,0,0,0,0,0,0,0,0,0,0,0,0,0,0,0,0,0,0,0,0,0,0,0,0,0,0
Lethargic,0,0,0,0,0,0,0,0,0,0,0,0,0,0,0.16829504072666168,0.15336193144321442,0,0.10341782122850418,0.1081443727016449,0.32593002915382385,0.2509014904499054,0,0,0,0,0,0,0,0,0,0,0,0,0,0,0,0,0,0,0,0,0,0,0,0,0,0,0,0,0,0,0
Lethargic,0,0,0,0,0,0,0,0,0,0,0,0,0,0,0.1566016972064972,0.14319412410259247,0,0.11315047740936279,0.12153669446706772,0.32738399505615234,0.27390119433403015,0,0,0,0,0,0,0,0,0,0,0,0,0,0,0,0,0,0,0,0,0,0,0,0,0,0,0,0,0,0,0
Lethargic,0,0,0,0,0,0,0,0,0,0,0,0.10161349177360535,0,0,0.13261127471923828,0.11885829269886017,0,0,0.10296276956796646,0.31380024552345276,0.250919908285141,0,0,0,0,0,0,0,0,0,0,0,0,0,0,0,0,0,0.10918756574392319,0,0,0,0,0,0,0,0,0,0,0,0,0
Lethargic,0,0,0,0,0,0,0,0,0,0,0,0,0,0,0.2006814032793045,0.18180720508098602,0,0.11760429292917252,0.1315496414899826,0.3274584412574768,0.21904052793979645,0,0,0,0,0,0,0,0,0,0,0,0,0,0,0,0,0,0.10150817036628723,0,0,0,0,0,0,0,0,0,0,0,0,0
Lethargic,0,0,0,0,0,0,0,0,0,0,0,0,0,0,0.2391490489244461,0.22872892022132874,0,0,0.11300204694271088,0.29566988348960876,0.2834404706954956,0,0,0,0,0,0,0,0,0,0,0,0,0,0,0,0,0,0,0,0,0,0,0,0,0,0,0,0,0,0,0
Lethargic,0,0,0,0,0.10758315771818161,0,0,0,0,0,0,0,0,0,0.1556561440229416,0.14196895062923431,0,0.11469341069459915,0.12907110154628754,0.31250065565109253,0.2755948305130005,0,0,0,0,0,0,0,0,0,0,0,0,0,0,0,0,0,0,0,0,0,0,0,0,0,0,0,0,0,0,0
Lethargic,0,0,0,0,0,0,0,0,0,0,0,0,0,0,0.1373157948255539,0.12419445812702179,0,0.10554493218660355,0.11999748647212982,0.3112235963344574,0.2627669870853424,0,0,0,0,0,0,0,0,0,0,0,0,0,0,0,0,0,0,0,0,0,0,0,0,0,0,0,0,0,0,0
Lethargic,0,0,0,0,0,0,0,0,0,0,0,0,0,0,0.12547993659973145,0.11743801087141037,0,0.10793711990118027,0.1233493834733963,0.32388344407081604,0.26350128650665283,0,0,0,0,0,0,0,0,0,0,0,0,0,0,0,0,0,0,0,0,0,0,0,0,0,0,0,0,0,0,0
Lethargic,0,0,0,0,0.10413620620965958,0,0,0,0,0,0,0.10336516797542572,0,0,0.13491949439048767,0.12373455613851547,0,0,0.10764218121767044,0.26096850633621216,0.2689478397369385,0,0,0,0,0,0,0,0,0,0,0,0,0,0,0,0,0,0.12433305382728577,0,0,0,0,0,0,0,0,0,0,0,0,0
Lethargic,0,0,0,0,0,0,0,0,0,0,0,0,0,0,0.15280018746852875,0.14062120020389557,0,0.10569586604833603,0.12062308937311172,0.3088120222091675,0.27984145283699036,0,0,0,0,0,0,0,0,0,0,0,0,0,0,0,0,0,0.11794806271791458,0,0,0,0,0,0,0,0,0,0,0,0,0
Lethargic,0,0,0,0,0,0,0,0,0,0,0,0,0,0,0.1565200239419937,0.14363664388656616,0,0.11357023566961288,0.1289428174495697,0.30904263257980347,0.2678544521331787,0,0,0,0,0,0,0,0,0,0,0,0,0,0,0,0,0,0.14284315705299377,0,0,0,0,0,0,0,0,0,0,0,0,0
Lethargic,0,0,0,0,0,0,0,0,0,0,0,0,0,0,0.13898906111717224,0.12629827857017517,0,0.10542657971382141,0.11825182288885117,0.315037339925766,0.28334513306617737,0,0,0,0,0,0,0,0,0,0,0,0,0,0,0,0,0,0.10384684801101685,0,0,0,0,0,0,0,0,0,0,0,0,0
Lethargic,0,0,0,0,0.10270526260137558,0,0,0,0,0,0,0,0,0,0.13735361397266388,0.1253201812505722,0,0,0.11496409773826599,0.2721708118915558,0.24991782009601593,0,0,0,0,0,0,0,0,0,0,0,0,0,0,0,0,0,0,0,0,0,0,0,0,0,0,0,0,0,0,0
Lethargic,0,0,0,0,0.10080921649932861,0,0,0,0,0,0,0,0,0,0.13494440913200378,0.12345799803733826,0,0.10033673793077469,0.11762167513370514,0.2785242795944214,0.23329682648181915,0,0,0,0,0,0,0,0,0,0,0,0,0,0,0,0,0,0.14789597690105438,0,0,0,0,0,0,0,0,0,0,0,0,0
Lethargic,0,0,0,0,0,0,0,0,0,0,0,0,0,0,0.17437762022018433,0.15790747106075287,0,0.12369821965694427,0.14065971970558167,0.3279881775379181,0.2719002068042755,0,0,0,0,0,0,0,0,0,0,0,0,0,0,0,0,0,0.13233645260334015,0,0,0,0,0,0,0,0,0,0,0,0,0
Lethargic,0,0,0,0,0.10425731539726257,0,0,0,0,0,0,0,0,0,0.13663992285728455,0.12512820959091187,0,0.10877390205860138,0.1243024691939354,0.3147585391998291,0.26158758997917175,0,0,0,0,0,0,0,0,0,0,0,0,0,0,0,0,0,0,0,0,0,0,0,0,0,0,0,0,0,0,0
Lethargic,0,0,0,0,0,0,0,0,0,0,0,0,0,0,0.14852626621723175,0.1354745328426361,0,0.1116103082895279,0.1254093199968338,0.33130380511283875,0.25642192363739014,0,0,0,0,0,0,0,0,0,0,0,0,0,0,0,0,0,0.12336458265781403,0,0,0,0,0,0,0,0,0,0,0,0,0
Lethargic,0,0,0,0,0.15202659368515015,0,0,0,0,0,0,0,0,0,0.2206370234489441,0.20277605950832367,0,0,0.1073017492890358,0.34150075912475586,0.3062700033187866,0,0,0,0,0,0,0,0,0,0,0,0,0,0,0,0,0,0,0,0,0,0,0,0,0,0,0,0,0,0,0
Lethargic,0,0,0,0,0.1223958358168602,0,0,0,0,0,0,0,0,0,0.28813812136650085,0.2778053283691406,0,0.10474163293838501,0.11777953803539276,0.3055032789707184,0.24889464676380157,0,0,0,0,0,0,0,0,0,0,0,0,0,0,0,0,0,0,0,0,0,0,0,0,0,0,0,0,0,0,0
Lethargic,0,0,0,0,0.11569637805223465,0,0,0,0,0,0,0,0,0,0.23043988645076752,0.2140032947063446,0,0.10515914857387543,0.11610401421785355,0.33542877435684204,0.23203308880329132,0,0,0,0,0,0,0,0,0,0,0,0,0,0,0,0,0,0.11717885732650757,0,0,0,0,0,0,0,0,0,0,0,0,0
Lethargic,0,0,0,0,0,0,0,0,0,0,0,0,0,0,0.18137004971504211,0.16439937055110931,0,0.11844706535339355,0.12798450887203217,0.34476518630981445,0.266251802444458,0,0,0,0,0,0,0,0,0,0,0,0,0,0,0,0,0,0,0,0,0,0,0,0,0,0,0,0,0,0,0
Lethargic,0,0,0,0,0.12128195911645889,0,0,0,0,0,0,0,0,0,0.15343263745307922,0.13722671568393707,0,0,0.11342481523752213,0.27295172214508057,0.18649406731128693,0,0,0,0,0,0,0,0,0,0,0,0,0,0,0,0,0,0,0,0,0,0,0,0,0,0,0,0,0,0,0
Lethargic,0,0,0,0,0,0,0,0,0,0,0,0,0,0,0.15544192492961884,0.1439659148454666,0,0.11435852944850922,0.12296100705862045,0.33298322558403015,0.23463095724582672,0,0,0,0,0,0,0,0,0,0,0,0,0,0,0,0,0,0,0,0,0,0,0,0,0,0,0,0,0,0,0
Lethargic,0,0,0,0,0,0,0,0,0,0,0,0.10252305865287781,0.10266615450382233,0,0.15350046753883362,0.14316977560520172,0,0,0,0.3878490924835205,0.29342496395111084,0,0,0,0,0,0,0,0,0,0,0,0,0,0,0,0,0,0,0,0,0,0,0,0,0,0,0,0,0,0,0
Lethargic,0,0,0,0,0,0,0,0,0,0,0,0.102232426404953,0,0,0.12822604179382324,0.11836807429790497,0,0,0.1003897562623024,0.34105798602104187,0.23032478988170624,0,0,0,0,0,0,0,0,0,0,0,0,0,0,0,0,0,0,0,0,0,0,0,0,0,0,0,0,0,0,0
Lethargic,0,0,0,0,0,0,0,0,0,0,0,0.10337062180042267,0.10025663673877716,0,0.14495624601840973,0.13663356006145477,0,0,0,0.3621905744075775,0.3059963285923004,0,0,0,0,0,0,0,0,0,0,0,0,0,0,0,0,0,0,0,0,0,0,0,0,0,0,0,0,0,0,0
Lethargic,0,0,0,0,0,0,0,0,0,0,0,0,0,0,0.14755062758922577,0.1355479657649994,0,0.10300631821155548,0.11092832684516907,0.30705171823501587,0.25396937131881714,0,0,0,0,0,0,0,0,0,0,0,0,0,0,0,0,0,0.10870397835969925,0,0,0,0,0,0,0,0,0,0,0,0,0
Lethargic,0,0,0,0,0,0,0,0,0,0,0,0,0,0,0.10511725395917892,0.10311457514762878,0,0.12710782885551453,0.14129602909088135,0.35165074467658997,0.255207896232605,0,0,0,0,0,0,0,0,0,0,0,0,0,0,0,0,0,0,0,0,0,0,0,0,0,0,0,0,0,0,0
Lethargic,0,0,0,0,0.10654869675636292,0,0,0,0,0,0,0,0,0,0.1480778604745865,0.13230279088020325,0,0.11285626143217087,0.1252315491437912,0.3232993185520172,0.23844848573207855,0,0,0,0,0,0,0,0,0,0,0,0,0,0,0,0,0,0.1103697419166565,0,0,0,0,0,0,0,0,0,0,0,0,0
Lethargic,0,0,0,0,0.10828503221273422,0,0,0,0,0,0,0,0,0,0.17309291660785675,0.15692614018917084,0,0.1097317785024643,0.12004177272319794,0.312137633562088,0.2518722712993622,0,0,0,0,0,0,0,0,0,0,0,0,0,0,0,0,0,0,0,0,0,0,0,0,0,0,0,0,0,0,0
Lethargic,0,0,0,0,0,0,0,0,0,0,0,0,0,0,0.16048811376094818,0.1429658681154251,0,0.10285492241382599,0.11173343658447266,0.3479730784893036,0.2875671982765198,0,0,0,0,0,0,0,0,0,0,0,0,0,0,0,0,0,0,0,0,0,0,0,0,0,0,0,0,0,0,0
Lethargic,0,0,0,0,0.11274512857198715,0,0,0,0,0,0,0,0,0,0.13959729671478271,0.12644295394420624,0,0.11717069149017334,0.13210441172122955,0.3243372142314911,0.26666951179504395,0,0,0,0,0,0,0,0,0,0,0,0,0,0,0,0,0,0,0,0,0,0,0,0,0,0,0,0,0,0,0
Lethargic,0,0,0,0,0,0,0,0,0,0,0,0,0,0,0.13900625705718994,0.12772175669670105,0,0.10574629157781601,0.11978290230035782,0.32127007842063904,0.3000029921531677,0,0,0,0,0,0,0,0,0,0,0,0,0,0,0,0,0,0,0,0,0,0,0,0,0,0,0,0,0,0,0
Lethargic,0,0,0,0,0.13537997007369995,0,0,0,0,0,0,0,0,0,0.17255787551403046,0.15718872845172882,0,0.10073844343423843,0.10794626921415329,0.3262196183204651,0.2672775983810425,0,0,0,0,0,0,0,0,0,0,0,0,0,0,0,0,0,0.11901624500751495,0,0,0,0,0,0,0,0,0,0,0,0,0
Lethargic,0,0,0,0,0,0,0,0,0,0,0,0.13193754851818085,0.13151933252811432,0,0.17595520615577698,0.16533467173576355,0,0,0,0.35174235701560974,0.2475617676973343,0,0,0,0,0,0,0,0,0,0,0,0,0,0,0,0,0,0,0,0,0,0,0,0,0,0,0,0,0,0,0
Lethargic,0,0,0,0,0,0,0,0,0,0,0,0.125600203871727,0.11918845027685165,0,0.1491153985261917,0.13813215494155884,0,0,0,0.3252931237220764,0.21690939366817474,0,0,0,0,0,0,0,0,0,0,0,0,0,0,0,0,0,0,0,0,0,0,0,0,0,0,0,0,0,0,0
Lethargic,0,0,0,0,0,0,0,0,0,0,0,0.13728885352611542,0.1265750378370285,0,0.16300839185714722,0.1489412784576416,0,0,0,0.3751334249973297,0.2620996832847595,0,0,0,0,0,0,0,0,0,0,0,0,0,0,0,0,0,0,0,0,0,0,0,0,0,0,0,0,0,0,0
Lethargic,0,0,0,0,0,0,0,0,0,0,0,0,0,0,0.15912599861621857,0.14443637430667877,0,0.10176482796669006,0.10962262749671936,0.35241782665252686,0.25407999753952026,0,0,0,0,0,0,0,0,0,0,0,0,0,0,0,0,0,0,0,0,0,0,0,0,0,0,0,0,0,0,0
Lethargic,0,0,0,0,0,0,0,0,0,0,0,0,0,0,0.16324925422668457,0.14820945262908936,0,0.10625346004962921,0.11700326204299927,0.32915231585502625,0.2820604145526886,0,0,0,0,0,0,0,0,0,0,0,0,0,0,0,0,0,0.11597230285406113,0,0,0,0,0,0,0,0,0,0,0,0,0
Lethargic,0,0,0,0,0.10104627162218094,0,0,0,0,0,0,0,0,0,0.1425093561410904,0.1318405121564865,0,0,0.10667254030704498,0.349171906709671,0.28169548511505127,0,0,0,0,0,0,0,0,0,0,0,0,0,0,0,0,0,0.12749069929122925,0,0,0,0,0,0,0,0,0,0,0,0,0
Lethargic,0,0,0,0,0,0,0,0,0,0,0,0,0,0,0.13540828227996826,0.1247817873954773,0,0.11887747794389725,0.13089975714683533,0.335738867521286,0.22822308540344238,0,0,0,0,0,0,0,0,0,0,0,0,0,0,0,0,0,0,0,0,0,0,0,0,0,0,0,0,0,0,0
Lethargic,0,0,0,0,0.11219269782304764,0,0,0,0,0,0,0,0,0,0.1792762726545334,0.1628076285123825,0,0.10402237623929977,0.11367492377758026,0.31981465220451355,0.26438361406326294,0,0,0,0,0,0,0,0,0,0,0,0,0,0,0,0,0,0,0,0,0,0,0,0,0,0,0,0,0,0,0
Lethargic,0,0,0,0,0,0,0,0,0,0,0,0,0,0,0.1668022722005844,0.15151110291481018,0,0.11109453439712524,0.121037058532238,0.3570675849914551,0.2924177646636963,0,0,0,0,0,0,0,0,0,0,0,0,0,0,0,0,0,0,0,0,0,0,0,0,0,0,0,0,0,0,0
Lethargic,0,0,0,0,0,0,0,0,0,0,0,0.14396239817142487,0.1388588845729828,0,0.14644387364387512,0.13637758791446686,0,0,0,0.2983456254005432,0.1716652363538742,0,0,0,0,0,0,0,0,0,0,0,0,0,0,0,0,0,0,0,0,0,0,0,0,0,0,0,0,0,0,0
Lethargic,0,0,0,0,0,0,0,0,0,0,0,0,0,0,0.1414322704076767,0.1326848417520523,0,0.10093167424201965,0.10874153673648834,0.3309869170188904,0.2851938307285309,0,0,0,0,0,0,0,0,0,0,0,0,0,0,0,0,0,0,0,0,0,0,0,0,0,0,0,0,0,0,0
Lethargic,0,0,0,0,0,0,0,0,0,0,0,0,0,0,0.16305676102638245,0.1501651406288147,0,0.11143995076417923,0.12307059019804001,0.312457799911499,0.20131580531597137,0,0,0,0,0,0,0,0,0,0,0,0,0,0,0,0,0,0,0,0,0,0,0,0,0,0,0,0,0,0,0
Lethargic,0,0,0,0,0,0,0,0,0,0,0,0,0,0,0.1684844195842743,0.15270304679870605,0,0.11292888969182968,0.12376293540000916,0.3357464671134949,0.2403498888015747,0,0,0,0,0,0,0,0,0,0,0,0,0,0,0,0,0,0,0,0,0,0,0,0,0,0,0,0,0,0,0
Lethargic,0,0,0,0,0,0,0,0,0,0,0,0,0,0,0.16392992436885834,0.1484142690896988,0,0.10219621658325195,0.10968244820833206,0.3253547251224518,0.23728550970554352,0,0,0,0,0,0,0,0,0,0,0,0,0,0,0,0,0,0,0,0,0,0,0,0,0,0,0,0,0,0,0
Lethargic,0,0,0,0,0,0,0,0,0,0,0,0,0,0,0.1480032354593277,0.1375570446252823,0,0,0.10286392271518707,0.341172456741333,0.2683410942554474,0,0,0,0,0,0,0,0,0,0,0,0,0,0,0,0,0,0,0,0,0,0,0,0,0,0,0,0,0,0,0
Lethargic,0,0,0,0,0,0,0,0,0,0,0,0,0,0,0.14934955537319183,0.1362728476524353,0,0.1123945489525795,0.12050659209489822,0.3679286241531372,0.3037410378456116,0,0,0,0,0,0,0,0,0,0,0,0,0,0,0,0,0,0,0,0,0,0,0,0,0,0,0,0,0,0,0
Lethargic,0,0,0,0,0,0,0,0,0,0,0,0,0,0,0.1483338326215744,0.13228872418403625,0,0.11447227001190186,0.12904953956604004,0.34754353761672974,0.25495073199272156,0,0,0,0,0,0,0,0,0,0,0,0,0,0,0,0,0,0,0,0,0,0,0,0,0,0,0,0,0,0,0
Lethargic,0,0,0,0,0,0,0,0,0,0,0,0,0,0,0.1778314709663391,0.1607787311077118,0,0.11275212466716766,0.12371622771024704,0.3324650526046753,0.26438531279563904,0,0,0,0,0,0,0,0,0,0,0,0,0,0,0,0,0,0,0,0,0,0,0,0,0,0,0,0,0,0,0
Lethargic,0,0,0,0,0,0,0,0,0,0,0,0,0,0,0.17625464498996735,0.159675732254982,0,0.10278493165969849,0.11474039405584335,0.32686489820480347,0.26434314250946045,0,0,0,0,0,0,0,0,0,0,0,0,0,0,0,0,0,0,0,0,0,0,0,0,0,0,0,0,0,0,0
Lethargic,0,0,0,0,0.10401871800422668,0,0,0,0,0,0,0,0,0,0.12971319258213043,0.12181305885314941,0,0.11734944581985474,0.13016879558563232,0.34429293870925903,0.26244407892227173,0,0,0,0,0,0,0,0,0,0,0,0,0,0,0,0,0,0,0,0,0,0,0,0,0,0,0,0,0,0,0
Lethargic,0,0,0,0,0.10664601624011993,0,0,0,0,0,0,0.10815487056970596,0,0,0.14225906133651733,0.12759047746658325,0,0,0,0.2771170139312744,0.23263312876224518,0,0,0,0,0,0,0,0,0,0,0,0,0,0,0,0,0,0,0,0,0,0,0,0,0,0,0,0,0,0,0
Lethargic,0,0,0,0,0.10966091603040695,0,0,0,0,0,0,0.10001330077648163,0,0,0.2129768282175064,0.1995977908372879,0,0,0.10031745582818985,0.3284738063812256,0.23025763034820557,0,0,0,0,0,0,0,0,0,0,0,0,0,0,0,0,0,0,0,0,0,0,0,0,0,0,0,0,0,0,0
Lethargic,0,0,0,0,0,0,0,0,0,0,0,0,0,0,0.19397664070129395,0.1801851987838745,0,0.1103387326002121,0.11692623049020767,0.3281433880329132,0.23009569942951202,0,0,0,0,0,0,0,0,0,0,0,0,0,0,0,0,0,0,0,0,0,0,0,0,0,0,0,0,0,0,0
Lethargic,0,0,0,0,0,0,0,0,0,0,0,0,0,0,0.16766956448554993,0.15171879529953003,0,0.11045105010271072,0.12061172723770142,0.3031024634838104,0.23936456441879272,0,0,0,0,0,0,0,0,0,0,0,0,0,0,0,0,0,0,0,0,0,0,0,0,0,0,0,0,0,0,0
Lethargic,0,0,0,0,0,0,0,0,0,0,0,0.10693563520908356,0.10139806568622589,0,0.17811958491802216,0.1648494005203247,0,0,0,0.34361064434051514,0.3163958489894867,0,0,0,0,0,0,0,0,0,0,0,0,0,0,0,0,0,0,0,0,0,0,0,0,0,0,0,0,0,0,0
Lethargic,0,0,0,0,0,0,0,0,0,0,0,0,0,0,0.1685677021741867,0.15594853460788727,0,0.10525920242071152,0.11014528572559357,0.3619491755962372,0.33345827460289,0,0,0,0,0,0,0,0,0,0,0,0,0,0,0,0,0,0,0,0,0,0,0,0,0,0,0,0,0,0,0
Lethargic,0,0,0,0,0,0,0,0,0,0,0,0.10181134939193726,0,0,0.16639778017997742,0.15246862173080444,0,0,0,0.3089412450790405,0.2558225989341736,0,0,0,0,0,0,0,0,0,0,0,0,0,0,0,0,0,0,0,0,0,0,0,0,0,0,0,0,0,0,0
Lethargic,0,0,0,0,0,0,0,0,0,0,0,0,0,0,0.17818860709667206,0.16454923152923584,0,0.10214691609144211,0.1087421402335167,0.32101815938949585,0.2579701840877533,0,0,0,0,0,0,0,0,0,0,0,0,0,0,0,0,0,0,0,0,0,0,0,0,0,0,0,0,0,0,0
Lethargic,0,0,0,0,0.11557646840810776,0,0,0,0,0,0,0,0,0,0.18848766386508942,0.17556363344192505,0,0.12234913557767868,0.13066603243350983,0.3485890328884125,0.25682857632637024,0,0,0,0,0,0,0,0,0,0,0,0,0,0,0,0,0,0,0,0,0,0,0,0,0,0,0,0,0,0,0
Lethargic,0,0,0,0,0.11117459088563919,0,0,0,0,0,0,0,0,0,0.16712816059589386,0.15440978109836578,0,0.1177925169467926,0.1327078938484192,0.3448995351791382,0.2501547038555145,0,0,0,0,0,0,0,0,0,0,0,0,0,0,0,0,0,0,0,0,0,0,0,0,0,0,0,0,0,0,0
Lethargic,0,0,0,0,0,0,0,0,0,0,0,0,0,0,0.1766398549079895,0.16157732903957367,0,0.11259271949529648,0.12993040680885315,0.29736971855163574,0.2666012942790985,0,0,0,0,0,0,0,0,0,0,0,0,0,0,0,0,0,0,0,0,0,0,0,0,0,0,0,0,0,0,0
Lethargic,0,0,0,0,0,0,0,0,0,0,0,0,0,0,0.16463609039783478,0.15244443714618683,0,0.10787399858236313,0.12458105385303497,0.33036768436431885,0.2772238552570343,0,0,0,0,0,0,0,0,0,0,0,0,0,0,0,0,0,0,0,0,0,0,0,0,0,0,0,0,0,0,0
Lethargic,0,0,0,0,0,0,0,0,0,0,0,0,0,0,0.1471865475177765,0.13258008658885956,0,0.11408457159996033,0.13561192154884338,0.3276127576828003,0.2918452322483063,0,0,0,0,0,0,0,0,0,0,0,0,0,0,0,0,0,0.102470263838768,0,0,0,0,0,0,0,0,0,0,0,0,0
Lethargic,0,0,0,0,0,0,0,0,0,0,0,0,0,0,0.12537825107574463,0.11417996883392334,0,0.11034984886646271,0.1268054097890854,0.313321590423584,0.25247228145599365,0,0,0,0,0,0,0,0,0,0,0,0,0,0,0,0,0,0,0,0,0,0,0,0,0,0,0,0,0,0,0
Lethargic,0,0,0,0,0.11260972917079926,0,0,0,0,0,0,0.13242541253566742,0.1213177889585495,0,0.15826763212680817,0.14274998009204865,0,0,0,0.2563762664794922,0.24244019389152527,0,0,0,0,0,0,0,0,0,0,0,0,0,0,0,0,0,0,0,0,0,0,0,0,0,0,0,0,0,0,0
Lethargic,0,0,0,0,0,0,0,0,0,0,0,0.10152331739664078,0,0,0.12555183470249176,0.11326740682125092,0,0,0.10911407321691513,0.3084033131599426,0.28490081429481506,0,0,0,0,0,0,0,0,0,0,0,0,0,0,0,0,0,0,0,0,0,0,0,0,0,0,0,0,0,0,0
Lethargic,0,0,0,0,0.10479749739170074,0,0,0,0,0,0,0,0,0,0.15772365033626556,0.1414475440979004,0,0.1030597910284996,0.11767441779375076,0.3019227087497711,0.25324898958206177,0,0,0,0,0,0,0,0,0,0,0,0,0,0,0,0,0,0,0,0,0,0,0,0,0,0,0,0,0,0,0
Lethargic,0,0,0,0,0,0,0,0,0,0,0,0,0,0,0.14520065486431122,0.13372854888439178,0,0.10799890756607056,0.12149294465780258,0.32692936062812805,0.3121510148048401,0,0,0,0,0,0,0,0,0,0,0,0,0,0,0,0,0,0,0,0,0,0,0,0,0,0,0,0,0,0,0
Lethargic,0,0,0,0,0,0,0,0,0,0,0,0,0,0,0.17742031812667847,0.16012988984584808,0,0.10755231976509094,0.1207926794886589,0.30896636843681335,0.2691466808319092,0,0,0,0,0,0,0,0,0,0,0,0,0,0,0,0,0,0,0,0,0,0,0,0,0,0,0,0,0,0,0
Lethargic,0,0,0,0,0,0,0,0,0,0,0,0.10535074025392532,0,0,0.12367957830429077,0.11037822812795639,0,0,0.10414548218250275,0.23611043393611908,0.2336924821138382,0,0,0,0,0,0,0,0,0,0,0,0,0,0,0,0,0,0,0,0,0,0,0,0,0,0,0,0,0,0,0
Lethargic,0,0,0,0,0,0,0,0,0,0,0,0,0,0,0.1370440572500229,0.12386081367731094,0,0.1088448092341423,0.1240420788526535,0.29847827553749084,0.2817399799823761,0,0,0,0,0,0,0,0,0,0,0,0,0,0,0,0,0,0.10953150689601898,0,0,0,0,0,0,0,0,0,0,0,0,0
Lethargic,0,0,0,0,0,0,0,0,0,0,0,0,0,0,0.13740268349647522,0.1254936158657074,0,0.10049686580896378,0.11040524393320084,0.35220688581466675,0.33905601501464844,0,0,0,0,0,0,0,0,0,0,0,0,0,0,0,0,0,0,0,0,0,0,0,0,0,0,0,0,0,0,0
Lethargic,0,0,0,0,0,0,0,0,0,0,0,0,0,0,0.14646752178668976,0.13677632808685303,0,0.11307242512702942,0.12286891788244247,0.37667316198349,0.3321768343448639,0,0,0,0,0,0,0,0,0,0,0,0,0,0,0,0,0,0,0,0,0,0,0,0,0,0,0,0,0,0,0
Lethargic,0,0,0,0,0,0,0,0,0,0,0,0,0,0,0.1416318118572235,0.12848785519599915,0,0.10927393287420273,0.1211191713809967,0.32389864325523376,0.2754676043987274,0,0,0,0,0,0,0,0,0,0,0,0,0,0,0,0,0,0,0,0,0,0,0,0,0,0,0,0,0,0,0
Lethargic,0,0,0,0,0,0,0,0,0,0,0,0,0,0,0.13917028903961182,0.12618710100650787,0,0.1100340262055397,0.12293487042188644,0.3190537691116333,0.2739333212375641,0,0,0,0,0,0,0,0,0,0,0,0,0,0,0,0,0,0,0,0,0,0,0,0,0,0,0,0,0,0,0
Lethargic,0,0,0,0,0,0,0,0,0,0,0,0,0,0,0.13301226496696472,0.12023123353719711,0,0.10518259555101395,0.11705095320940018,0.3131472170352936,0.26809561252593994,0,0,0,0,0,0,0,0,0,0,0,0,0,0,0,0,0,0,0,0,0,0,0,0,0,0,0,0,0,0,0
Lethargic,0,0,0,0,0,0,0,0,0,0,0,0,0,0,0.18539489805698395,0.16734088957309723,0,0.1102013885974884,0.11971978843212128,0.3372076749801636,0.26683226227760315,0,0,0,0,0,0,0,0,0,0,0,0,0,0,0,0,0,0,0,0,0,0,0,0,0,0,0,0,0,0,0
Lethargic,0,0,0,0,0,0,0,0,0,0,0,0,0,0,0.21517020463943481,0.19784225523471832,0,0.10124426335096359,0.10772731155157089,0.3352491855621338,0.2830800712108612,0,0,0,0,0,0,0,0,0,0,0,0,0,0,0,0,0,0,0,0,0,0,0,0,0,0,0,0,0,0,0
Lethargic,0,0,0,0,0,0,0,0,0,0,0,0,0,0,0.1379104107618332,0.1262039840221405,0,0.11072103679180145,0.1210363432765007,0.348793625831604,0.2965385913848877,0,0,0,0,0,0,0,0,0,0,0,0,0,0,0,0,0,0,0,0,0,0,0,0,0,0,0,0,0,0,0
Lethargic,0,0,0,0,0,0,0,0,0,0,0,0,0,0,0.15878425538539886,0.1437775194644928,0,0.10996449738740921,0.11957544833421707,0.3440084457397461,0.28699102997779846,0,0,0,0,0,0,0,0,0,0,0,0,0,0,0,0,0,0,0,0,0,0,0,0,0,0,0,0,0,0,0
Lethargic,0,0,0,0,0.1024942621588707,0,0,0,0,0,0,0,0,0,0.16911573708057404,0.1533282995223999,0,0.10425868630409241,0.112764872610569,0.35090160369873047,0.2799031138420105,0,0,0,0,0,0,0,0,0,0,0,0,0,0,0,0,0,0,0,0,0,0,0,0,0,0,0,0,0,0,0
Lethargic,0,0,0,0,0,0,0,0,0,0,0,0.10371173918247223,0,0,0.21556761860847473,0.20141637325286865,0,0,0.10138075798749924,0.3238532841205597,0.22493913769721985,0,0,0,0,0,0,0,0,0,0,0,0,0,0,0,0,0,0,0,0,0,0,0,0,0,0,0,0,0,0,0
Lethargic,0,0,0,0,0,0,0,0,0,0,0,0,0,0,0.169389545917511,0.15218962728977203,0,0.10931480675935745,0.1180812269449234,0.3230593502521515,0.2438509613275528,0,0,0,0,0,0,0,0,0,0,0,0,0,0,0,0,0,0,0,0,0,0,0,0,0,0,0,0,0,0,0
Lethargic,0,0,0,0,0,0,0,0,0,0,0,0,0,0,0.17418788373470306,0.1579591929912567,0,0.104194276034832,0.11378519982099533,0.31137707829475403,0.2598225772380829,0,0,0,0,0,0,0,0,0,0,0,0,0,0,0,0,0,0,0,0,0,0,0,0,0,0,0,0,0,0,0
Lethargic,0,0,0,0,0,0,0,0,0,0,0,0,0,0,0.1768186390399933,0.15850815176963806,0,0.10795178264379501,0.11807206273078918,0.30002814531326294,0.21552927792072296,0,0,0,0,0,0,0,0,0,0,0,0,0,0,0,0,0,0,0,0,0,0,0,0,0,0,0,0,0,0,0
Lethargic,0,0,0,0,0,0,0,0,0,0,0,0,0,0,0.14117448031902313,0.12873832881450653,0,0.10413313657045364,0.11461537331342697,0.31204044818878174,0.2754872143268585,0,0,0,0,0,0,0,0,0,0,0,0,0,0,0,0,0,0,0,0,0,0,0,0,0,0,0,0,0,0,0
Lethargic,0,0,0,0,0,0,0,0,0,0,0,0,0,0,0.15459845960140228,0.13974812626838684,0,0.10800290107727051,0.12058970332145691,0.3019888699054718,0.26440945267677307,0,0,0,0,0,0,0,0,0,0,0,0,0,0,0,0,0,0,0,0,0,0,0,0,0,0,0,0,0,0,0
Lethargic,0,0,0,0,0,0,0,0,0,0,0,0,0,0,0.17704108357429504,0.16184648871421814,0,0.10559451580047607,0.11412874609231949,0.3478293716907501,0.33090686798095703,0,0,0,0,0,0,0,0,0,0,0,0,0,0,0,0,0,0,0,0,0,0,0,0,0,0,0,0,0,0,0
Lethargic,0,0,0,0,0,0,0,0,0,0,0,0,0,0,0.1939215064048767,0.17963550984859467,0,0.10627605766057968,0.11482307314872742,0.31254664063453674,0.27071481943130493,0,0,0,0,0,0,0,0,0,0,0,0,0,0,0,0,0,0,0,0,0,0,0,0,0,0,0,0,0,0,0
Lethargic,0,0,0,0,0,0,0,0,0,0,0,0,0,0,0.1950695514678955,0.1765003204345703,0,0.10488364100456238,0.11132322996854782,0.3225686848163605,0.25788918137550354,0,0,0,0,0,0,0,0,0,0,0,0,0,0,0,0,0,0,0,0,0,0,0,0,0,0,0,0,0,0,0
Lethargic,0,0,0,0,0,0,0,0,0,0,0,0.10386576503515244,0,0,0.17190487682819366,0.15818259119987488,0,0,0,0.32616937160491943,0.2419261634349823,0,0,0,0,0,0,0,0,0,0,0,0,0,0,0,0,0,0,0,0,0,0,0,0,0,0,0,0,0,0,0
Lethargic,0,0,0,0,0,0,0,0,0,0,0,0,0,0,0.16713187098503113,0.15288570523262024,0,0.10573393106460571,0.1102798581123352,0.35546740889549255,0.2908795177936554,0,0,0,0,0,0,0,0,0,0,0,0,0,0,0,0,0,0,0,0,0,0,0,0,0,0,0,0,0,0,0
Lethargic,0,0,0,0,0,0,0,0,0,0,0,0,0,0,0.16931241750717163,0.15257251262664795,0,0.10982310026884079,0.11871332675218582,0.3271602690219879,0.24290874600410461,0,0,0,0,0,0,0,0,0,0,0,0,0,0,0,0,0,0,0,0,0,0,0,0,0,0,0,0,0,0,0
Lethargic,0,0,0,0,0,0,0,0,0,0,0,0,0,0,0.1854829639196396,0.16862401366233826,0,0.11696046590805054,0.12755389511585236,0.3115442991256714,0.26865866780281067,0,0,0,0,0,0,0,0,0,0,0,0,0,0,0,0,0,0,0,0,0,0,0,0,0,0,0,0,0,0,0
Lethargic,0,0,0,0,0,0,0,0,0,0,0,0,0,0,0.14113304018974304,0.1300971806049347,0,0,0.10641198605298996,0.3329232931137085,0.2719700336456299,0,0,0,0,0,0,0,0,0,0,0,0,0,0,0,0,0,0.10514064878225327,0,0,0,0,0,0,0,0,0,0,0,0,0
Lethargic,0,0,0,0,0,0,0,0,0,0,0,0,0,0,0.18566396832466125,0.17188599705696106,0,0.10191048681735992,0.10969141870737076,0.30189934372901917,0.23372960090637207,0,0,0,0,0,0,0,0,0,0,0,0,0,0,0,0,0,0,0,0,0,0,0,0,0,0,0,0,0,0,0
Lethargic,0,0,0,0,0,0,0,0,0,0,0,0,0,0,0.1847786009311676,0.1651676446199417,0,0,0.10563503205776215,0.2997036874294281,0.2692778408527374,0,0,0,0,0,0,0,0,0,0,0,0,0,0,0,0,0,0,0,0,0,0,0,0,0,0,0,0,0,0,0
Lethargic,0,0,0,0,0,0,0,0,0,0,0,0,0,0,0.17425405979156494,0.15867891907691956,0,0.11074308305978775,0.12014990299940109,0.3321763873100281,0.27835917472839355,0,0,0,0,0,0,0,0,0,0,0,0,0,0,0,0,0,0.10665132850408554,0,0,0,0,0,0,0,0,0,0,0,0,0
Lethargic,0,0,0,0,0,0,0,0,0,0,0,0,0,0,0.18201619386672974,0.16896837949752808,0,0,0.1035166010260582,0.3435991406440735,0.3242318630218506,0,0,0,0,0,0,0,0,0,0,0,0,0,0,0,0,0,0,0,0,0,0,0,0,0,0,0,0,0,0,0
Lethargic,0,0,0,0,0,0,0,0,0,0,0,0.12137594074010849,0.11457066237926483,0,0.16864944994449615,0.15333735942840576,0,0,0,0.32902759313583374,0.28932368755340576,0,0,0,0,0,0,0,0,0,0,0,0,0,0,0,0,0,0,0,0,0,0,0,0,0,0,0,0,0,0,0
Lethargic,0,0,0,0,0,0,0,0,0,0,0,0,0,0,0.15764184296131134,0.14574754238128662,0,0,0.10367722064256668,0.3247455060482025,0.283074289560318,0,0,0,0,0,0,0,0,0,0,0,0,0,0,0,0,0,0,0,0,0,0,0,0,0,0,0,0,0,0,0
Lethargic,0,0,0,0,0,0,0,0,0,0,0,0,0,0,0.17954857647418976,0.16550284624099731,0,0,0.10906052589416504,0.28864991664886475,0.2555484175682068,0,0,0,0,0,0,0,0,0,0,0,0,0,0,0,0,0,0,0,0,0,0,0,0,0,0,0,0,0,0,0
Lethargic,0,0,0,0,0,0,0,0,0,0,0,0,0,0,0.13237693905830383,0.12159385532140732,0,0.11271241307258606,0.11887213587760925,0.36391711235046387,0.3045555055141449,0,0,0,0,0,0,0,0,0,0,0,0,0,0,0,0,0,0,0,0,0,0,0,0,0,0,0,0,0,0,0
Lethargic,0,0,0,0,0,0,0,0,0,0,0,0,0,0,0.11585894972085953,0.10431300848722458,0,0.1163664236664772,0.13008151948451996,0.319818377494812,0.2622030973434448,0,0,0,0,0,0,0,0,0,0,0,0,0,0,0,0,0,0,0,0,0,0,0,0,0,0,0,0,0,0,0
Lethargic,0,0,0,0,0,0,0,0,0,0,0,0,0,0,0.135798379778862,0.12102346122264862,0,0.11952751874923706,0.1370254009962082,0.3199242055416107,0.27162888646125793,0,0,0,0,0,0,0,0,0,0,0,0,0,0,0,0,0,0,0,0,0,0,0,0,0,0,0,0,0,0,0
Lethargic,0,0,0,0,0,0,0,0,0,0,0,0,0,0,0.14804251492023468,0.13493075966835022,0,0.10748185962438583,0.1192459687590599,0.3432597815990448,0.30151504278182983,0,0,0,0,0,0,0,0,0,0,0,0,0,0,0,0,0,0,0,0,0,0,0,0,0,0,0,0,0,0,0
Lethargic,0,0,0,0,0,0,0,0,0,0,0,0,0,0,0.11647903174161911,0.10459025204181671,0,0.11238253861665726,0.12739938497543335,0.33238789439201355,0.27966776490211487,0,0,0,0,0,0,0,0,0,0,0,0,0,0,0,0,0,0,0,0,0,0,0,0,0,0,0,0,0,0,0
Lethargic,0,0,0,0,0,0,0,0,0,0,0,0,0,0,0.15811142325401306,0.14407150447368622,0,0.11951171606779099,0.13321299850940704,0.33578234910964966,0.28288233280181885,0,0,0,0,0,0,0,0,0,0,0,0,0,0,0,0,0,0,0,0,0,0,0,0,0,0,0,0,0,0,0
Lethargic,0,0,0,0,0,0,0,0,0,0,0,0,0,0,0.16246353089809418,0.14672797918319702,0,0.10968594253063202,0.12397099286317825,0.31270718574523926,0.2810010313987732,0,0,0,0,0,0,0,0,0,0,0,0,0,0,0,0,0,0.10081043094396591,0,0,0,0,0,0,0,0,0,0,0,0,0
Lethargic,0,0,0,0,0,0,0,0,0,0,0,0,0,0,0.13787755370140076,0.12315516918897629,0,0.1015138104557991,0.11970840394496918,0.28348758816719055,0.280057430267334,0,0,0,0,0,0,0,0,0,0,0,0,0,0,0,0,0,0,0,0,0,0,0,0,0,0,0,0,0,0,0
Lethargic,0,0,0,0,0,0,0,0,0,0,0,0,0,0,0.14797285199165344,0.13363546133041382,0,0.10380228608846664,0.12189075350761414,0.29381418228149414,0.24531251192092896,0,0,0,0,0,0,0,0,0,0,0,0,0,0,0,0,0,0,0,0,0,0,0,0,0,0,0,0,0,0,0
Lethargic,0,0,0,0,0.10643654316663742,0,0,0,0,0,0,0,0,0,0.13428756594657898,0.12139274179935455,0,0.10155507177114487,0.11873684823513031,0.28753015398979187,0.2772689163684845,0,0,0,0,0,0,0,0,0,0,0,0,0,0,0,0,0,0,0,0,0,0,0,0,0,0,0,0,0,0,0
Lethargic,0,0,0,0,0,0,0,0,0,0,0,0,0,0,0.15459953248500824,0.13828350603580475,0,0.11190620064735413,0.1264486163854599,0.3182160258293152,0.26418134570121765,0,0,0,0,0,0,0,0,0,0,0,0,0,0,0,0,0,0,0,0,0,0,0,0,0,0,0,0,0,0,0
Lethargic,0,0,0,0,0,0,0,0,0,0,0,0,0,0,0.14277826249599457,0.12974922358989716,0,0.10074028372764587,0.1118682250380516,0.31922510266304016,0.29459628462791443,0,0,0,0,0,0,0,0,0,0,0,0,0,0,0,0,0,0,0,0,0,0,0,0,0,0,0,0,0,0,0
Lethargic,0,0,0,0,0,0,0,0,0,0,0,0,0,0,0.13227343559265137,0.11973046511411667,0,0.10813237726688385,0.12106549739837646,0.3519423305988312,0.270629346370697,0,0,0,0,0,0,0,0,0,0,0,0,0,0,0,0,0,0,0,0,0,0,0,0,0,0,0,0,0,0,0
Lethargic,0,0,0,0,0,0,0,0,0,0,0,0,0,0,0.14273403584957123,0.1300833523273468,0,0.10893072187900543,0.1226210743188858,0.3326297402381897,0.2797503173351288,0,0,0,0,0,0,0,0,0,0,0,0,0,0,0,0,0,0.1036091074347496,0,0,0,0,0,0,0,0,0,0,0,0,0
Lethargic,0,0,0,0,0,0,0,0,0,0,0,0,0,0,0.14398404955863953,0.12998422980308533,0,0.11322595179080963,0.12771400809288025,0.3323449492454529,0.267282634973526,0,0,0,0,0,0,0,0,0,0,0,0,0,0,0,0,0,0,0,0,0,0,0,0,0,0,0,0,0,0,0
Lethargic,0,0,0,0,0,0,0,0,0,0,0,0,0,0,0.1401744782924652,0.12532548606395721,0,0.10560405254364014,0.11729571968317032,0.32195618748664856,0.26747801899909973,0,0,0,0,0,0,0,0,0,0,0,0,0,0,0,0,0,0,0,0,0,0,0,0,0,0,0,0,0,0,0
Lethargic,0,0,0,0,0,0,0,0,0,0,0,0,0,0,0.16269080340862274,0.14603634178638458,0,0.10855354368686676,0.11955461651086807,0.33349189162254333,0.2559557557106018,0,0,0,0,0,0,0,0,0,0,0,0,0,0,0,0,0,0,0,0,0,0,0,0,0,0,0,0,0,0,0
Lethargic,0,0,0,0,0,0,0,0,0,0,0,0,0,0,0.18958215415477753,0.171770840883255,0,0.11207036674022675,0.12457822263240814,0.31781506538391113,0.2550593912601471,0,0,0,0,0,0,0,0,0,0,0,0,0,0,0,0,0,0,0,0,0,0,0,0,0,0,0,0,0,0,0
Lethargic,0,0,0,0,0,0,0,0,0,0,0,0,0,0,0.1700417846441269,0.15189802646636963,0,0.1122802197933197,0.12390109151601791,0.30903297662734985,0.2479609102010727,0,0,0,0,0,0,0,0,0,0,0,0,0,0,0,0,0,0,0,0,0,0,0,0,0,0,0,0,0,0,0
Lethargic,0,0,0,0,0,0,0,0,0,0,0,0,0,0,0.12892469763755798,0.11751451343297958,0,0.11594930291175842,0.13283683359622955,0.3186267614364624,0.25091060996055603,0,0,0,0,0,0,0,0,0,0,0,0,0,0,0,0,0,0,0,0,0,0,0,0,0,0,0,0,0,0,0
Lethargic,0,0,0,0,0,0,0,0,0,0,0,0,0,0,0.11090194433927536,0,0,0.11555560678243637,0.13401451706886292,0.33109527826309204,0.2508484423160553,0,0,0,0,0,0,0,0,0,0,0,0,0,0,0,0,0,0.10025841742753983,0,0,0,0,0,0,0,0,0,0,0,0,0
Lethargic,0,0,0,0,0,0,0,0,0,0,0,0,0,0,0.14772233366966248,0.13476519286632538,0,0.10115135461091995,0.11081058531999588,0.2990911602973938,0.3018990457057953,0,0,0,0,0,0,0,0,0,0,0,0,0,0,0,0,0,0,0,0,0,0,0,0,0,0,0,0,0,0,0
Lethargic,0,0,0,0,0.10028792172670364,0,0,0,0,0,0,0.11931220442056656,0.1086113303899765,0,0.12803687155246735,0.11760453134775162,0,0,0,0.3308975398540497,0.29600438475608826,0,0,0,0,0,0,0,0,0,0,0,0,0,0,0,0,0,0,0,0,0,0,0,0,0,0,0,0,0,0,0
Lethargic,0,0,0,0,0.10493119060993195,0,0,0,0,0,0,0.11596879363059998,0.10358719527721405,0,0.14355358481407166,0.12860509753227234,0,0,0,0.2931971549987793,0.3043406009674072,0,0,0,0,0,0,0,0,0,0,0,0,0,0,0,0,0,0.1059330403804779,0,0,0,0,0,0,0,0,0,0,0,0,0
Lethargic,0,0,0,0,0,0,0,0,0,0,0,0,0,0,0.13277588784694672,0.12011375278234482,0,0,0.11560440063476562,0.27696478366851807,0.28446826338768005,0,0,0,0,0,0,0,0,0,0,0,0,0,0,0,0,0,0,0,0,0,0,0,0,0,0,0,0,0,0,0
Lethargic,0,0,0,0,0.1072087213397026,0,0,0,0,0,0,0,0,0,0.1319970041513443,0.11770190298557281,0,0,0.11637426912784576,0.3311610817909241,0.31718072295188904,0,0,0,0,0,0,0,0,0,0,0,0,0,0,0,0,0,0,0,0,0,0,0,0,0,0,0,0,0,0,0
Lethargic,0,0,0,0,0,0,0,0,0,0,0,0,0,0,0.12392792850732803,0.11040819436311722,0,0.1019456684589386,0.12043964117765427,0.28497314453125,0.2904309630393982,0,0,0,0,0,0,0,0,0,0,0,0,0,0,0,0,0,0,0,0,0,0,0,0,0,0,0,0,0,0,0
Lethargic,0,0,0,0,0,0,0,0,0,0,0,0,0,0,0.13286267220973969,0.12252309918403625,0,0.10247974097728729,0.11662211269140244,0.31877702474594116,0.2874886989593506,0,0,0,0,0,0,0,0,0,0,0,0,0,0,0,0,0,0,0,0,0,0,0,0,0,0,0,0,0,0,0
Lethargic,0,0,0,0,0,0,0,0,0,0,0,0.10520260781049728,0,0,0.14360082149505615,0.12753596901893616,0,0,0.10975673049688339,0.29465827345848083,0.30170226097106934,0,0,0,0,0,0,0,0,0,0,0,0,0,0,0,0,0,0,0,0,0,0,0,0,0,0,0,0,0,0,0
Lethargic,0,0,0,0,0,0,0,0,0,0,0,0,0,0,0.14833636581897736,0.13389334082603455,0,0,0.11074934899806976,0.2926800847053528,0.23065811395645142,0,0,0,0,0,0,0,0,0,0,0,0,0,0,0,0,0,0,0,0,0,0,0,0,0,0,0,0,0,0,0
Lethargic,0,0,0,0,0,0,0,0,0,0,0,0,0,0,0.1353546679019928,0.1213437169790268,0,0.10350289195775986,0.11993792653083801,0.2944276034832001,0.23795588314533234,0,0,0,0,0,0,0,0,0,0,0,0,0,0,0,0,0,0,0,0,0,0,0,0,0,0,0,0,0,0,0
Lethargic,0,0,0,0,0,0,0,0,0,0,0,0,0,0,0.11754684895277023,0.10513929277658463,0,0.10577575862407684,0.1231115311384201,0.3025706708431244,0.26578661799430847,0,0,0,0,0,0,0,0,0,0,0,0,0,0,0,0,0,0.10848061740398407,0,0,0,0,0,0,0,0,0,0,0,0,0
Lethargic,0,0,0,0,0,0,0,0,0,0,0,0.11485675722360611,0.10589338093996048,0,0.12108796834945679,0.11287622153759003,0,0,0,0.3389520049095154,0.2999720275402069,0,0,0,0,0,0,0,0,0,0,0,0,0,0,0,0,0,0,0,0,0,0,0,0,0,0,0,0,0,0,0
Lethargic,0,0,0,0,0,0,0,0,0,0,0,0.1029641181230545,0,0,0.12828576564788818,0.11695530265569687,0,0,0.10255441069602966,0.29332685470581055,0.24655292928218842,0,0,0,0,0,0,0,0,0,0,0,0,0,0,0,0,0,0,0,0,0,0,0,0,0,0,0,0,0,0,0
Lethargic,0,0,0,0,0.10853274166584015,0,0,0,0,0,0,0.10447580367326736,0,0,0.1735425889492035,0.1543435901403427,0,0,0.1011289432644844,0.2959194481372833,0.2392745316028595,0,0,0,0,0,0,0,0,0,0,0,0,0,0,0,0,0,0,0,0,0,0,0,0,0,0,0,0,0,0,0
Lethargic,0,0,0,0,0.13697940111160278,0,0,0,0,0,0,0.10091321915388107,0,0,0.1971091479063034,0.18058228492736816,0,0,0.10408594459295273,0.3237649202346802,0.2198684960603714,0,0,0,0,0,0,0,0,0,0,0,0,0,0,0,0,0,0.10985733568668365,0,0,0,0,0,0,0,0,0,0,0,0,0
Lethargic,0,0,0,0,0.11774169653654099,0,0,0,0,0,0,0.10850539058446884,0.10056251287460327,0,0.20133601129055023,0.18460649251937866,0,0,0,0.2975563406944275,0.2302805632352829,0,0,0,0,0,0,0,0,0,0,0,0,0,0,0,0,0,0.10654109716415405,0,0,0,0,0,0,0,0,0,0,0,0,0
Lethargic,0,0,0,0,0.10862698405981064,0,0,0,0,0,0,0,0,0,0.14275960624217987,0.13065971434116364,0,0,0.11000552028417587,0.2904280126094818,0.2496941089630127,0,0,0,0,0,0,0,0,0,0,0,0,0,0,0,0,0,0.15537667274475098,0,0,0,0,0,0,0,0,0,0,0,0,0
Lethargic,0,0,0,0,0,0,0,0,0,0,0,0,0,0,0.152112677693367,0.1376059502363205,0,0,0.11153552681207657,0.29829537868499756,0.23641005158424377,0,0,0,0,0,0,0,0,0,0,0,0,0,0,0,0,0,0,0,0,0,0,0,0,0,0,0,0,0,0,0
Lethargic,0,0,0,0,0,0,0,0,0,0,0,0.1041199266910553,0,0,0.11839355528354645,0.10849064588546753,0,0,0.10006390511989594,0.3104996979236603,0.24189086258411407,0,0,0,0,0,0,0,0,0,0,0,0,0,0,0,0,0,0.10900919884443283,0,0,0,0,0,0,0,0,0,0,0,0,0
Lethargic,0,0,0,0,0,0,0,0,0,0,0,0.10349861532449722,0,0,0.14038114249706268,0.13006643950939178,0,0,0,0.3293158710002899,0.27153560519218445,0,0,0,0,0,0,0,0,0,0,0,0,0,0,0,0,0,0,0,0,0,0,0,0,0,0,0,0,0,0,0
Lethargic,0,0,0,0,0,0,0,0,0,0,0,0,0,0,0.1556280106306076,0.14023973047733307,0,0,0.1111987829208374,0.30447906255722046,0.23270095884799957,0,0,0,0,0,0,0,0,0,0,0,0,0,0,0,0,0,0,0,0,0,0,0,0,0,0,0,0,0,0,0
Lethargic,0,0,0,0,0,0,0,0,0,0,0,0,0,0,0.1295546144247055,0.11778779327869415,0,0.10800722241401672,0.11458106338977814,0.34635505080223083,0.2391262650489807,0,0,0,0,0,0,0,0,0,0,0,0,0,0,0,0,0,0,0,0,0,0,0,0,0,0,0,0,0,0,0
Lethargic,0,0,0,0,0.10544320195913315,0,0,0,0,0,0,0,0,0,0.12922993302345276,0.1183696910738945,0,0,0.10971378535032272,0.31444910168647766,0.23665086925029755,0,0,0,0,0,0,0,0,0,0,0,0,0,0,0,0,0,0,0,0,0,0,0,0,0,0,0,0,0,0,0
Lethargic,0,0,0,0,0,0,0,0,0,0,0,0,0,0,0.13568490743637085,0.12454278767108917,0,0,0.10365388542413712,0.31752222776412964,0.22110381722450256,0,0,0,0,0,0,0,0,0,0,0,0,0,0,0,0,0,0,0,0,0,0,0,0,0,0,0,0,0,0,0
Lethargic,0,0,0,0,0,0,0,0,0,0,0,0,0,0,0.15086114406585693,0.1369357407093048,0,0,0.10416383296251297,0.3255825638771057,0.2361011803150177,0,0,0,0,0,0,0,0,0,0,0,0,0,0,0,0,0,0,0,0,0,0,0,0,0,0,0,0,0,0,0
Lethargic,0,0,0,0,0,0,0,0,0,0,0,0,0,0,0.1479462832212448,0.13544633984565735,0,0.10203111171722412,0.10905762016773224,0.32046931982040405,0.2432861328125,0,0,0,0,0,0,0,0,0,0,0,0,0,0,0,0,0,0,0,0,0,0,0,0,0,0,0,0,0,0,0
Lethargic,0,0,0,0,0,0,0,0,0,0,0,0,0,0,0.16288892924785614,0.14821971952915192,0,0.10382863134145737,0.11278761923313141,0.3197973072528839,0.2720227837562561,0,0,0,0,0,0,0,0,0,0,0,0,0,0,0,0,0,0,0,0,0,0,0,0,0,0,0,0,0,0,0
Lethargic,0,0,0,0,0,0,0,0,0,0,0,0,0,0,0.12489476799964905,0.11510509997606277,0,0.10069102048873901,0.10824672877788544,0.34549951553344727,0.23547665774822235,0,0,0,0,0,0,0,0,0,0,0,0,0,0,0,0,0,0,0,0,0,0,0,0,0,0,0,0,0,0,0
Lethargic,0,0,0,0,0,0,0,0,0,0,0,0,0,0,0.12226210534572601,0.11126286536455154,0,0,0.10636257380247116,0.3142074644565582,0.2229500561952591,0,0,0,0,0,0,0,0,0,0,0,0,0,0,0,0,0,0,0,0,0,0,0,0,0,0,0,0,0,0,0
Lethargic,0,0,0,0,0,0,0,0,0,0,0,0,0,0,0.13570788502693176,0.12213023006916046,0,0.1080668643116951,0.1194474920630455,0.31608402729034424,0.25772276520729065,0,0,0,0,0,0,0,0,0,0,0,0,0,0,0,0,0,0,0,0,0,0,0,0,0,0,0,0,0,0,0
Lethargic,0,0,0,0,0,0,0,0,0,0,0,0,0,0,0.1485224962234497,0.1354171633720398,0,0.10782567411661148,0.11931914836168289,0.31190603971481323,0.27805906534194946,0,0,0,0,0,0,0,0,0,0,0,0,0,0,0,0,0,0,0,0,0,0,0,0,0,0,0,0,0,0,0
Lethargic,0,0,0,0,0,0,0,0,0,0,0,0,0,0,0.13717159628868103,0.12315896898508072,0,0.1259586066007614,0.1402096003293991,0.3511412739753723,0.26219505071640015,0,0,0,0,0,0,0,0,0,0,0,0,0,0,0,0,0,0,0,0,0,0,0,0,0,0,0,0,0,0,0
Lethargic,0,0,0,0,0,0,0,0,0,0,0,0,0,0,0.15498553216457367,0.14108926057815552,0,0.11649135500192642,0.12765862047672272,0.3298925459384918,0.25010570883750916,0,0,0,0,0,0,0,0,0,0,0,0,0,0,0,0,0,0,0,0,0,0,0,0,0,0,0,0,0,0,0
Lethargic,0,0,0,0,0.11997022479772568,0,0,0,0,0,0,0,0,0,0.1452566534280777,0.13045082986354828,0,0.10590570420026779,0.12125978618860245,0.29902032017707825,0.27141454815864563,0,0,0,0,0,0,0,0,0,0,0,0,0,0,0,0,0,0.10943703353404999,0,0,0,0,0,0,0,0,0,0,0,0,0
Lethargic,0,0,0,0,0.10445033013820648,0,0,0,0,0,0,0,0,0,0.15388940274715424,0.13764064013957977,0,0.10357107222080231,0.11447535455226898,0.3150998055934906,0.2765020430088043,0,0,0,0,0,0,0,0,0,0,0,0,0,0,0,0,0,0.1029180958867073,0,0,0,0,0,0,0,0,0,0,0,0,0
Lethargic,0,0,0,0,0.1073453277349472,0,0,0,0,0,0,0,0,0,0.14530761539936066,0.13114866614341736,0,0.10044173151254654,0.11254655569791794,0.3092137575149536,0.2560616135597229,0,0,0,0,0,0,0,0,0,0,0,0,0,0,0,0,0,0,0,0,0,0,0,0,0,0,0,0,0,0,0
Lethargic,0,0,0,0,0.1081913486123085,0,0,0,0,0,0,0,0,0,0.1561342030763626,0.14142949879169464,0,0,0.1038191020488739,0.3107757270336151,0.24556699395179749,0,0,0,0,0,0,0,0,0,0,0,0,0,0,0,0,0,0.10661781579256058,0,0,0,0,0,0,0,0,0,0,0,0,0
Lethargic,0,0,0,0,0,0,0,0,0,0,0,0.10043761134147644,0,0,0.15646392107009888,0.14397011697292328,0,0,0,0.3242315351963043,0.21159373223781586,0,0,0,0,0,0,0,0,0,0,0,0,0,0,0,0,0,0.1142030879855156,0,0,0,0,0,0,0,0,0,0,0,0,0
Lethargic,0,0,0,0,0,0,0,0,0,0,0,0,0,0,0.17674846947193146,0.16226708889007568,0,0.10099595785140991,0.10704287886619568,0.36718130111694336,0.2649761140346527,0,0,0,0,0,0,0,0,0,0,0,0,0,0,0,0,0,0.12442678958177567,0,0,0,0,0,0,0,0,0,0,0,0,0
Lethargic,0,0,0,0,0.10828270018100739,0,0,0,0,0,0,0,0,0,0.1535707414150238,0.13804739713668823,0,0.10150361061096191,0.11018836498260498,0.3150176703929901,0.2627670168876648,0,0,0,0,0,0,0,0,0,0,0,0,0,0,0,0,0,0,0,0,0,0,0,0,0,0,0,0,0,0,0
Lethargic,0,0,0,0,0,0,0,0,0,0,0,0,0,0,0.12791652977466583,0.11582767963409424,0,0.11328323930501938,0.12631332874298096,0.32872143387794495,0.25794532895088196,0,0,0,0,0,0,0,0,0,0,0,0,0,0,0,0,0,0,0,0,0,0,0,0,0,0,0,0,0,0,0
Lethargic,0,0,0,0,0,0,0,0,0,0,0,0,0,0,0.15593202412128448,0.13969765603542328,0,0.11190170049667358,0.1238812655210495,0.3355584740638733,0.2791002094745636,0,0,0,0,0,0,0,0,0,0,0,0,0,0,0,0,0,0,0,0,0,0,0,0,0,0,0,0,0,0,0
Lethargic,0,0,0,0,0,0,0,0,0,0,0,0,0,0,0.16886696219444275,0.15088902413845062,0,0.1101468950510025,0.12382812052965164,0.3196675777435303,0.28411048650741577,0,0,0,0,0,0,0,0,0,0,0,0,0,0,0,0,0,0,0,0,0,0,0,0,0,0,0,0,0,0,0
Lethargic,0,0,0,0,0,0,0,0,0,0,0,0.11808353662490845,0.11035992205142975,0,0.18172761797904968,0.1658925712108612,0,0,0,0.31553006172180176,0.2813687324523926,0,0,0,0,0,0,0,0,0,0,0,0,0,0,0,0,0,0,0,0,0,0,0,0,0,0,0,0,0,0,0
Lethargic,0,0,0,0,0,0,0,0,0,0,0,0.13487523794174194,0.12410597503185272,0,0.17929451167583466,0.1633889377117157,0,0,0,0.32367631793022156,0.2768503427505493,0,0,0,0,0,0,0,0,0,0,0,0,0,0,0,0,0,0,0,0,0,0,0,0,0,0,0,0,0,0,0
Lethargic,0,0,0,0,0,0,0,0,0,0,0,0,0,0,0.15787824988365173,0.1422441303730011,0,0.10517150908708572,0.12286878377199173,0.2990846037864685,0.2626126706600189,0,0,0,0,0,0,0,0,0,0,0,0,0,0,0,0,0,0.10609503835439682,0,0,0,0,0,0,0,0,0,0,0,0,0
Lethargic,0,0,0,0,0.1226305291056633,0,0,0,0,0,0,0,0,0,0.14496678113937378,0.1319538801908493,0,0.10635919868946075,0.12384574115276337,0.3077266216278076,0.28200241923332214,0,0,0,0,0,0,0,0,0,0,0,0,0,0,0,0,0,0.12940582633018494,0,0,0,0,0,0,0,0,0,0,0,0,0
Lethargic,0,0,0,0,0,0,0,0,0,0,0,0,0,0,0.15528978407382965,0.14009660482406616,0,0.10969465970993042,0.12137477844953537,0.335816890001297,0.2838393449783325,0,0,0,0,0,0,0,0,0,0,0,0,0,0,0,0,0,0,0,0,0,0,0,0,0,0,0,0,0,0,0
Lethargic,0,0,0,0,0,0,0,0,0,0,0,0,0,0,0.164533331990242,0.14575816690921783,0,0.10641144216060638,0.1213216632604599,0.30509892106056213,0.26858770847320557,0,0,0,0,0,0,0,0,0,0,0,0,0,0,0,0,0,0,0,0,0,0,0,0,0,0,0,0,0,0,0
Lethargic,0,0,0,0,0,0,0,0,0,0,0,0.10398849099874496,0,0,0.1567138135433197,0.14293897151947021,0,0,0.10349979251623154,0.33432289958000183,0.3065224587917328,0,0,0,0,0,0,0,0,0,0,0,0,0,0,0,0,0,0,0,0,0,0,0,0,0,0,0,0,0,0,0
Lethargic,0,0,0,0,0,0,0,0,0,0,0,0.1538773477077484,0.137538343667984,0,0.17331865429878235,0.15588389337062836,0,0,0,0.3170056939125061,0.31269755959510803,0,0,0,0,0,0,0,0,0,0,0,0,0,0,0,0,0,0,0,0,0,0,0,0,0,0,0,0,0,0,0
Lethargic,0,0,0,0,0,0,0,0,0,0,0,0.10169297456741333,0,0,0.22986483573913574,0.21196797490119934,0,0,0.10854741185903549,0.30803337693214417,0.2808122932910919,0,0,0,0,0,0,0,0,0,0,0,0,0,0,0,0,0,0,0,0,0,0,0,0,0,0,0,0,0,0,0
Lethargic,0,0,0,0,0,0,0,0,0,0,0,0,0,0,0.17293034493923187,0.15442341566085815,0,0,0.11426513642072678,0.309309720993042,0.28877076506614685,0,0,0,0,0,0,0,0,0,0,0,0,0,0,0,0,0,0,0,0,0,0,0,0,0,0,0,0,0,0,0
Lethargic,0,0,0,0,0,0,0,0,0,0,0,0.10624640434980392,0,0,0.15193921327590942,0.1370789110660553,0,0,0.10296259820461273,0.3128030300140381,0.2634286880493164,0,0,0,0,0,0,0,0,0,0,0,0,0,0,0,0,0,0,0,0,0,0,0,0,0,0,0,0,0,0,0
Lethargic,0,0,0,0,0,0,0,0,0,0,0,0,0,0,0.1509333699941635,0.13740533590316772,0,0,0.11090622842311859,0.3165808916091919,0.25560399889945984,0,0,0,0,0,0,0,0,0,0,0,0,0,0,0,0,0,0,0,0,0,0,0,0,0,0,0,0,0,0,0
Lethargic,0,0,0,0,0,0,0,0,0,0,0,0.11056414991617203,0.10356232523918152,0,0.1896618902683258,0.17387479543685913,0,0,0,0.350966215133667,0.2858745753765106,0,0,0,0,0,0,0,0,0,0,0,0,0,0,0,0,0,0,0,0,0,0,0,0,0,0,0,0,0,0,0
Lethargic,0,0,0,0,0,0,0,0,0,0,0,0,0,0,0.1776403933763504,0.16030028462409973,0,0,0.11154630035161972,0.33258411288261414,0.29271072149276733,0,0,0,0,0,0,0,0,0,0,0,0,0,0,0,0,0,0.1209448054432869,0,0,0,0,0,0,0,0,0,0,0,0,0
Lethargic,0,0,0,0,0.1037660464644432,0,0,0,0,0,0,0.1162809357047081,0.10572004318237305,0,0.19205060601234436,0.1724652796983719,0,0,0,0.30927300453186035,0.2724972367286682,0,0,0,0,0,0,0,0,0,0,0,0,0,0,0,0,0,0.1280093640089035,0,0,0,0,0,0,0,0,0,0,0,0,0
Lethargic,0,0,0,0,0,0,0,0,0,0,0,0,0,0,0.23193702101707458,0.21408593654632568,0,0,0.10924568772315979,0.29439687728881836,0.2842947840690613,0,0,0,0,0,0,0,0,0,0,0,0,0,0,0,0,0,0,0,0,0,0,0,0,0,0,0,0,0,0,0
Lethargic,0,0,0,0,0,0,0,0,0,0,0,0.12630048394203186,0.1180625781416893,0,0.20330557227134705,0.18550150096416473,0,0,0,0.338703989982605,0.30452385544776917,0,0,0,0,0,0,0,0,0,0,0,0,0,0,0,0,0,0,0,0,0,0,0,0,0,0,0,0,0,0,0
Lethargic,0,0,0,0,0,0,0,0,0,0,0,0.10319693386554718,0,0,0.16155536472797394,0.1464691460132599,0,0,0.10217449814081192,0.3146437108516693,0.28039634227752686,0,0,0,0,0,0,0,0,0,0,0,0,0,0,0,0,0,0,0,0,0,0,0,0,0,0,0,0,0,0,0
Lethargic,0,0,0,0,0,0,0,0,0,0,0,0,0,0,0.15382634103298187,0.1385892927646637,0,0,0.1104423850774765,0.3079985976219177,0.2650391757488251,0,0,0,0,0,0,0,0,0,0,0,0,0,0,0,0,0,0,0,0,0,0,0,0,0,0,0,0,0,0,0
Lethargic,0,0,0,0,0,0,0,0,0,0,0,0,0,0,0.13005053997039795,0.11916127055883408,0,0,0.11129770427942276,0.3104792833328247,0.23154860734939575,0,0,0,0,0,0,0,0,0,0,0,0,0,0,0,0,0,0,0,0,0,0,0,0,0,0,0,0,0,0,0
Lethargic,0,0,0,0,0,0,0,0,0,0,0,0.10787923634052277,0,0,0.11919620633125305,0.10851073265075684,0,0,0.10092747956514359,0.2889562249183655,0.23116448521614075,0,0,0,0,0,0,0,0,0,0,0,0,0,0,0,0,0,0,0,0,0,0,0,0,0,0,0,0,0,0,0
Lethargic,0,0,0,0,0,0,0,0,0,0,0,0.10057888180017471,0,0,0.14040020108222961,0.12785828113555908,0,0,0.10603578388690948,0.31770363450050354,0.26040831208229065,0,0,0,0,0,0,0,0,0,0,0,0,0,0,0,0,0,0,0,0,0,0,0,0,0,0,0,0,0,0,0
Lethargic,0,0,0,0,0,0,0,0,0,0,0,0,0,0,0.15617085993289948,0.14203901588916779,0,0,0.10979919135570526,0.3270705044269562,0.25179922580718994,0,0,0,0,0,0,0,0,0,0,0,0,0,0,0,0,0,0.10691069066524506,0,0,0,0,0,0,0,0,0,0,0,0,0
Lethargic,0,0,0,0,0,0,0,0,0,0,0,0,0,0,0.16398271918296814,0.14906065165996552,0,0.10104257613420486,0.11228323727846146,0.34373897314071655,0.2712191343307495,0,0,0,0,0,0,0,0,0,0,0,0,0,0,0,0,0,0,0,0,0,0,0,0,0,0,0,0,0,0,0
Lethargic,0,0,0,0,0.10752702504396439,0,0,0,0,0,0,0.109712153673172,0.1015084981918335,0,0.16918276250362396,0.15273497998714447,0,0,0,0.2836810350418091,0.1934090107679367,0,0,0,0,0,0,0,0,0,0,0,0,0,0,0,0,0,0,0,0,0,0,0,0,0,0,0,0,0,0,0
Lethargic,0,0,0,0,0.1199510470032692,0,0,0,0,0,0,0,0,0,0.1671718806028366,0.15157507359981537,0,0.10497985035181046,0.11981536448001862,0.3219030499458313,0.2879030108451843,0,0,0,0,0,0,0,0,0,0,0,0,0,0,0,0,0,0.1224985346198082,0,0,0,0,0,0,0,0,0,0,0,0,0
Lethargic,0,0,0,0,0,0,0,0,0,0,0,0,0,0,0.14400483667850494,0.12862764298915863,0,0.11427891254425049,0.1309700608253479,0.3169526159763336,0.264377623796463,0,0,0,0,0,0,0,0,0,0,0,0,0,0,0,0,0,0,0,0,0,0,0,0,0,0,0,0,0,0,0
Lethargic,0,0,0,0,0,0,0,0,0,0,0,0.10347013175487518,0,0,0.13469941914081573,0.12252763658761978,0,0,0.10247109830379486,0.29150083661079407,0.29587239027023315,0,0,0,0,0,0,0,0,0,0,0,0,0,0,0,0,0,0.10054745525121689,0,0,0,0,0,0,0,0,0,0,0,0,0
Lethargic,0,0,0,0,0.11091356724500656,0,0,0,0,0,0,0.11089804768562317,0,0,0.14725393056869507,0.13248147070407867,0,0,0.10084465146064758,0.32218578457832336,0.29239621758461,0,0,0,0,0,0,0,0,0,0,0,0,0,0,0,0,0,0,0,0,0,0,0,0,0,0,0,0,0,0,0
Lethargic,0,0,0,0,0,0,0,0,0,0,0,0,0,0,0.19310706853866577,0.17307515442371368,0,0,0.10706033557653427,0.3080807626247406,0.2847786843776703,0,0,0,0,0,0,0,0,0,0,0,0,0,0,0,0,0,0.10032873600721359,0,0,0,0,0,0,0,0,0,0,0,0,0
Lethargic,0,0,0,0,0,0,0,0,0,0,0,0,0,0,0.16451767086982727,0.14828211069107056,0,0,0.11069425940513611,0.31264880299568176,0.2757427990436554,0,0,0,0,0,0,0,0,0,0,0,0,0,0,0,0,0,0.12186747044324875,0,0,0,0,0,0,0,0,0,0,0,0,0
Lethargic,0,0,0,0,0.10379410535097122,0,0,0,0,0,0,0,0,0,0.14052069187164307,0.12637488543987274,0,0.10519715398550034,0.11450675874948502,0.3352814316749573,0.2570604681968689,0,0,0,0,0,0,0,0,0,0,0,0,0,0,0,0,0,0,0,0,0,0,0,0,0,0,0,0,0,0,0
Lethargic,0,0,0,0,0.10941744595766068,0,0,0,0,0,0,0,0,0,0.1341715157032013,0.12108872085809708,0,0,0.10720210522413254,0.28896036744117737,0.24710579216480255,0,0,0,0,0,0,0,0,0,0,0,0,0,0,0,0,0,0,0,0,0,0,0,0,0,0,0,0,0,0,0
Lethargic,0,0,0,0,0.10948621481657028,0,0,0,0,0,0,0,0,0,0.20125260949134827,0.18614405393600464,0,0,0.10257729887962341,0.29296088218688965,0.2338334619998932,0,0,0,0,0,0,0,0,0,0,0,0,0,0,0,0,0,0.12321577966213226,0,0,0,0,0,0,0,0,0,0,0,0,0
Lethargic,0,0,0,0,0,0,0,0,0,0,0,0.11368560791015625,0.10600340366363525,0,0.24872837960720062,0.23671096563339233,0,0,0,0.34221094846725464,0.31333494186401367,0,0,0,0,0,0,0,0,0,0,0,0,0,0,0,0,0,0,0,0,0,0,0,0,0,0,0,0,0,0,0
Lethargic,0,0,0,0,0.10446934401988983,0,0,0,0,0,0,0.11204694956541061,0.10251926630735397,0,0.18880979716777802,0.17483516037464142,0,0,0,0.29738283157348633,0.22404178977012634,0,0,0,0,0,0,0,0,0,0,0,0,0,0,0,0,0,0,0,0,0,0,0,0,0,0,0,0,0,0,0
Lethargic,0,0,0,0,0,0,0,0,0,0,0,0.11106275022029877,0.10305904597043991,0,0.1642112135887146,0.14942581951618195,0,0,0,0.30522677302360535,0.22513803839683533,0,0,0,0,0,0,0,0,0,0,0,0,0,0,0,0,0,0,0,0,0,0,0,0,0,0,0,0,0,0,0
Lethargic,0,0,0,0,0,0,0,0,0,0,0,0.11603095382452011,0.10967587679624557,0,0.15114685893058777,0.14134876430034637,0,0,0,0.3434585928916931,0.29790085554122925,0,0,0,0,0,0,0,0,0,0,0,0,0,0,0,0,0,0,0,0,0,0,0,0,0,0,0,0,0,0,0
Lethargic,0,0,0,0,0,0,0,0,0,0,0,0,0,0,0.1699250042438507,0.1560163050889969,0,0,0.10443782061338425,0.31630104780197144,0.24887675046920776,0,0,0,0,0,0,0,0,0,0,0,0,0,0,0,0,0,0.13501319289207458,0,0,0,0,0,0,0,0,0,0,0,0,0
Lethargic,0,0,0,0,0,0,0,0,0,0,0,0,0,0,0.16434574127197266,0.14831668138504028,0,0.10176078975200653,0.10914592444896698,0.31874293088912964,0.25148409605026245,0,0,0,0,0,0,0,0,0,0,0,0,0,0,0,0,0,0.1014036238193512,0,0,0,0,0,0,0,0,0,0,0,0,0
Lethargic,0,0,0,0,0,0,0,0,0,0,0,0,0,0,0.17692163586616516,0.1617601066827774,0,0.12105269730091095,0.1295396089553833,0.3206328749656677,0.26691439747810364,0,0,0,0,0,0,0,0,0,0,0,0,0,0,0,0,0,0.10313668847084045,0,0,0,0,0,0,0,0,0,0,0,0,0
Lethargic,0,0,0,0,0,0,0,0,0,0,0,0.12197902798652649,0.11556145548820496,0,0.16317163407802582,0.15213246643543243,0,0,0,0.3192465305328369,0.2897219955921173,0,0,0,0,0,0,0,0,0,0,0,0,0,0,0,0,0,0,0,0,0,0,0,0,0,0,0,0,0,0,0
Lethargic,0,0,0,0,0,0,0,0,0,0,0,0.11824486404657364,0.11260220408439636,0,0.18932533264160156,0.17312023043632507,0,0,0,0.3435373902320862,0.3006143569946289,0,0,0,0,0,0,0,0,0,0,0,0,0,0,0,0,0,0,0,0,0,0,0,0,0,0,0,0,0,0,0
Lethargic,0,0,0,0,0,0,0,0,0,0,0,0,0,0,0.17291681468486786,0.15780667960643768,0,0,0.10470046103000641,0.3292344808578491,0.23122954368591309,0,0,0,0,0,0,0,0,0,0,0,0,0,0,0,0,0,0,0,0,0,0,0,0,0,0,0,0,0,0,0
Lethargic,0,0,0,0,0,0,0,0,0,0,0,0,0,0,0.15154670178890228,0.13826334476470947,0,0.10481523722410202,0.11341727524995804,0.3187316358089447,0.2525137662887573,0,0,0,0,0,0,0,0,0,0,0,0,0,0,0,0,0,0,0,0,0,0,0,0,0,0,0,0,0,0,0
Lethargic,0,0,0,0,0,0,0,0,0,0,0,0,0,0,0.14231939613819122,0.1295907199382782,0,0.10380543768405914,0.11438453942537308,0.324508935213089,0.2576855719089508,0,0,0,0,0,0,0,0,0,0,0,0,0,0,0,0,0,0,0,0,0,0,0,0,0,0,0,0,0,0,0
Lethargic,0,0,0,0,0.10833382606506348,0,0,0,0,0,0,0,0,0,0.1412121057510376,0.1283113956451416,0,0.10333143174648285,0.11479617655277252,0.31091076135635376,0.2801338732242584,0,0,0,0,0,0,0,0,0,0,0,0,0,0,0,0,0,0.1204097643494606,0,0,0,0,0,0,0,0,0,0,0,0,0
Lethargic,0,0,0,0,0,0,0,0,0,0,0,0,0,0,0.1337902545928955,0.12235335260629654,0,0,0.10246270895004272,0.32727569341659546,0.2392888367176056,0,0,0,0,0,0,0,0,0,0,0,0,0,0,0,0,0,0,0,0,0,0,0,0,0,0,0,0,0,0,0
Lethargic,0,0,0,0,0,0,0,0,0,0,0,0.10277062654495239,0,0,0.1295444816350937,0.1190967708826065,0,0,0.10162465274333954,0.3006054162979126,0.23775464296340942,0,0,0,0,0,0,0,0,0,0,0,0,0,0,0,0,0,0,0,0,0,0,0,0,0,0,0,0,0,0,0
Lethargic,0,0,0,0,0,0,0,0,0,0,0,0.11546044051647186,0.10604927688837051,0,0.11835169792175293,0.11068406701087952,0,0,0,0.349142462015152,0.29818493127822876,0,0,0,0,0,0,0,0,0,0,0,0,0,0,0,0,0,0,0,0,0,0,0,0,0,0,0,0,0,0,0
Lethargic,0,0,0,0,0,0,0,0,0,0,0,0.1105412021279335,0.10166991502046585,0,0.12494967132806778,0.11517729610204697,0,0,0,0.29446935653686523,0.27886560559272766,0,0,0,0,0,0,0,0,0,0,0,0,0,0,0,0,0,0,0,0,0,0,0,0,0,0,0,0,0,0,0
Lethargic,0,0,0,0,0,0,0,0,0,0,0,0,0,0,0.15708500146865845,0.14243139326572418,0,0.11400466412305832,0.12730926275253296,0.30364271998405457,0.27317583560943604,0,0,0,0,0,0,0,0,0,0,0,0,0,0,0,0,0,0,0,0,0,0,0,0,0,0,0,0,0,0,0
Lethargic,0,0,0,0,0,0,0,0,0,0,0,0,0,0,0.14450304210186005,0.13134290277957916,0,0.1336905062198639,0.15560182929039001,0.2927376925945282,0.26525595784187317,0,0,0,0,0,0,0,0,0,0,0,0,0,0,0,0,0,0,0,0,0,0,0,0,0,0,0,0,0,0,0
Lethargic,0,0,0,0,0,0,0,0,0,0,0,0,0,0,0.13881315290927887,0.12606023252010345,0,0.13560880720615387,0.15358635783195496,0.30429479479789734,0.25959089398384094,0,0,0,0,0,0,0,0,0,0,0,0,0,0,0,0,0,0,0,0,0,0,0,0,0,0,0,0,0,0,0
Lethargic,0,0,0,0,0,0,0,0,0,0,0,0,0,0,0.14234082400798798,0.12915962934494019,0,0.1019001305103302,0.11226595193147659,0.3155079483985901,0.2527805268764496,0,0,0,0,0,0,0,0,0,0,0,0,0,0,0,0,0,0,0,0,0,0,0,0,0,0,0,0,0,0,0
Lethargic,0,0,0,0,0,0,0,0,0,0,0,0,0,0,0.17843247950077057,0.1612904667854309,0,0.10485000908374786,0.11826261878013611,0.3042335510253906,0.28107014298439026,0,0,0,0,0,0,0,0,0,0,0,0,0,0,0,0,0,0,0,0,0,0,0,0,0,0,0,0,0,0,0
Lethargic,0,0,0,0,0,0,0,0,0,0,0,0,0,0,0.14210475981235504,0.1259842813014984,0,0.10374569892883301,0.11862091720104218,0.30930203199386597,0.26961958408355713,0,0,0,0,0,0,0,0,0,0,0,0,0,0,0,0,0,0,0,0,0,0,0,0,0,0,0,0,0,0,0
Lethargic,0,0,0,0,0,0,0,0,0,0,0,0,0,0,0.17601899802684784,0.15801256895065308,0,0.11051501333713531,0.11396069824695587,0.3719160258769989,0.2884705662727356,0,0,0,0,0,0,0,0,0,0,0,0,0,0,0,0,0,0,0,0,0,0,0,0,0,0,0,0,0,0,0
Lethargic,0,0,0,0,0,0,0,0,0,0,0,0,0,0,0.12882733345031738,0.11579541862010956,0,0.10285001248121262,0.11674001812934875,0.30298805236816406,0.24814972281455994,0,0,0,0,0,0,0,0,0,0,0,0,0,0,0,0,0,0,0,0,0,0,0,0,0,0,0,0,0,0,0
Lethargic,0,0,0,0,0,0,0,0,0,0,0,0,0,0,0.12506103515625,0.11343099921941757,0,0.10117290914058685,0.11334620416164398,0.29261353611946106,0.2450544238090515,0,0,0,0,0,0,0,0,0,0,0,0,0,0,0,0,0,0,0,0,0,0,0,0,0,0,0,0,0,0,0
Lethargic,0,0,0,0,0.10571564733982086,0,0,0,0,0,0,0.1054198145866394,0,0,0.10963980108499527,0.10274749249219894,0,0,0.10181226581335068,0.3103393316268921,0.2351829558610916,0,0,0,0,0,0,0,0,0,0,0,0,0,0,0,0,0,0.10747776925563812,0,0,0,0,0,0,0,0,0,0,0,0,0
Lethargic,0,0,0,0,0.10167286545038223,0,0,0,0,0,0,0.10390657186508179,0,0,0.1266186684370041,0.11573565006256104,0,0,0.10236471146345139,0.3001265227794647,0.23132848739624023,0,0,0,0,0,0,0,0,0,0,0,0,0,0,0,0,0,0,0,0,0,0,0,0,0,0,0,0,0,0,0
Lethargic,0,0,0,0,0,0,0,0,0,0,0,0,0,0,0.1476510763168335,0.13532966375350952,0,0,0.10608644038438797,0.3136861324310303,0.22014211118221283,0,0,0,0,0,0,0,0,0,0,0,0,0,0,0,0,0,0,0,0,0,0,0,0,0,0,0,0,0,0,0
Lethargic,0,0,0,0,0,0,0,0,0,0,0,0,0,0,0.136498361825943,0.12359265983104706,0,0.10308803617954254,0.11310697346925735,0.3014449179172516,0.22749121487140656,0,0,0,0,0,0,0,0,0,0,0,0,0,0,0,0,0,0,0,0,0,0,0,0,0,0,0,0,0,0,0
Lethargic,0,0,0,0,0,0,0,0,0,0,0,0.10413821041584015,0,0,0.13555605709552765,0.12502612173557281,0,0,0,0.35804566740989685,0.26471883058547974,0,0,0,0,0,0,0,0,0,0,0,0,0,0,0,0,0,0,0,0,0,0,0,0,0,0,0,0,0,0,0
Lethargic,0,0,0,0,0,0,0,0,0,0,0,0.108101986348629,0.10119222849607468,0,0.15013720095157623,0.1365898847579956,0,0,0,0.30676573514938354,0.27239492535591125,0,0,0,0,0,0,0,0,0,0,0,0,0,0,0,0,0,0,0,0,0,0,0,0,0,0,0,0,0,0,0
Lethargic,0,0,0,0,0,0,0,0,0,0,0,0.105378158390522,0,0,0.1479591578245163,0.13516010344028473,0,0,0.10387017577886581,0.28453946113586426,0.26511910557746887,0,0,0,0,0,0,0,0,0,0,0,0,0,0,0,0,0,0,0,0,0,0,0,0,0,0,0,0,0,0,0
Lethargic,0,0,0,0,0,0,0,0,0,0,0,0,0,0,0.12706317007541656,0.11523877084255219,0,0.10094909369945526,0.11448007076978683,0.28763502836227417,0.24165135622024536,0,0,0,0,0,0,0,0,0,0,0,0,0,0,0,0,0,0,0,0,0,0,0,0,0,0,0,0,0,0,0
Lethargic,0,0,0,0,0.10102777183055878,0,0,0,0,0,0,0,0,0,0.1415531039237976,0.12878403067588806,0,0.12393903732299805,0.13929954171180725,0.3415713608264923,0.3156757950782776,0,0,0,0,0,0,0,0,0,0,0,0,0,0,0,0,0,0,0,0,0,0,0,0,0,0,0,0,0,0,0
Lethargic,0,0,0,0,0.1166272982954979,0,0,0,0,0,0,0,0,0,0.14999911189079285,0.13477398455142975,0,0.10827786475419998,0.12193050235509872,0.3184124827384949,0.2686358690261841,0,0,0,0,0,0,0,0,0,0,0,0,0,0,0,0,0,0,0,0,0,0,0,0,0,0,0,0,0,0,0
Lethargic,0,0,0,0,0,0,0,0,0,0,0,0,0,0,0.12743093073368073,0.11653288453817368,0,0,0.10670754313468933,0.3048957586288452,0.2160826325416565,0,0,0,0,0,0,0,0,0,0,0,0,0,0,0,0,0,0,0,0,0,0,0,0,0,0,0,0,0,0,0
Lethargic,0,0,0,0,0,0,0,0,0,0,0,0,0,0,0.20275309681892395,0.1895567625761032,0,0,0.11259233206510544,0.31827741861343384,0.2562238872051239,0,0,0,0,0,0,0,0,0,0,0,0,0,0,0,0,0,0.10200787335634232,0,0,0,0,0,0,0,0,0,0,0,0,0
Lethargic,0,0,0,0,0,0,0,0,0,0,0,0,0,0,0.15188153088092804,0.13546307384967804,0,0.10503782331943512,0.11688897758722305,0.3132745027542114,0.25413596630096436,0,0,0,0,0,0,0,0,0,0,0,0,0,0,0,0,0,0,0,0,0,0,0,0,0,0,0,0,0,0,0
Lethargic,0,0,0,0,0,0,0,0,0,0,0,0,0,0,0.13486367464065552,0.12021549791097641,0,0.10657551139593124,0.11851205676794052,0.3108330965042114,0.2455771267414093,0,0,0,0,0,0,0,0,0,0,0,0,0,0,0,0,0,0,0,0,0,0,0,0,0,0,0,0,0,0,0
Lethargic,0,0,0,0,0,0,0,0,0,0,0,0,0,0,0.14250917732715607,0.12760812044143677,0,0.11188861727714539,0.12448201328516006,0.3155280649662018,0.27178385853767395,0,0,0,0,0,0,0,0,0,0,0,0,0,0,0,0,0,0,0,0,0,0,0,0,0,0,0,0,0,0,0
Lethargic,0,0,0,0,0,0,0,0,0,0,0,0,0,0,0.14701610803604126,0.1341364085674286,0,0.10513734072446823,0.11804632842540741,0.30082055926322937,0.23447072505950928,0,0,0,0,0,0,0,0,0,0,0,0,0,0,0,0,0,0,0,0,0,0,0,0,0,0,0,0,0,0,0
Lethargic,0,0,0,0,0.10436339676380157,0,0,0,0,0,0,0,0,0,0.14418306946754456,0.13091565668582916,0,0.11440760642290115,0.12833495438098907,0.3489232659339905,0.29350778460502625,0,0,0,0,0,0,0,0,0,0,0,0,0,0,0,0,0,0.10257925093173981,0,0,0,0,0,0,0,0,0,0,0,0,0
Lethargic,0,0,0,0,0.10374906659126282,0,0,0,0,0,0,0,0,0,0.14832206070423126,0.13340894877910614,0,0.10246018320322037,0.11334909498691559,0.3065527677536011,0.2859536111354828,0,0,0,0,0,0,0,0,0,0,0,0,0,0,0,0,0,0,0,0,0,0,0,0,0,0,0,0,0,0,0
Lethargic,0,0,0,0,0,0,0,0,0,0,0,0.10709701478481293,0.10060974210500717,0,0.18510721623897552,0.16680081188678741,0,0,0,0.30794137716293335,0.2477879524230957,0,0,0,0,0,0,0,0,0,0,0,0,0,0,0,0,0,0.1091521605849266,0,0,0,0,0,0,0,0,0,0,0,0,0
Lethargic,0,0,0,0,0,0,0,0,0,0,0,0,0,0,0.23704956471920013,0.22214384377002716,0,0,0.10935009270906448,0.3283587396144867,0.2853427231311798,0,0,0,0,0,0,0,0,0,0,0,0,0,0,0,0,0,0.10302995145320892,0,0,0,0,0,0,0,0,0,0,0,0,0
Lethargic,0,0,0,0,0,0,0,0,0,0,0,0.12822698056697845,0.1218888908624649,0,0.21050070226192474,0.19830316305160522,0,0,0,0.3173307478427887,0.30454015731811523,0,0,0,0,0,0,0,0,0,0,0,0,0,0,0,0,0,0,0,0,0,0,0,0,0,0,0,0,0,0,0
Lethargic,0,0,0,0,0,0,0,0,0,0,0,0,0,0,0.17610155045986176,0.15832722187042236,0,0.10456765443086624,0.11224846541881561,0.30995655059814453,0.2605118751525879,0,0,0,0,0,0,0,0,0,0,0,0,0,0,0,0,0,0,0,0,0,0,0,0,0,0,0,0,0,0,0
Lethargic,0,0,0,0,0,0,0,0,0,0,0,0,0,0,0.1359700709581375,0.12265901267528534,0,0.10922165960073471,0.11967828869819641,0.31901246309280396,0.25801894068717957,0,0,0,0,0,0,0,0,0,0,0,0,0,0,0,0,0,0,0,0,0,0,0,0,0,0,0,0,0,0,0
Lethargic,0,0,0,0,0,0,0,0,0,0,0,0,0,0,0.1342742145061493,0.12006478011608124,0,0,0.10847457498311996,0.3018960654735565,0.24054130911827087,0,0,0,0,0,0,0,0,0,0,0,0,0,0,0,0,0,0,0,0,0,0,0,0,0,0,0,0,0,0,0
Lethargic,0,0,0,0,0,0,0,0,0,0,0,0,0,0,0.14279331266880035,0.12833411991596222,0,0.10340382903814316,0.1132974699139595,0.3043927252292633,0.248157799243927,0,0,0,0,0,0,0,0,0,0,0,0,0,0,0,0,0,0,0,0,0,0,0,0,0,0,0,0,0,0,0
Lethargic,0,0,0,0,0,0,0,0,0,0,0,0,0,0,0.13945895433425903,0.12574410438537598,0,0,0.107407346367836,0.30580469965934753,0.23914659023284912,0,0,0,0,0,0,0,0,0,0,0,0,0,0,0,0,0,0,0,0,0,0,0,0,0,0,0,0,0,0,0
Lethargic,0,0,0,0,0,0,0,0,0,0,0,0,0,0,0.1464855819940567,0.1309465765953064,0,0,0.1078580841422081,0.29943183064460754,0.2504766285419464,0,0,0,0,0,0,0,0,0,0,0,0,0,0,0,0,0,0,0,0,0,0,0,0,0,0,0,0,0,0,0
Lethargic,0,0,0,0,0,0,0,0,0,0,0,0,0,0,0.1450883448123932,0.12945351004600525,0,0.10235915333032608,0.1127503290772438,0.291716068983078,0.2490149438381195,0,0,0,0,0,0,0,0,0,0,0,0,0,0,0,0,0,0,0,0,0,0,0,0,0,0,0,0,0,0,0
Lethargic,0,0,0,0,0,0,0,0,0,0,0,0,0,0,0.1556384116411209,0.14003586769104004,0,0,0.10447580367326736,0.3151029348373413,0.28325244784355164,0,0,0,0,0,0,0,0,0,0,0,0,0,0,0,0,0,0,0,0,0,0,0,0,0,0,0,0,0,0,0
Lethargic,0,0,0,0,0.10519668459892273,0,0,0,0,0,0,0,0,0,0.15754513442516327,0.14291702210903168,0,0.10174684971570969,0.11274273693561554,0.3207460343837738,0.2897334694862366,0,0,0,0,0,0,0,0,0,0,0,0,0,0,0,0,0,0,0,0,0,0,0,0,0,0,0,0,0,0,0
Lethargic,0,0,0,0,0.1011686772108078,0,0,0,0,0,0,0,0,0,0.17409177124500275,0.1580529659986496,0,0.10463263094425201,0.11580423265695572,0.29915618896484375,0.2675817310810089,0,0,0,0,0,0,0,0,0,0,0,0,0,0,0,0,0,0,0,0,0,0,0,0,0,0,0,0,0,0,0
Lethargic,0,0,0,0,0,0,0,0,0,0,0,0,0,0,0.15923760831356049,0.1430528461933136,0,0.10828135162591934,0.11832214891910553,0.29584935307502747,0.2577162981033325,0,0,0,0,0,0,0,0,0,0,0,0,0,0,0,0,0,0,0,0,0,0,0,0,0,0,0,0,0,0,0
Lethargic,0,0,0,0,0,0,0,0,0,0,0,0,0,0,0.14976488053798676,0.13606128096580505,0,0.10244685411453247,0.10926061868667603,0.34810754656791687,0.25702106952667236,0,0,0,0,0,0,0,0,0,0,0,0,0,0,0,0,0,0,0,0,0,0,0,0,0,0,0,0,0,0,0
Lethargic,0,0,0,0,0,0,0,0,0,0,0,0,0,0,0.15222522616386414,0.13831956684589386,0,0.10613583773374557,0.11340011656284332,0.3429988920688629,0.2613569498062134,0,0,0,0,0,0,0,0,0,0,0,0,0,0,0,0,0,0,0,0,0,0,0,0,0,0,0,0,0,0,0
Lethargic,0,0,0,0,0,0,0,0,0,0,0,0,0,0,0.15433724224567413,0.142171248793602,0,0.1022578626871109,0.10858716815710068,0.32342585921287537,0.27824005484580994,0,0,0,0,0,0,0,0,0,0,0,0,0,0,0,0,0,0,0,0,0,0,0,0,0,0,0,0,0,0,0
Lethargic,0,0,0,0,0,0,0,0,0,0,0,0,0,0,0.16341204941272736,0.14783716201782227,0,0.10726066678762436,0.1151394173502922,0.3284224271774292,0.2831055819988251,0,0,0,0,0,0,0,0,0,0,0,0,0,0,0,0,0,0,0,0,0,0,0,0,0,0,0,0,0,0,0
Lethargic,0,0,0,0,0,0,0,0,0,0,0,0,0,0,0.19194644689559937,0.17453129589557648,0,0,0.10671543329954147,0.3334253430366516,0.2889207899570465,0,0,0,0,0,0,0,0,0,0,0,0,0,0,0,0,0,0,0,0,0,0,0,0,0,0,0,0,0,0,0
Lethargic,0,0,0,0,0,0,0,0,0,0,0,0,0,0,0.1459428071975708,0.13208286464214325,0,0,0.10749823600053787,0.29970884323120117,0.2568800747394562,0,0,0,0,0,0,0,0,0,0,0,0,0,0,0,0,0,0,0,0,0,0,0,0,0,0,0,0,0,0,0
Lethargic,0,0,0,0,0,0,0,0,0,0,0,0,0,0,0.16074232757091522,0.1439284384250641,0,0.10804418474435806,0.11933384835720062,0.3067384958267212,0.2656507194042206,0,0,0,0,0,0,0,0,0,0,0,0,0,0,0,0,0,0.11540818959474564,0,0,0,0,0,0,0,0,0,0,0,0,0
Lethargic,0,0,0,0,0,0,0,0,0,0,0,0,0,0,0.16631294786930084,0.15054252743721008,0,0.10669352859258652,0.12475603073835373,0.3126649856567383,0.19863836467266083,0,0,0,0,0,0,0,0,0,0,0,0,0,0,0,0,0,0,0,0,0,0,0,0,0,0,0,0,0,0,0
Lethargic,0,0,0,0,0,0,0,0,0,0,0,0,0,0,0.15625174343585968,0.1405716985464096,0,0.12142151594161987,0.13191117346286774,0.3727225661277771,0.2698356509208679,0,0,0,0,0,0,0,0,0,0,0,0,0,0,0,0,0,0,0,0,0,0,0,0,0,0,0,0,0,0,0
Lethargic,0,0,0,0,0,0,0,0,0,0,0,0,0,0,0.14972952008247375,0.1361461579799652,0,0.11132839322090149,0.12228091806173325,0.34130236506462097,0.2675758898258209,0,0,0,0,0,0,0,0,0,0,0,0,0,0,0,0,0,0.11661621928215027,0,0,0,0,0,0,0,0,0,0,0,0,0
Lethargic,0,0,0,0,0,0,0,0,0,0,0,0.13261091709136963,0.12569648027420044,0,0.14787732064723969,0.13676664233207703,0,0,0,0.35639023780822754,0.24097640812397003,0,0,0,0,0,0,0,0,0,0,0,0,0,0,0,0,0,0,0,0,0,0,0,0,0,0,0,0,0,0,0
Lethargic,0,0,0,0,0,0,0,0,0,0,0,0.10482076555490494,0,0,0.12524625658988953,0.11660347133874893,0,0,0.1028376892209053,0.3383844196796417,0.2802935242652893,0,0,0,0,0,0,0,0,0,0,0,0,0,0,0,0,0,0,0,0,0,0,0,0,0,0,0,0,0,0,0
Lethargic,0,0,0,0,0,0,0,0,0,0,0,0.10046731680631638,0,0,0.12941648066043854,0.11903651803731918,0,0,0.10715065151453018,0.2817136347293854,0.2707985043525696,0,0,0,0,0,0,0,0,0,0,0,0,0,0,0,0,0,0.10000927746295929,0,0,0,0,0,0,0,0,0,0,0,0,0
Lethargic,0,0,0,0,0.10518582165241241,0,0,0,0,0,0,0,0,0,0.1288493126630783,0.11669997125864029,0,0.10732764005661011,0.12098463624715805,0.2992585301399231,0.24644514918327332,0,0,0,0,0,0,0,0,0,0,0,0,0,0,0,0,0,0,0,0,0,0,0,0,0,0,0,0,0,0,0
Lethargic,0,0,0,0,0.11301720142364502,0,0,0,0,0,0,0,0,0,0.13846895098686218,0.12598389387130737,0,0.10599685460329056,0.1210075169801712,0.28074559569358826,0.21355554461479187,0,0,0,0,0,0,0,0,0,0,0,0,0,0,0,0,0,0,0,0,0,0,0,0,0,0,0,0,0,0,0
Lethargic,0,0,0,0,0,0,0,0,0,0,0,0,0,0,0.1364871710538864,0.1254739910364151,0,0.10332856327295303,0.11615025997161865,0.30750688910484314,0.23212096095085144,0,0,0,0,0,0,0,0,0,0,0,0,0,0,0,0,0,0,0,0,0,0,0,0,0,0,0,0,0,0,0
Lethargic,0,0,0,0,0,0,0,0,0,0,0,0,0,0,0.14347103238105774,0.13031025230884552,0,0.11274025589227676,0.12519900500774384,0.32871484756469727,0.24393081665039062,0,0,0,0,0,0,0,0,0,0,0,0,0,0,0,0,0,0,0,0,0,0,0,0,0,0,0,0,0,0,0
Lethargic,0,0,0,0,0.10940524935722351,0,0,0,0,0,0,0.1032891571521759,0,0,0.15493343770503998,0.1423506736755371,0,0,0.10300440341234207,0.32616955041885376,0.27505606412887573,0,0,0,0,0,0,0,0,0,0,0,0,0,0,0,0,0,0.1055222749710083,0,0,0,0,0,0,0,0,0,0,0,0,0
Lethargic,0,0,0,0,0,0,0,0,0,0,0,0,0,0,0.13570697605609894,0.12214785069227219,0,0.11333474516868591,0.1283469945192337,0.30948325991630554,0.2731631398200989,0,0,0,0,0,0,0,0,0,0,0,0,0,0,0,0,0,0,0,0,0,0,0,0,0,0,0,0,0,0,0
Lethargic,0,0,0,0,0,0,0,0,0,0,0,0,0,0,0.14508028328418732,0.13091887533664703,0,0.11260382831096649,0.12496547400951385,0.3130092918872833,0.2613106071949005,0,0,0,0,0,0,0,0,0,0,0,0,0,0,0,0,0,0.11714012175798416,0,0,0,0,0,0,0,0,0,0,0,0,0
Lethargic,0,0,0,0,0.10110931098461151,0,0,0,0,0,0,0,0,0,0.13892753422260284,0.12642474472522736,0,0.10820724815130234,0.11923516541719437,0.30913326144218445,0.24211043119430542,0,0,0,0,0,0,0,0,0,0,0,0,0,0,0,0,0,0.10233290493488312,0,0,0,0,0,0,0,0,0,0,0,0,0
Lethargic,0,0,0,0,0,0,0,0,0,0,0,0,0,0,0.1467818021774292,0.13286776840686798,0,0.10942631959915161,0.12071480602025986,0.31216591596603394,0.26008519530296326,0,0,0,0,0,0,0,0,0,0,0,0,0,0,0,0,0,0,0,0,0,0,0,0,0,0,0,0,0,0,0
Lethargic,0,0,0,0,0,0,0,0,0,0,0,0,0,0,0.13696476817131042,0.12458532303571701,0,0.10892046242952347,0.119990274310112,0.3006027936935425,0.25958511233329773,0,0,0,0,0,0,0,0,0,0,0,0,0,0,0,0,0,0,0,0,0,0,0,0,0,0,0,0,0,0,0
Lethargic,0,0,0,0,0,0,0,0,0,0,0,0,0,0,0.15401270985603333,0.13930098712444305,0,0.11485176533460617,0.12559449672698975,0.3177851736545563,0.27274003624916077,0,0,0,0,0,0,0,0,0,0,0,0,0,0,0,0,0,0,0,0,0,0,0,0,0,0,0,0,0,0,0
Lethargic,0,0,0,0,0,0,0,0,0,0,0,0,0,0,0.14814703166484833,0.1338633894920349,0,0.1195714920759201,0.13253429532051086,0.32364925742149353,0.27606192231178284,0,0,0,0,0,0,0,0,0,0,0,0,0,0,0,0,0,0,0,0,0,0,0,0,0,0,0,0,0,0,0
Lethargic,0,0,0,0,0.10170066356658936,0,0,0,0,0,0,0,0,0,0.13951623439788818,0.1267399787902832,0,0.10754887014627457,0.12264467030763626,0.29668471217155457,0.24582213163375854,0,0,0,0,0,0,0,0,0,0,0,0,0,0,0,0,0,0.1394900679588318,0,0,0,0,0,0,0,0,0,0,0,0,0
Lethargic,0,0,0,0,0,0,0,0,0,0,0,0,0,0,0.15112106502056122,0.13633280992507935,0,0.12008456885814667,0.13553254306316376,0.31835252046585083,0.2568836212158203,0,0,0,0,0,0,0,0,0,0,0,0,0,0,0,0,0,0,0,0,0,0,0,0,0,0,0,0,0,0,0
Lethargic,0,0,0,0,0,0,0,0,0,0,0,0,0,0,0.1457936316728592,0.132051020860672,0,0.12326668947935104,0.13581734895706177,0.36072319746017456,0.24467191100120544,0,0,0,0,0,0,0,0,0,0,0,0,0,0,0,0,0,0.10701273381710052,0,0,0,0,0,0,0,0,0,0,0,0,0
Lethargic,0,0,0,0,0.10191627591848373,0,0,0,0,0,0,0.10109519958496094,0,0,0.15175709128379822,0.1370738446712494,0,0,0.10067916661500931,0.31154489517211914,0.2645493447780609,0,0,0,0,0,0,0,0,0,0,0,0,0,0,0,0,0,0,0,0,0,0,0,0,0,0,0,0,0,0,0
Lethargic,0,0,0,0,0,0,0,0,0,0,0,0,0,0,0.14098624885082245,0.12788352370262146,0,0.10655314475297928,0.11826252192258835,0.3275924324989319,0.25736337900161743,0,0,0,0,0,0,0,0,0,0,0,0,0,0,0,0,0,0,0,0,0,0,0,0,0,0,0,0,0,0,0
Lethargic,0,0,0,0,0.1234678104519844,0,0,0,0,0,0,0.10675791651010513,0,0,0.20049689710140228,0.18153873085975647,0,0,0,0.34243911504745483,0.2678675353527069,0,0,0,0,0,0,0,0,0,0,0,0,0,0,0,0,0,0,0,0,0,0,0,0,0,0,0,0,0,0,0
Lethargic,0,0,0,0,0,0,0,0,0,0,0,0,0,0,0.16010600328445435,0.14214268326759338,0,0.11265073716640472,0.12776397168636322,0.3366497755050659,0.26924997568130493,0,0,0,0,0,0,0,0,0,0,0,0,0,0,0,0,0,0,0,0,0,0,0,0,0,0,0,0,0,0,0
Lethargic,0,0,0,0,0,0,0,0,0,0,0,0,0,0,0.14073535799980164,0.12954184412956238,0,0.10560473799705505,0.1180824488401413,0.31358838081359863,0.24939337372779846,0,0,0,0,0,0,0,0,0,0,0,0,0,0,0,0,0,0,0,0,0,0,0,0,0,0,0,0,0,0,0
Lethargic,0,0,0,0,0,0,0,0,0,0,0,0.10360737890005112,0,0,0.1320696622133255,0.12363985180854797,0,0,0.10117349773645401,0.3415758013725281,0.3007718026638031,0,0,0,0,0,0,0,0,0,0,0,0,0,0,0,0,0,0,0,0,0,0,0,0,0,0,0,0,0,0,0
Lethargic,0,0,0,0,0,0,0,0,0,0,0,0.10396687686443329,0,0,0.15818659961223602,0.1427774727344513,0,0,0.1020292341709137,0.32365652918815613,0.28914201259613037,0,0,0,0,0,0,0,0,0,0,0,0,0,0,0,0,0,0,0,0,0,0,0,0,0,0,0,0,0,0,0
Lethargic,0,0,0,0,0.11445841938257217,0,0,0,0,0,0,0,0,0,0.1977701485157013,0.17679738998413086,0,0,0.10402944684028625,0.3408421576023102,0.2973065674304962,0,0,0,0,0,0,0,0,0,0,0,0,0,0,0,0,0,0.10019344836473465,0,0,0,0,0,0,0,0,0,0,0,0,0
Lethargic,0,0,0,0,0,0,0,0,0,0,0,0,0,0,0.15286050736904144,0.13761085271835327,0,0.10591057687997818,0.11703110486268997,0.3561634421348572,0.24915967881679535,0,0,0,0,0,0,0,0,0,0,0,0,0,0,0,0,0,0,0,0,0,0,0,0,0,0,0,0,0,0,0
Lethargic,0,0,0,0,0,0,0,0,0,0,0,0,0,0,0.17335739731788635,0.15805836021900177,0,0.11243480443954468,0.1226377859711647,0.38882961869239807,0.2642286419868469,0,0,0,0,0,0,0,0,0,0,0,0,0,0,0,0,0,0.12262946367263794,0,0,0,0,0,0,0,0,0,0,0,0,0
Lethargic,0,0,0,0,0.10250093042850494,0,0,0,0,0,0,0,0,0,0.13957630097866058,0.12767294049263,0,0,0.10908301919698715,0.3098169267177582,0.28663361072540283,0,0,0,0,0,0,0,0,0,0,0,0,0,0,0,0,0,0.13481414318084717,0,0,0,0,0,0,0,0,0,0,0,0,0
Lethargic,0,0,0,0,0.10815396159887314,0,0,0,0,0,0,0,0,0,0.1602892428636551,0.14463743567466736,0,0.10988860577344894,0.12584353983402252,0.274292916059494,0.3002639710903168,0,0,0,0,0,0,0,0,0,0,0,0,0,0,0,0,0,0.10694955289363861,0,0,0,0,0,0,0,0,0,0,0,0,0
Lethargic,0,0,0,0,0.10241171717643738,0,0,0,0,0,0,0,0,0,0.16932572424411774,0.15413160622119904,0,0,0.1108710914850235,0.3073296844959259,0.28419697284698486,0,0,0,0,0,0,0,0,0,0,0,0,0,0,0,0,0,0.11117690056562424,0,0,0,0,0,0,0,0,0,0,0,0,0
Lethargic,0,0,0,0,0.10173659026622772,0,0,0,0,0,0,0,0,0,0.14402209222316742,0.1310102641582489,0,0.1109587773680687,0.12416121363639832,0.3157601058483124,0.2749035060405731,0,0,0,0,0,0,0,0,0,0,0,0,0,0,0,0,0,0,0,0,0,0,0,0,0,0,0,0,0,0,0
Lethargic,0,0,0,0,0,0,0,0,0,0,0,0,0,0,0.15599562227725983,0.14152853190898895,0,0.10686177015304565,0.11785648763179779,0.3378322422504425,0.27339595556259155,0,0,0,0,0,0,0,0,0,0,0,0,0,0,0,0,0,0,0,0,0,0,0,0,0,0,0,0,0,0,0
Lethargic,0,0,0,0,0.12013819068670273,0,0,0,0,0,0,0,0,0,0.16890670359134674,0.15406225621700287,0,0.11004061996936798,0.11814562231302261,0.3289737105369568,0.26107072830200195,0,0,0,0,0,0,0,0,0,0,0,0,0,0,0,0,0,0.10928133875131607,0,0,0,0,0,0,0,0,0,0,0,0,0
Lethargic,0,0,0,0,0,0,0,0,0,0,0,0,0,0,0.1854633390903473,0.166763573884964,0,0.10889173299074173,0.11648335307836533,0.3389228582382202,0.2824903130531311,0,0,0,0,0,0,0,0,0,0,0,0,0,0,0,0,0,0,0,0,0,0,0,0,0,0,0,0,0,0,0
Lethargic,0,0,0,0,0,0,0,0,0,0,0,0,0,0,0.16047050058841705,0.14488358795642853,0,0.1094658225774765,0.1160680502653122,0.32437220215797424,0.24894319474697113,0,0,0,0,0,0,0,0,0,0,0,0,0,0,0,0,0,0,0,0,0,0,0,0,0,0,0,0,0,0,0
Lethargic,0,0,0,0,0,0,0,0,0,0,0,0,0,0,0.1361333280801773,0.12504978477954865,0,0.1066206768155098,0.11266639828681946,0.3455059230327606,0.2529038190841675,0,0,0,0,0,0,0,0,0,0,0,0,0,0,0,0,0,0,0,0,0,0,0,0,0,0,0,0,0,0,0
Lethargic,0,0,0,0,0,0,0,0,0,0,0,0,0,0,0.1611013412475586,0.14573608338832855,0,0.11421442031860352,0.1230359673500061,0.35131046175956726,0.2925252616405487,0,0,0,0,0,0,0,0,0,0,0,0,0,0,0,0,0,0.11350665986537933,0,0,0,0,0,0,0,0,0,0,0,0,0
Lethargic,0,0,0,0,0,0,0,0,0,0,0,0,0,0,0.1550484448671341,0.14018429815769196,0,0.1033974289894104,0.11394296586513519,0.3410552442073822,0.2588058412075043,0,0,0,0,0,0,0,0,0,0,0,0,0,0,0,0,0,0,0,0,0,0,0,0,0,0,0,0,0,0,0
Lethargic,0,0,0,0,0,0,0,0,0,0,0,0,0,0,0.1753551959991455,0.1590794026851654,0,0.1066524013876915,0.11300735175609589,0.3258124589920044,0.24959109723567963,0,0,0,0,0,0,0,0,0,0,0,0,0,0,0,0,0,0,0,0,0,0,0,0,0,0,0,0,0,0,0
Lethargic,0,0,0,0,0,0,0,0,0,0,0,0,0,0,0.1757325977087021,0.16071996092796326,0,0.11159411072731018,0.11698967963457108,0.33642303943634033,0.2650281488895416,0,0,0,0,0,0,0,0,0,0,0,0,0,0,0,0,0,0,0,0,0,0,0,0,0,0,0,0,0,0,0
Lethargic,0,0,0,0,0,0,0,0,0,0,0,0,0,0,0.16081120073795319,0.14749008417129517,0,0.10911284387111664,0.11420446634292603,0.35308194160461426,0.2650538980960846,0,0,0,0,0,0,0,0,0,0,0,0,0,0,0,0,0,0.11357450485229492,0,0,0,0,0,0,0,0,0,0,0,0,0
Lethargic,0,0,0,0,0,0,0,0,0,0,0,0,0,0,0.19852055609226227,0.18144825100898743,0,0.11173303425312042,0.11487676948308945,0.3341687321662903,0.27364325523376465,0,0,0,0,0,0,0,0,0,0,0,0,0,0,0,0,0,0.11954639852046967,0,0,0,0,0,0,0,0,0,0,0,0,0
Lethargic,0,0,0,0,0,0,0,0,0,0,0,0,0,0,0.15583841502666473,0.14101436734199524,0,0.12104780226945877,0.1325872242450714,0.352267861366272,0.2732146680355072,0,0,0,0,0,0,0,0,0,0,0,0,0,0,0,0,0,0,0,0,0,0,0,0,0,0,0,0,0,0,0
Lethargic,0,0,0,0,0,0,0,0,0,0,0,0,0,0,0.1489129364490509,0.13587574660778046,0,0.10700755566358566,0.11315236985683441,0.3412523567676544,0.2815931439399719,0,0,0,0,0,0,0,0,0,0,0,0,0,0,0,0,0,0,0,0,0,0,0,0,0,0,0,0,0,0,0
Lethargic,0,0,0,0,0.10752040892839432,0,0,0,0,0,0,0,0,0,0.14688025414943695,0.13387954235076904,0,0,0.10342194139957428,0.31139010190963745,0.2483062595129013,0,0,0,0,0,0,0,0,0,0,0,0,0,0,0,0,0,0.12610067427158356,0,0,0,0,0,0,0,0,0,0,0,0,0
Lethargic,0,0,0,0,0.11628776043653488,0,0,0,0,0,0,0,0,0,0.18661727011203766,0.17001216113567352,0,0,0.10118936747312546,0.33394625782966614,0.2414173185825348,0,0,0,0,0,0,0,0,0,0,0,0,0,0,0,0,0,0,0,0,0,0,0,0,0,0,0,0,0,0,0
Lethargic,0,0,0,0,0.12128545343875885,0,0,0,0,0,0,0,0,0,0.17413565516471863,0.15699684619903564,0,0.10119300335645676,0.10777442157268524,0.3146341145038605,0.29407352209091187,0,0,0,0,0,0,0,0,0,0,0,0,0,0,0,0,0,0,0,0,0,0,0,0,0,0,0,0,0,0,0
Pain,0,0.6582372784614563,0.5831589698791504,0,0,0,0,0,0,0.4707188308238983,0.4796557128429413,0.39812368154525757,0.39887216687202454,0,0.3189842998981476,0.30568844079971313,0,0,0,0.4772002398967743,0.6238721609115601,0,0,0,0,0,0,0,0,0,0,0,0,0,0.7175073623657227,0.8191523551940918,0,0,0,0,0,0,0,0,0.8849973082542419,0.9278345108032227,0,0,0.3291952610015869,0.7013048529624939,0,0
Pain,0,0,0,0,0,0,0,0,0,0.43787261843681335,0.2508529722690582,0.2799151837825775,0.23060673475265503,0,0.23525232076644897,0.18986505270004272,0,0,0,0.4523141384124756,0.6216354370117188,0,0,0,0,0.24590091407299042,0,0,0,0,0,0,0,0,0.43048760294914246,0.6549923419952393,0,0,0,0,0,0,0,0,0.8847962021827698,0.9189008474349976,0,0.18990953266620636,0.48219284415245056,0.6637763977050781,0,0
Pain,0,0.27430710196495056,0.150654599070549,0,0,0,0,0,0,0.41816169023513794,0.2902643382549286,0.28446653485298157,0.24651190638542175,0,0.16362319886684418,0.1386071890592575,0,0,0,0.40663450956344604,0.6723482608795166,0,0,0,0,0.31540215015411377,0,0,0,0,0,0,0,0,0.3140157163143158,0.5072564482688904,0,0.11058701574802399,0,0,0,0,0,0,0.9024462103843689,0.9369325637817383,0,0.16547563672065735,0.3699508011341095,0.5517023801803589,0,0
Pain,0,0.20493219792842865,0,0,0,0,0,0,0,0.41710999608039856,0.24273733794689178,0.21494103968143463,0.18276172876358032,0,0.2842419445514679,0.23617736995220184,0,0,0,0.43206676840782166,0.6116687059402466,0,0,0,0,0.2580887973308563,0,0,0,0,0,0,0,0,0.34803009033203125,0.5473095178604126,0,0,0,0,0,0,0,0,0.8929073214530945,0.9195171594619751,0,0.19611655175685883,0.47809791564941406,0.6336553692817688,0,0
Pain,0,0.11225399374961853,0,0,0,0,0,0,0,0.4270716607570648,0.1947687715291977,0.15168307721614838,0.12417910993099213,0,0.22294381260871887,0.16845393180847168,0,0.11277808994054794,0.12924186885356903,0.40446802973747253,0.5988786816596985,0,0,0,0,0.2680421471595764,0,0,0,0,0,0,0,0,0.36593684554100037,0.5361814498901367,0,0,0,0,0,0,0,0,0.8872777223587036,0.9116851091384888,0,0.20300328731536865,0.45350608229637146,0.585776686668396,0,0
Pain,0,0.10403691977262497,0,0,0,0,0,0,0,0.43052056431770325,0.25637316703796387,0.259981632232666,0.22864051163196564,0,0.1882055103778839,0.14556211233139038,0,0,0,0.4401080906391144,0.5610623359680176,0,0,0,0,0.28832006454467773,0,0,0,0,0,0,0,0,0.4025520384311676,0.5871720314025879,0,0.10147465020418167,0,0,0,0,0,0,0.915317714214325,0.9399036765098572,0,0.14506803452968597,0.51412034034729,0.678925633430481,0,0
Pain,0,0.13918817043304443,0,0,0,0,0,0,0,0.41764554381370544,0.254185289144516,0.22813533246517181,0.19923898577690125,0,0.19642795622348785,0.1496853232383728,0,0,0,0.4159127175807953,0.6254423260688782,0,0,0,0,0.3410418927669525,0,0,0,0,0,0,0,0,0.3556869626045227,0.5130885243415833,0,0.10872107744216919,0,0,0,0,0,0,0.9165911674499512,0.9354943037033081,0,0.17941397428512573,0.38504526019096375,0.4690229296684265,0,0
Pain,0,0.14391009509563446,0,0,0,0,0,0,0,0.43677493929862976,0.21716447174549103,0.22392725944519043,0.1841249018907547,0,0.1951448619365692,0.15079054236412048,0,0,0,0.39180734753608704,0.6288817524909973,0,0,0,0,0.3428371846675873,0,0,0,0,0,0,0,0,0.31979990005493164,0.4699130952358246,0,0,0,0,0,0,0,0,0.8886750340461731,0.9102827310562134,0,0.19688378274440765,0.45057424902915955,0.5164159536361694,0,0
Pain,0,0.13265855610370636,0,0,0,0,0,0,0,0.43702730536460876,0.22466428577899933,0.24315132200717926,0.2028857171535492,0,0.1614975929260254,0.11533879488706589,0,0,0,0.36755821108818054,0.6309250593185425,0,0,0,0,0.32514142990112305,0,0,0,0,0,0,0,0,0.37503641843795776,0.5092774033546448,0,0,0,0,0,0,0,0,0.8893666863441467,0.9193245768547058,0,0.13512006402015686,0.41505923867225647,0.5175513625144958,0,0
Pain,0,0.14820389449596405,0,0,0,0,0,0,0,0.46683022379875183,0.17883987724781036,0.29240909218788147,0.23124395310878754,0,0.27682986855506897,0.23118552565574646,0,0,0,0.3034531772136688,0.623903214931488,0,0,0,0,0.338765412569046,0,0,0,0,0,0,0,0,0.31135374307632446,0.4243784248828888,0,0.11243472993373871,0,0,0,0,0,0,0.8986455798149109,0.9360096454620361,0,0.11185739934444427,0.34383395314216614,0.4761059582233429,0,0
Pain,0,0.19593974947929382,0.10494548082351685,0,0,0,0,0,0,0.47064149379730225,0.19950252771377563,0.29833054542541504,0.23791107535362244,0,0.20341351628303528,0.1548183709383011,0,0,0,0.34612444043159485,0.6382021307945251,0,0,0,0,0.30132049322128296,0,0,0,0,0,0,0,0,0.41271746158599854,0.5195398330688477,0,0.11555146425962448,0,0,0,0,0,0,0.9010235667228699,0.9386976957321167,0,0.10953410714864731,0.42389753460884094,0.5921888947486877,0,0
Pain,0,0.2163156270980835,0.11288223415613174,0,0,0,0,0,0,0.4442933201789856,0.23222576081752777,0.2982475757598877,0.25248023867607117,0,0.13604424893856049,0.10172943770885468,0,0,0,0.34912291169166565,0.6215804815292358,0,0,0,0,0.29831358790397644,0,0,0,0,0,0,0,0,0.43071243166923523,0.5672377347946167,0,0.13661573827266693,0,0,0,0,0,0,0.9072856903076172,0.9456329941749573,0,0.12705090641975403,0.40479230880737305,0.6142220497131348,0,0
Pain,0,0.13198009133338928,0,0,0,0,0,0,0,0.41249263286590576,0.19346649944782257,0.19911620020866394,0.16101008653640747,0,0.18700073659420013,0.14316214621067047,0,0,0,0.36195582151412964,0.6027339696884155,0,0,0,0,0.27320295572280884,0,0,0,0,0,0,0,0,0.5133107900619507,0.6542972326278687,0,0.11763083934783936,0,0,0,0,0,0,0.8987147808074951,0.9314243197441101,0,0.17569683492183685,0.4905164837837219,0.6471801996231079,0,0
Pain,0,0.23416832089424133,0.10455207526683807,0,0,0,0,0,0,0.36924710869789124,0.22377489507198334,0.1925625503063202,0.17487533390522003,0,0.22577857971191406,0.17066898941993713,0,0,0,0.42827120423316956,0.6081085205078125,0,0,0,0,0.2615552842617035,0,0,0,0,0,0,0,0,0.5299898386001587,0.6804854869842529,0,0.100883848965168,0,0,0,0,0,0,0.9007117748260498,0.9258940815925598,0,0.18133491277694702,0.4498755931854248,0.5470563769340515,0,0
Pain,0,0.18729689717292786,0,0,0,0,0,0,0,0.3977748453617096,0.21657444536685944,0.2468847632408142,0.20809118449687958,0,0.2642221748828888,0.22849701344966888,0,0,0,0.3859650194644928,0.6266461610794067,0,0,0,0,0.27961671352386475,0,0,0,0,0,0,0,0,0.4912436604499817,0.6408666968345642,0,0.11174048483371735,0,0,0,0,0,0,0.877587080001831,0.9190918803215027,0,0.16445229947566986,0.4051569104194641,0.5180693864822388,0,0
Pain,0,0.27830010652542114,0.1763504147529602,0,0,0,0,0,0,0.38233911991119385,0.25939443707466125,0.2675252854824066,0.23928214609622955,0,0.20882824063301086,0.16274642944335938,0,0,0,0.3775646388530731,0.6233352422714233,0,0,0,0,0.26451894640922546,0,0,0,0,0,0,0,0,0.489927738904953,0.6527405977249146,0,0.12157581746578217,0,0,0,0,0,0,0.8877559900283813,0.9257315397262573,0,0.14207623898983002,0.461664617061615,0.5991752743721008,0,0
Pain,0,0.2491723895072937,0.15287575125694275,0,0,0,0,0,0,0.3798234462738037,0.2514261305332184,0.3016193211078644,0.2710268199443817,0,0.17240937054157257,0.1367364376783371,0,0,0,0.39252352714538574,0.6129276752471924,0,0,0,0,0.26364269852638245,0,0,0,0,0,0,0,0,0.5500236749649048,0.6874520778656006,0,0.11677514016628265,0,0,0,0,0,0,0.890979528427124,0.93076092004776,0,0.1575353592634201,0.46298110485076904,0.6154111623764038,0,0
Pain,0,0.11823348701000214,0,0,0,0,0,0,0,0.37072232365608215,0.16533328592777252,0.20193402469158173,0.1611482948064804,0,0.18891501426696777,0.14829139411449432,0,0,0.10654325038194656,0.40904000401496887,0.6271584630012512,0,0,0,0,0.2865060567855835,0,0,0,0,0,0,0,0,0.5210644006729126,0.6632987260818481,0,0.10618855059146881,0,0,0,0,0,0,0.9123278856277466,0.9335585832595825,0,0.158087357878685,0.4274309277534485,0.5106790661811829,0,0
Pain,0,0.3046448826789856,0.20465286076068878,0,0,0,0,0,0,0.3617008924484253,0.20536182820796967,0.2666829526424408,0.22036384046077728,0,0.22670184075832367,0.18377844989299774,0,0,0,0.37237808108329773,0.6556549072265625,0,0,0,0,0.28764575719833374,0,0,0,0,0,0,0,0,0.48768433928489685,0.6326055526733398,0,0.1312669962644577,0,0,0,0,0,0,0.903944194316864,0.9358363151550293,0,0.1358383297920227,0.3748650550842285,0.5104444026947021,0,0
Pain,0,0,0,0,0,0,0,0,0,0.3860943019390106,0.1616361290216446,0.2744416296482086,0.21969760954380035,0,0.23812273144721985,0.18258999288082123,0,0,0,0.34445998072624207,0.613989531993866,0,0,0,0,0.27243703603744507,0,0,0,0,0,0,0,0,0.5350630879402161,0.6824946403503418,0,0.11876833438873291,0,0,0,0,0,0,0.8936201930046082,0.9288649559020996,0,0.15697865188121796,0.4224594533443451,0.5202884078025818,0,0
Pain,0,0,0,0,0,0,0,0,0,0.3858855068683624,0.19228366017341614,0.25570881366729736,0.22278465330600739,0,0.20935338735580444,0.1498773992061615,0,0,0,0.39344438910484314,0.591639518737793,0,0,0,0,0.27616652846336365,0,0,0,0,0,0,0,0,0.5329734086990356,0.6817135810852051,0,0.11857607960700989,0,0,0,0,0,0,0.8955276608467102,0.9284595251083374,0,0.20725631713867188,0.4296976327896118,0.528429388999939,0,0
Pain,0,0.18778164684772491,0.12026850879192352,0,0,0,0,0,0,0.3965149521827698,0.2266586869955063,0.27356523275375366,0.23256896436214447,0,0.1947747766971588,0.14633473753929138,0,0,0,0.3746773302555084,0.6290816068649292,0,0,0,0,0.2516120672225952,0,0,0,0,0,0,0,0,0.523093581199646,0.6702373027801514,0,0.14430002868175507,0,0,0,0,0,0,0.8971118927001953,0.938872218132019,0,0.1354702264070511,0.48058968782424927,0.6616477966308594,0,0
Pain,0,0,0,0,0,0,0,0,0,0.4480496644973755,0.24070203304290771,0.33927538990974426,0.2904282510280609,0,0.2193254977464676,0.16847719252109528,0,0,0,0.3568991720676422,0.6069132089614868,0,0,0,0,0.2907547950744629,0,0,0,0,0,0,0,0,0.45760008692741394,0.6015746593475342,0,0.13728082180023193,0,0,0,0,0,0,0.8841890096664429,0.9373620748519897,0,0.15858648717403412,0.44337353110313416,0.6235764622688293,0,0
Pain,0,0,0,0.12008335441350937,0.10644084960222244,0,0,0,0,0.3803770840167999,0.15487685799598694,0.22273607552051544,0.18536972999572754,0,0.1645800918340683,0.12389382719993591,0,0,0,0.40916121006011963,0.5982330441474915,0,0,0,0,0.3346971273422241,0,0,0,0,0,0,0,0,0.4120667576789856,0.5658286809921265,0,0.1225428655743599,0,0,0,0,0,0,0.878684401512146,0.9113699793815613,0.11737927794456482,0.23469723761081696,0.43075355887413025,0.5710045695304871,0,0
Pain,0,0,0,0.10298221558332443,0.1400190144777298,0,0,0,0,0.4023949205875397,0.21788573265075684,0.2720688581466675,0.23498183488845825,0,0.19562935829162598,0.14233726263046265,0,0,0,0.3798128068447113,0.5790098309516907,0,0,0,0,0.3356163799762726,0,0,0,0,0,0,0,0,0.42805176973342896,0.5762619972229004,0,0.1391536444425583,0,0,0,0,0,0,0.8994364738464355,0.9401012063026428,0,0.15395890176296234,0.3287906050682068,0.4789412021636963,0,0
Pain,0,0.20815405249595642,0.1266535371541977,0,0,0,0,0,0,0.4354396164417267,0.23469500243663788,0.2854255735874176,0.2355160415172577,0,0.20724037289619446,0.15439678728580475,0,0,0,0.39000678062438965,0.603385329246521,0,0,0,0,0.2898964285850525,0,0,0,0,0,0,0,0,0.5194289088249207,0.6737691164016724,0,0.12945857644081116,0,0,0,0,0,0,0.9102733135223389,0.9384331703186035,0,0.13136819005012512,0.43055906891822815,0.5395538806915283,0,0
Pain,0,0.17069870233535767,0,0,0,0,0,0,0,0.40943607687950134,0.17331597208976746,0.2256450355052948,0.18302315473556519,0,0.18563976883888245,0.14859184622764587,0,0,0,0.4259084463119507,0.61273592710495,0,0,0,0,0.2776534855365753,0,0,0,0,0,0,0,0,0.5414358377456665,0.6847138404846191,0,0,0,0,0,0,0,0,0.906084418296814,0.926572322845459,0,0.19441187381744385,0.4970420300960541,0.5774345397949219,0,0
Pain,0,0.16537995636463165,0,0,0,0,0,0,0,0.38748741149902344,0.15296471118927002,0.22228999435901642,0.18144148588180542,0,0.193926140666008,0.15492133796215057,0,0,0,0.43588918447494507,0.6007664203643799,0,0,0,0,0.27959170937538147,0,0,0,0,0,0,0,0,0.5046594142913818,0.6622173190116882,0,0,0,0,0,0,0,0,0.8995407223701477,0.915713906288147,0,0.21396802365779877,0.46314793825149536,0.5202747583389282,0,0
Pain,0,0.2073260396718979,0.11640248447656631,0,0,0,0,0,0,0.41861841082572937,0.25721994042396545,0.33946964144706726,0.30571335554122925,0,0.16406969726085663,0.12561365962028503,0,0,0,0.37795382738113403,0.584173321723938,0,0,0,0,0.25646188855171204,0,0,0,0,0,0,0,0,0.5203630924224854,0.6745803356170654,0,0.11947686970233917,0,0,0,0,0,0,0.8698593378067017,0.9142175912857056,0,0.17663700878620148,0.5309484004974365,0.6571823954582214,0,0
Pain,0,0.10588276386260986,0,0,0,0,0,0,0,0.41633662581443787,0.18829789757728577,0.24520570039749146,0.20801275968551636,0,0.1830102801322937,0.13346774876117706,0,0,0,0.38121381402015686,0.5984655618667603,0,0,0,0,0.30818235874176025,0,0,0,0,0,0,0,0,0.4662199318408966,0.6120826005935669,0,0.12217666953802109,0,0,0,0,0,0,0.8876520395278931,0.9218832850456238,0,0.25309205055236816,0.49317029118537903,0.5873730778694153,0,0
Pain,0,0,0,0.1650318205356598,0.42080575227737427,0.13189445436000824,0,0,0,0.3379157781600952,0.18528154492378235,0.2348547726869583,0.22143633663654327,0,0.2184547334909439,0.16771623492240906,0,0,0,0.47085365653038025,0.5314155220985413,0,0,0,0,0.31746771931648254,0,0,0,0,0,0,0,0,0.6058510541915894,0.7610077857971191,0,0.18543533980846405,0,0,0,0,0,0,0.929664671421051,0.9516341686248779,0.24706552922725677,0.3076149523258209,0.4287281334400177,0.6656894683837891,0,0
Pain,0,0,0,0,0.2106664776802063,0,0,0,0,0.4931115508079529,0.27964627742767334,0.263094037771225,0.20520029962062836,0,0.2708171606063843,0.17369328439235687,0,0,0,0.36026662588119507,0.6491540670394897,0,0,0,0,0.34861674904823303,0,0,0,0,0,0,0,0,0.3682449758052826,0.5077739953994751,0,0.20741680264472961,0,0,0,0,0,0,0.9229310154914856,0.9635969996452332,0.11792795360088348,0.11949925124645233,0.30189749598503113,0.5648794174194336,0,0
Pain,0,0,0,0.1347234547138214,0.16268593072891235,0,0,0,0,0.435067743062973,0.21199889481067657,0.17986054718494415,0.15215754508972168,0,0.14898675680160522,0.10179070383310318,0,0.10611452162265778,0.11284876614809036,0.4597991406917572,0.5892806053161621,0,0,0,0,0.33669212460517883,0,0,0,0,0,0,0,0,0.35134103894233704,0.5040174722671509,0,0.13061583042144775,0,0,0,0,0,0,0.9168291091918945,0.9441718459129333,0.1521347016096115,0.1896638423204422,0.4225357472896576,0.6101425886154175,0,0
Pain,0,0,0,0.15197938680648804,0.20997333526611328,0,0,0,0,0.3585987389087677,0.15224812924861908,0.18928611278533936,0.15459498763084412,0,0.14212501049041748,0,0,0.1079273596405983,0.11899363249540329,0.4200931787490845,0.6171802282333374,0,0,0,0,0.363564133644104,0,0,0,0,0,0,0,0,0.33831286430358887,0.49582114815711975,0,0.11326585710048676,0,0,0,0,0,0,0.9137586951255798,0.942205011844635,0.23522457480430603,0.2800905704498291,0.46008631587028503,0.6653270721435547,0,0
Pain,0,0,0,0.18141181766986847,0.20956744253635406,0,0,0,0,0.48416730761528015,0.22179292142391205,0.3520289361476898,0.28443244099617004,0,0.1549728512763977,0,0,0,0,0.32406678795814514,0.6088961362838745,0,0,0,0,0.36463266611099243,0,0,0,0,0,0,0,0,0.31109586358070374,0.4652259945869446,0,0.16599032282829285,0,0,0,0,0,0,0.9127721786499023,0.9514287710189819,0,0.16345497965812683,0.3137075901031494,0.4846087694168091,0,0
Pain,0,0,0,0.23031245172023773,0.306107759475708,0.1202709749341011,0,0,0,0.4791930615901947,0.24255752563476562,0.36642494797706604,0.1882733851671219,0,0.3434307277202606,0.12434682995080948,0,0,0,0.3294055759906769,0.6861460208892822,0,0,0,0,0.47254395484924316,0,0,0,0,0,0,0,0,0.20565448701381683,0.3813680112361908,0,0.22707870602607727,0,0,0,0,0,0,0.9337657690048218,0.9574785828590393,0,0.15657682716846466,0.2418665587902069,0.35041555762290955,0,0
Pain,0,0,0,0.2559669613838196,0.4286110997200012,0.1362515538930893,0,0,0,0.4536561071872711,0.22790053486824036,0.33846315741539,0.2831391990184784,0,0.3297172784805298,0.20339271426200867,0,0,0,0.3738497793674469,0.5499444007873535,0,0,0,0,0.45190611481666565,0,0,0,0,0,0,0,0,0.19064009189605713,0.3491956293582916,0,0.18137040734291077,0,0,0,0,0,0,0.9346909523010254,0.9575285315513611,0.18524444103240967,0.2456922084093094,0.2575647532939911,0.3927173316478729,0,0
Pain,0,0,0,0,0.12216366827487946,0,0,0,0,0.46885764598846436,0.21025055646896362,0.34831514954566956,0.24957270920276642,0,0.4068218767642975,0.2892116904258728,0,0,0,0.3399184048175812,0.5718693137168884,0,0,0,0,0.34483885765075684,0,0,0,0,0,0,0,0,0.34951332211494446,0.531216025352478,0,0.166333869099617,0,0,0,0,0,0,0.9319655895233154,0.9639058113098145,0,0.151457279920578,0.37246716022491455,0.5198801755905151,0,0
Pain,0,0,0,0,0.10373661667108536,0,0,0,0,0.4094598889350891,0.22490908205509186,0.2971186637878418,0.2516692876815796,0,0.20227210223674774,0.13947224617004395,0,0,0,0.352786123752594,0.6033865213394165,0,0,0,0,0.3443545401096344,0,0,0,0,0,0,0,0,0.3857041001319885,0.5088319778442383,0,0.16765491664409637,0,0,0,0,0,0,0.9178851842880249,0.956309974193573,0,0.13005463778972626,0.2705807387828827,0.466879278421402,0,0
Pain,0,0,0,0,0,0,0,0,0,0.4399512708187103,0.20579999685287476,0.3333073854446411,0.2793750762939453,0,0.15019750595092773,0.10485295951366425,0,0,0,0.35945838689804077,0.5780408382415771,0,0,0,0,0.36160391569137573,0,0,0,0,0,0,0,0,0.33559438586235046,0.4684082567691803,0,0.20226186513900757,0,0,0,0,0,0,0.9270639419555664,0.9585012793540955,0,0.12855683267116547,0.3289753198623657,0.49287116527557373,0,0
Pain,0,0.10765720903873444,0,0,0,0,0,0,0,0.39407482743263245,0.21534688770771027,0.31980469822883606,0.28114789724349976,0,0.19358950853347778,0.14385244250297546,0,0,0,0.3821905851364136,0.5947269797325134,0,0,0,0,0.3085540533065796,0,0,0,0,0,0,0,0,0.5077896118164062,0.6333251595497131,0,0.16470348834991455,0,0,0,0,0,0,0.9196486473083496,0.9531097412109375,0,0.14140890538692474,0.287099689245224,0.4394339621067047,0,0
Pain,0,0,0,0,0,0,0,0,0,0.3794281482696533,0.19977959990501404,0.3158824145793915,0.27061885595321655,0,0.2559056282043457,0.19815289974212646,0,0,0,0.3655233681201935,0.5723897218704224,0,0,0,0,0.28939592838287354,0,0,0,0,0,0,0,0,0.47283339500427246,0.618873119354248,0,0.12232880294322968,0,0,0,0,0,0,0.8865201473236084,0.9340596199035645,0,0.19045326113700867,0.3353405296802521,0.4756144881248474,0,0
Pain,0,0,0,0,0,0,0,0,0,0.382037878036499,0.19672337174415588,0.28445228934288025,0.24819180369377136,0,0.26389315724372864,0.20632177591323853,0,0,0,0.37813007831573486,0.5448216199874878,0,0,0,0,0.31691882014274597,0,0,0,0,0,0,0,0,0.4306095838546753,0.5615262389183044,0,0.13270340859889984,0,0,0,0,0,0,0.8930997252464294,0.9401717185974121,0,0.19582998752593994,0.3053443729877472,0.46156635880470276,0,0
Pain,0,0.17111067473888397,0,0,0,0,0,0,0,0.4339252710342407,0.22321607172489166,0.3672634959220886,0.31652089953422546,0,0.19964854419231415,0.15724274516105652,0,0,0,0.3832160532474518,0.59993976354599,0,0,0,0,0.23628197610378265,0,0,0,0,0,0,0,0,0.6426239609718323,0.762698769569397,0,0.14224547147750854,0,0,0,0,0,0,0.8824368119239807,0.9289077520370483,0,0.14725813269615173,0.4601551592350006,0.6067905426025391,0,0
Pain,0,0,0,0.10367283225059509,0.1591060608625412,0,0,0,0,0.44999533891677856,0.2845101058483124,0.30571281909942627,0.28349751234054565,0,0.16072112321853638,0.12166163325309753,0,0,0,0.5130139589309692,0.5717902183532715,0,0,0,0,0.26485389471054077,0,0,0,0,0,0,0,0,0.4903477430343628,0.6917579174041748,0,0,0,0,0,0,0,0,0.8496347665786743,0.8858584761619568,0.13296110928058624,0.30820074677467346,0.520026445388794,0.6664234399795532,0,0
Pain,0,0,0,0,0,0,0,0,0,0.4264833629131317,0.18699324131011963,0.2984417974948883,0.2459675520658493,0,0.1850319355726242,0.12925618886947632,0,0,0,0.3371262848377228,0.5924806594848633,0,0,0,0,0.27412497997283936,0,0,0,0,0,0,0,0,0.5504467487335205,0.6812393665313721,0,0.19248400628566742,0,0,0,0,0,0,0.9094418287277222,0.953052282333374,0,0.18838846683502197,0.35887208580970764,0.5608275532722473,0,0
Pain,0,0,0,0,0,0,0,0,0,0.39319726824760437,0.19490376114845276,0.25297313928604126,0.21774494647979736,0,0.12246652692556381,0,0,0,0,0.3841126561164856,0.5765413045883179,0,0,0,0,0.32024556398391724,0,0,0,0,0,0,0,0,0.47115883231163025,0.6007322669029236,0,0.18407532572746277,0,0,0,0,0,0,0.920495867729187,0.9529101252555847,0.10924109816551208,0.1696043163537979,0.2809116244316101,0.43987756967544556,0,0
Pain,0,0,0,0,0,0,0,0,0,0.4150455594062805,0.22129356861114502,0.3127085566520691,0.27300959825515747,0,0.16636346280574799,0.11857336759567261,0,0,0,0.36037278175354004,0.5759294033050537,0,0,0,0,0.32749027013778687,0,0,0,0,0,0,0,0,0.4156758189201355,0.5436303019523621,0,0.1867046058177948,0,0,0,0,0,0,0.9068916440010071,0.9540223479270935,0,0.1419484168291092,0.3256913423538208,0.5600413680076599,0,0
Pain,0,0.17974922060966492,0.11005578935146332,0,0,0,0,0,0,0.41898420453071594,0.23761236667633057,0.3477608263492584,0.31573623418807983,0,0.14289504289627075,0.10676921904087067,0,0,0,0.3912045359611511,0.564757227897644,0,0,0,0,0.2723381221294403,0,0,0,0,0,0,0,0,0.5475473403930664,0.6801450848579407,0,0.1398290991783142,0,0,0,0,0,0,0.8872026205062866,0.9327685832977295,0,0.14918763935565948,0.47187021374702454,0.638208270072937,0,0
Pain,0,0,0,0,0,0,0,0,0,0.41908904910087585,0.2726229727268219,0.29916831851005554,0.2676367461681366,0,0.12753650546073914,0,0,0,0,0.3884742259979248,0.6058251261711121,0,0,0,0,0.294658899307251,0,0,0,0,0,0,0,0,0.5065121054649353,0.6480126976966858,0,0.12920276820659637,0,0,0,0,0,0,0.893069863319397,0.9352245926856995,0,0.15738336741924286,0.42318063974380493,0.5691407918930054,0,0
Pain,0,0,0,0.14999717473983765,0,0,0,0,0,0.3872077167034149,0.21377162635326385,0.2536240518093109,0.224204882979393,0,0.16770631074905396,0.1111859604716301,0,0,0,0.40107181668281555,0.6189090013504028,0,0,0,0,0.3183847963809967,0,0,0,0,0,0,0,0,0.4715719521045685,0.614285945892334,0,0.13100028038024902,0,0,0,0,0,0,0.8908812403678894,0.9288651943206787,0,0.20174583792686462,0.4689595699310303,0.5526368618011475,0,0
Pain,0,0,0,0,0.11752968281507492,0,0,0,0,0.4272167980670929,0.2235902100801468,0.28620418906211853,0.23430480062961578,0,0.20043061673641205,0.1450093388557434,0,0,0,0.3621365427970886,0.6315392255783081,0,0,0,0,0.3046567738056183,0,0,0,0,0,0,0,0,0.45545557141304016,0.6012265682220459,0,0.12389157712459564,0,0,0,0,0,0,0.8901051878929138,0.9370933771133423,0,0.14953012764453888,0.4920685589313507,0.6325727701187134,0,0
Pain,0,0,0,0,0,0,0,0,0,0.4242497384548187,0.29128679633140564,0.38039690256118774,0.3385576903820038,0,0.21966686844825745,0.16042634844779968,0,0,0,0.33715352416038513,0.6375746726989746,0,0,0,0,0.2857169210910797,0,0,0,0,0,0,0,0,0.5049949884414673,0.651918888092041,0,0.15729591250419617,0,0,0,0,0,0,0.8967787623405457,0.9460682272911072,0,0.14260536432266235,0.4774649441242218,0.6585462093353271,0,0
Pain,0,0,0,0.15432430803775787,0.3857179582118988,0,0,0,0,0.475747287273407,0.2794766426086426,0.2225448340177536,0.1923505961894989,0.11969564110040665,0.131143718957901,0,0,0,0,0.41515016555786133,0.5826386213302612,0,0,0,0,0.5073764324188232,0,0,0,0,0,0,0,0,0.1921309232711792,0.2929099202156067,0,0.19062182307243347,0,0,0,0,0,0,0.9521713852882385,0.9742943048477173,0.14066627621650696,0.12995639443397522,0.22615893185138702,0.40375247597694397,0,0
Pain,0,0,0,0.46885946393013,0.4995832145214081,0.2516213357448578,0,0,0,0.3957762122154236,0.1585516333580017,0.3167853057384491,0.28224775195121765,0,0.27599260210990906,0.18321563303470612,0,0,0,0.39317643642425537,0.47395238280296326,0,0,0,0,0.3868171274662018,0,0,0,0,0,0,0,0,0.31263333559036255,0.44565707445144653,0,0.1446407437324524,0,0,0,0,0,0,0.9273805022239685,0.949709415435791,0.1354353278875351,0.17843294143676758,0.3352108299732208,0.4482278823852539,0,0
Pain,0,0,0,0,0.1222476214170456,0,0,0,0,0.4076196253299713,0.2400333434343338,0.2720496654510498,0.23418277502059937,0,0.1636974811553955,0.11547765135765076,0,0,0,0.3737792372703552,0.597934365272522,0,0,0,0,0.3258960545063019,0,0,0,0,0,0,0,0,0.3516685962677002,0.4992748498916626,0,0.11926446855068207,0,0,0,0,0,0,0.8995532989501953,0.938176155090332,0,0.17164188623428345,0.449383407831192,0.588532030582428,0,0
Pain,0,0,0,0,0.11760298162698746,0,0,0,0,0.43015825748443604,0.26854950189590454,0.32096490263938904,0.27794596552848816,0,0.2049190104007721,0.14795072376728058,0,0,0,0.35832762718200684,0.586330771446228,0,0,0,0,0.3477391302585602,0,0,0,0,0,0,0,0,0.3405182957649231,0.4926515519618988,0,0.1426817774772644,0,0,0,0,0,0,0.8805246949195862,0.9406830072402954,0,0.13842521607875824,0.33896639943122864,0.45614713430404663,0,0
Pain,0,0,0,0,0,0,0,0,0,0.37718942761421204,0.18766500055789948,0.2456294596195221,0.19463054835796356,0,0.244581401348114,0.18251363933086395,0,0,0,0.36098116636276245,0.613864541053772,0,0,0,0,0.27555039525032043,0,0,0,0,0,0,0,0,0.4400947093963623,0.6414592266082764,0,0,0,0,0,0,0,0,0.8861820697784424,0.9133135676383972,0,0.22638648748397827,0.5198427438735962,0.5566661357879639,0,0
Pain,0,0,0,0,0,0,0,0,0,0.39422428607940674,0.17494350671768188,0.2719792425632477,0.1934376060962677,0,0.2849891483783722,0.18440699577331543,0,0,0,0.3079690933227539,0.5663705468177795,0,0,0,0,0.33603012561798096,0,0,0,0,0,0,0,0,0.3261092007160187,0.48531678318977356,0,0.18883313238620758,0,0,0,0,0,0,0.9282381534576416,0.9541961550712585,0,0,0.36649343371391296,0.474314421415329,0,0
Pain,0,0,0,0.14863549172878265,0.207656130194664,0,0,0,0,0.47767174243927,0.22208335995674133,0.3048485815525055,0.2353259176015854,0,0.2991780936717987,0.17177116870880127,0,0,0,0.3640052080154419,0.5557628870010376,0,0,0,0,0.34640464186668396,0,0,0,0,0,0,0,0,0.31015992164611816,0.48162898421287537,0,0.1531503051519394,0,0,0,0,0,0,0.926454484462738,0.9597169756889343,0,0.11999715864658356,0.37466850876808167,0.5298129320144653,0,0
Pain,0,0,0,0,0.11510968208312988,0,0,0,0,0.4384576976299286,0.2899947166442871,0.30568912625312805,0.2705468535423279,0,0.25121158361434937,0.17279110848903656,0,0,0,0.33598971366882324,0.5934168696403503,0,0,0,0,0.3118913173675537,0,0,0,0,0,0,0,0,0.3531913459300995,0.509934663772583,0,0.12005674839019775,0,0,0,0,0,0,0.8798713684082031,0.9372166395187378,0,0,0.34262964129447937,0.4935256838798523,0,0
Pain,0,0.13818907737731934,0,0,0,0,0,0,0,0.36439254879951477,0.21703454852104187,0.2864573299884796,0.25293925404548645,0,0.21125270426273346,0.16999515891075134,0,0,0,0.37620699405670166,0.5848731994628906,0,0,0,0,0.24434024095535278,0,0,0,0,0,0,0,0,0.5319053530693054,0.6837930679321289,0,0.1034904196858406,0,0,0,0,0,0,0.8679514527320862,0.9138883352279663,0,0.18760722875595093,0.48690149188041687,0.5672494173049927,0,0
Pain,0,0,0,0,0.10323868691921234,0,0,0,0,0.373508095741272,0.1516178548336029,0.2477501630783081,0.20288167893886566,0,0.21686433255672455,0.16514290869235992,0,0,0,0.3630039393901825,0.6021724939346313,0,0,0,0,0.2007683515548706,0,0,0,0,0,0,0,0,0.6421409845352173,0.7831966280937195,0,0.11949925124645233,0,0,0,0,0,0,0.9014191627502441,0.9264001846313477,0,0.1892087310552597,0.6178904175758362,0.661761462688446,0,0
Pain,0,0,0,0,0,0,0,0,0,0.37915554642677307,0.20658275485038757,0.29382529854774475,0.2511070966720581,0,0.24908185005187988,0.1863080859184265,0,0,0,0.39077237248420715,0.5638003945350647,0,0,0,0,0.21145644783973694,0,0,0,0,0,0,0,0,0.6394037008285522,0.7790484428405762,0,0.1237201988697052,0,0,0,0,0,0,0.9026734232902527,0.9279213547706604,0,0.2000621259212494,0.6433879137039185,0.6843841075897217,0,0
Pain,0,0,0,0.14342360198497772,0.121797576546669,0,0,0,0,0.33726364374160767,0.13255029916763306,0.20068593323230743,0.17384228110313416,0,0.1509336233139038,0.10721346735954285,0,0,0,0.4768654704093933,0.5643956661224365,0,0,0,0,0.25405561923980713,0,0,0,0,0,0,0,0,0.5919390916824341,0.7082954049110413,0,0,0,0,0,0,0,0,0.8833763599395752,0.9027451276779175,0.12197961658239365,0.24469174444675446,0.46075499057769775,0.5796351432800293,0,0
Pain,0,0,0,0.13260434567928314,0.16228090226650238,0,0,0,0,0.38212305307388306,0.15337587893009186,0.23020580410957336,0.1820380836725235,0.10707961767911911,0.10033397376537323,0,0,0,0.10322843492031097,0.39204493165016174,0.5888800621032715,0,0,0,0,0.3025933802127838,0,0,0,0,0,0,0,0,0.4587152302265167,0.5480769872665405,0,0.17734107375144958,0,0,0,0,0,0,0.9292745590209961,0.961271345615387,0.1439158022403717,0.2044709026813507,0.4260263741016388,0.6172606945037842,0,0
Pain,0,0,0,0.22458118200302124,0.34236350655555725,0.12369585037231445,0,0,0,0.3717764616012573,0.13610590994358063,0.24251951277256012,0.1997562050819397,0,0.1409807652235031,0,0,0,0,0.36788731813430786,0.5712912678718567,0,0,0,0,0.4017432928085327,0,0,0,0,0,0,0,0,0.3205401599407196,0.45057395100593567,0,0.15115317702293396,0,0,0,0,0,0,0.9255551099777222,0.9561361074447632,0,0.1913120448589325,0.25423428416252136,0.3882586359977722,0,0
Pain,0,0,0,0.13930851221084595,0.1825014054775238,0,0,0,0,0.4488307237625122,0.21362024545669556,0.26072821021080017,0.22220970690250397,0.10892768949270248,0.11866925656795502,0,0,0,0,0.4141975939273834,0.6044977903366089,0,0,0,0,0.3249412178993225,0,0,0,0,0,0,0,0,0.3840118944644928,0.5307084321975708,0,0.12134266644716263,0,0,0,0,0,0,0.8902053236961365,0.9388736486434937,0,0.21642321348190308,0.28986459970474243,0.4349246025085449,0,0
Pain,0,0,0,0.10314637422561646,0.13318581879138947,0,0,0,0,0.36670413613319397,0.16958802938461304,0.23913712799549103,0.19970281422138214,0,0.14973491430282593,0.10329658538103104,0,0,0,0.36728477478027344,0.571750283241272,0,0,0,0,0.25140658020973206,0,0,0,0,0,0,0,0,0.5508906841278076,0.6992557048797607,0,0.1032317578792572,0,0,0,0,0,0,0.8783997893333435,0.9243267774581909,0,0.22189700603485107,0.4254717230796814,0.564562976360321,0,0
Pain,0,0,0,0,0.1221059188246727,0,0,0,0,0.43278974294662476,0.2532072365283966,0.27824681997299194,0.24534116685390472,0,0.2445090413093567,0.18381613492965698,0,0,0,0.4704175889492035,0.5842940807342529,0,0,0,0,0.20185421407222748,0,0,0,0,0,0,0,0,0.6344234943389893,0.7926750183105469,0,0.11352165788412094,0,0,0,0,0,0,0.9031996130943298,0.929669976234436,0,0.23083844780921936,0.5851246118545532,0.6999655961990356,0,0
Pain,0,0,0,0,0.15382561087608337,0,0,0,0,0.4070298969745636,0.2287183552980423,0.25989609956741333,0.23241707682609558,0,0.2916252613067627,0.2249647080898285,0,0,0,0.49848586320877075,0.5620070695877075,0,0,0,0,0.2379094958305359,0,0,0,0,0,0,0,0,0.6025794744491577,0.766135573387146,0,0.10323674976825714,0,0,0,0,0,0,0.8988657593727112,0.927720308303833,0.1083005741238594,0.25521865487098694,0.5022157430648804,0.642238974571228,0,0
Pain,0,0,0,0,0,0,0,0,0,0.40775060653686523,0.16171671450138092,0.24444173276424408,0.19561709463596344,0,0.1719307154417038,0.12786056101322174,0,0,0,0.39559999108314514,0.6193917989730835,0,0,0,0,0.2740485668182373,0,0,0,0,0,0,0,0,0.47461041808128357,0.6131194829940796,0,0.11391425132751465,0,0,0,0,0,0,0.8886975049972534,0.9185547828674316,0,0.18524055182933807,0.4955454170703888,0.5583313703536987,0,0
Pain,0,0.11276834458112717,0.12305537611246109,0,0,0,0,0,0,0.4231122136116028,0.23430533707141876,0.37671762704849243,0.3238390386104584,0,0.21980181336402893,0.17127838730812073,0,0,0,0.3019521236419678,0.6419357657432556,0,0,0,0,0.27007797360420227,0,0,0,0,0,0,0,0,0.4561586380004883,0.6052776575088501,0,0.15138112008571625,0,0,0,0,0,0,0.8812536001205444,0.9368202090263367,0,0.1344815343618393,0.4738871455192566,0.667711615562439,0,0
Pain,0,0,0,0,0,0,0,0,0,0.3395833671092987,0.14743560552597046,0.2990936040878296,0.24900062382221222,0,0.16300998628139496,0.12106361985206604,0,0,0,0.3476990759372711,0.602845311164856,0,0,0,0,0.2750880718231201,0,0,0,0,0,0,0,0,0.47424426674842834,0.6037541627883911,0,0.13832859694957733,0,0,0,0,0,0,0.8738983869552612,0.928796648979187,0,0.1311601996421814,0.4427547752857208,0.6109169721603394,0,0
Pain,0,0,0,0.13252253830432892,0.14843682944774628,0,0,0,0,0.36163949966430664,0.16268345713615417,0.27187424898147583,0.23596246540546417,0,0,0,0,0,0,0.38940611481666565,0.5794462561607361,0,0,0,0,0.28761568665504456,0,0,0,0,0,0,0,0,0.4547558128833771,0.578427791595459,0,0.1425875872373581,0,0,0,0,0,0,0.881610095500946,0.9293104410171509,0,0.14890657365322113,0.4477568566799164,0.6278072595596313,0,0
Pain,0,0,0,0.17273397743701935,0.2887401282787323,0,0,0,0,0.3407641053199768,0.13681894540786743,0.23627613484859467,0.20952878892421722,0,0.19494061172008514,0.14128181338310242,0,0,0,0.4383353292942047,0.525727391242981,0,0,0,0,0.29385045170783997,0,0,0,0,0,0,0,0,0.47782546281814575,0.6354931592941284,0,0,0,0,0,0,0,0,0.897954523563385,0.9262118339538574,0.180350199341774,0.2685911953449249,0.4995294213294983,0.6585448980331421,0,0
Pain,0,0,0,0,0.11510588228702545,0,0,0,0,0.37531477212905884,0.17917566001415253,0.2634427845478058,0.2235616147518158,0,0.1766829937696457,0.1283130943775177,0,0,0,0.4210219979286194,0.5918667316436768,0,0,0,0,0.266478031873703,0,0,0,0,0,0,0,0,0.5589627027511597,0.6902453303337097,0,0.13207291066646576,0,0,0,0,0,0,0.8949787616729736,0.9340354800224304,0,0.17531080543994904,0.48639926314353943,0.6266366243362427,0,0
Pain,0,0,0,0,0,0,0,0,0,0.345258891582489,0.18680740892887115,0.23862025141716003,0.1979919970035553,0,0.2522681951522827,0.21616005897521973,0,0,0,0.3787389397621155,0.5901474952697754,0,0,0,0,0.3333609402179718,0,0,0,0,0,0,0,0,0.30407294631004333,0.4196343421936035,0,0.11692449450492859,0,0,0,0,0,0,0.8891112208366394,0.9331551194190979,0,0.10512522608041763,0.40926066040992737,0.558297872543335,0,0
Pain,0,0,0,0.13062401115894318,0.1461741328239441,0,0,0,0,0.3695938289165497,0.17441239953041077,0.24458394944667816,0.20772235095500946,0,0.12684589624404907,0,0,0,0,0.3970574140548706,0.5618698596954346,0,0,0,0,0.32028016448020935,0,0,0,0,0,0,0,0,0.39648565649986267,0.5299644470214844,0,0.1250407099723816,0,0,0,0,0,0,0.9068558812141418,0.939762532711029,0,0.15031029284000397,0.42363524436950684,0.5541546940803528,0,0
Pain,0,0,0,0,0.12399085611104965,0,0,0,0,0.37059861421585083,0.20800143480300903,0.33106333017349243,0.2841174602508545,0,0.22449524700641632,0.1651003509759903,0,0,0,0.3433133363723755,0.5847042798995972,0,0,0,0,0.2844479978084564,0,0,0,0,0,0,0,0,0.4296269714832306,0.5779247283935547,0,0.15612110495567322,0,0,0,0,0,0,0.890763521194458,0.9447096586227417,0,0.11198597401380539,0.46108007431030273,0.6498047709465027,0,0
Pain,0,0,0,0.10294218361377716,0.213073268532753,0,0,0,0,0.43483519554138184,0.23851925134658813,0.30467334389686584,0.2615602910518646,0,0.2731732130050659,0.17334260046482086,0,0,0,0.3616929352283478,0.5411708354949951,0,0,0,0,0.3223525583744049,0,0,0,0,0,0,0,0,0.34998640418052673,0.49570220708847046,0,0.1358172446489334,0,0,0,0,0,0,0.8991563320159912,0.9513166546821594,0,0.11529197543859482,0.35994860529899597,0.5642584562301636,0,0
Pain,0,0,0,0,0.10973367094993591,0,0,0,0,0.41809317469596863,0.1944276988506317,0.28982606530189514,0.2461811751127243,0,0.19851045310497284,0.14266741275787354,0,0,0,0.397670716047287,0.5712546110153198,0,0,0,0,0.2821733057498932,0,0,0,0,0,0,0,0,0.4609188437461853,0.5945967435836792,0,0.13373586535453796,0,0,0,0,0,0,0.8947442770004272,0.9354250431060791,0,0.13809652626514435,0.5036801099777222,0.6643953323364258,0,0
Pain,0,0,0,0,0,0,0,0,0,0.4028964340686798,0.22351333498954773,0.29993003606796265,0.26082518696784973,0,0.1960185170173645,0.14115698635578156,0,0,0,0.3881860375404358,0.5941493511199951,0,0,0,0,0.2927711606025696,0,0,0,0,0,0,0,0,0.434842973947525,0.5694320201873779,0,0.15226101875305176,0,0,0,0,0,0,0.8944793939590454,0.9421393275260925,0,0.14455047249794006,0.48774173855781555,0.6516863107681274,0,0
Pain,0,0,0,0,0,0,0,0,0,0.3959473669528961,0.20011697709560394,0.30309873819351196,0.2643456757068634,0,0.24896004796028137,0.18249060213565826,0,0,0,0.3849512040615082,0.5762592554092407,0,0,0,0,0.2708500027656555,0,0,0,0,0,0,0,0,0.4973700940608978,0.6349189281463623,0,0.13646644353866577,0,0,0,0,0,0,0.879727303981781,0.9323194622993469,0,0.13826578855514526,0.4810653626918793,0.6479862928390503,0,0
Pain,0,0,0,0,0.11632347851991653,0,0,0,0,0.36370277404785156,0.16318950057029724,0.2559995949268341,0.21720252931118011,0,0.16757845878601074,0.1173722892999649,0,0,0,0.40435123443603516,0.5709339380264282,0,0,0,0,0.2806626260280609,0,0,0,0,0,0,0,0,0.48962652683258057,0.6367191076278687,0,0.10971266776323318,0,0,0,0,0,0,0.8817917108535767,0.9192453026771545,0,0.18791507184505463,0.4694865345954895,0.5814430713653564,0,0
Pain,0,0,0,0.13127219676971436,0.12048482894897461,0,0,0,0,0.3574172258377075,0.13914161920547485,0.21451358497142792,0.17572566866874695,0,0.165605828166008,0.11844637989997864,0,0,0,0.422272264957428,0.5932568311691284,0,0,0,0,0.3123016357421875,0,0,0,0,0,0,0,0,0.42793479561805725,0.5656114816665649,0,0.12312079966068268,0,0,0,0,0,0,0.8954383134841919,0.9295240044593811,0,0.19145935773849487,0.43998420238494873,0.5649715662002563,0,0
Pain,0,0,0,0,0,0,0,0,0,0.40915465354919434,0.18795765936374664,0.29980188608169556,0.2489926666021347,0,0.15417228639125824,0.10899776220321655,0,0,0,0.412700891494751,0.5899331569671631,0,0,0,0,0.26240986585617065,0,0,0,0,0,0,0,0,0.5530780553817749,0.6901628375053406,0,0.13309624791145325,0,0,0,0,0,0,0.8977102041244507,0.9374544620513916,0,0.1615094542503357,0.5549954175949097,0.6843775510787964,0,0
Pain,0,0,0,0.13655246794223785,0.14985854923725128,0,0,0,0,0.3770887553691864,0.1631004959344864,0.3182794153690338,0.26137301325798035,0,0.14872388541698456,0.10083745419979095,0,0,0,0.3719320595264435,0.581069827079773,0,0,0,0,0.280414342880249,0,0,0,0,0,0,0,0,0.5067065358161926,0.6388558149337769,0,0.1460791677236557,0,0,0,0,0,0,0.8973343968391418,0.9387423992156982,0,0.1590484082698822,0.5000673532485962,0.6426549553871155,0,0
Pain,0,0,0,0,0.12556368112564087,0,0,0,0,0.4199047386646271,0.21963484585285187,0.3389551639556885,0.2713720500469208,0,0.16608846187591553,0.11192984879016876,0,0,0,0.36573630571365356,0.6101745963096619,0,0,0,0,0.2725357413291931,0,0,0,0,0,0,0,0,0.5052380561828613,0.6403096914291382,0,0.14342740178108215,0,0,0,0,0,0,0.8965798020362854,0.9489949941635132,0,0.12384334951639175,0.4972683787345886,0.6879397630691528,0,0
Pain,0,0,0,0.10473982244729996,0.132058784365654,0,0,0,0,0.4019260108470917,0.17530620098114014,0.2805495262145996,0.22764551639556885,0,0.13030269742012024,0,0,0,0,0.39692577719688416,0.5989388823509216,0,0,0,0,0.2816506028175354,0,0,0,0,0,0,0,0,0.5061706304550171,0.6350795030593872,0,0.13973943889141083,0,0,0,0,0,0,0.9059242606163025,0.9431537389755249,0,0.11685072630643845,0.48979440331459045,0.6571155190467834,0,0
Pain,0,0,0,0.10296601057052612,0.16475015878677368,0,0,0,0,0.43908730149269104,0.23053078353405,0.28445249795913696,0.23324616253376007,0,0.2014629989862442,0.13458353281021118,0,0,0,0.37823963165283203,0.5809846520423889,0,0,0,0,0.3072890341281891,0,0,0,0,0,0,0,0,0.4444805085659027,0.5959635376930237,0,0.15082675218582153,0,0,0,0,0,0,0.9155665636062622,0.9521628022193909,0,0.14212030172348022,0.4529651701450348,0.6378867030143738,0,0
Pain,0,0,0,0.15022148191928864,0.22229208052158356,0,0,0,0,0.44410061836242676,0.2117791622877121,0.3309662640094757,0.2691585123538971,0,0.15331298112869263,0,0,0,0,0.38019290566444397,0.5729944109916687,0,0,0,0,0.2908557951450348,0,0,0,0,0,0,0,0,0.44113466143608093,0.603377103805542,0,0.12872017920017242,0,0,0,0,0,0,0.9057367444038391,0.942829966545105,0,0.15796655416488647,0.4667191803455353,0.5940290093421936,0,0
Pain,0,0,0,0.1149764209985733,0.10881628841161728,0,0,0,0,0.4004659354686737,0.19754180312156677,0.30978503823280334,0.2645775079727173,0,0.17979936301708221,0.1184321790933609,0,0,0,0.38706594705581665,0.5548962354660034,0,0,0,0,0.27559152245521545,0,0,0,0,0,0,0,0,0.4783274233341217,0.6120327115058899,0,0.1403379887342453,0,0,0,0,0,0,0.8938673734664917,0.9422360062599182,0,0.13239218294620514,0.5259842276573181,0.6941516399383545,0,0
Pain,0,0,0,0,0,0,0,0,0,0.3917449414730072,0.22142115235328674,0.35256755352020264,0.3176840841770172,0,0.172515869140625,0.11944855749607086,0,0,0,0.4069478511810303,0.5808941125869751,0,0,0,0,0.2667011320590973,0,0,0,0,0,0,0,0,0.519362211227417,0.6517127752304077,0,0.14444568753242493,0,0,0,0,0,0,0.888519823551178,0.9394318461418152,0,0.1664000004529953,0.5121655464172363,0.6906194090843201,0,0
Pain,0,0,0,0.14765891432762146,0.1631036400794983,0,0,0,0,0.378511518239975,0.15256014466285706,0.2626548707485199,0.2252344936132431,0,0.17586833238601685,0.11805211752653122,0,0,0,0.4168928265571594,0.5427542924880981,0,0,0,0,0.2946015000343323,0,0,0,0,0,0,0,0,0.4696083664894104,0.6062781810760498,0,0.1300254762172699,0,0,0,0,0,0,0.8974010348320007,0.9353199005126953,0.10531549155712128,0.23286662995815277,0.49839821457862854,0.6214534044265747,0,0
Pain,0,0,0,0.18489336967468262,0.1595066338777542,0,0,0,0,0.33417758345603943,0.1589876115322113,0.20374932885169983,0.17474116384983063,0,0.22072353959083557,0.1569398045539856,0,0,0,0.4248718321323395,0.5596315860748291,0,0,0,0,0.29720985889434814,0,0,0,0,0,0,0,0,0.4925398528575897,0.6383349895477295,0,0.12296771258115768,0,0,0,0,0,0,0.8830605149269104,0.9271460771560669,0,0.21716101467609406,0.4719841778278351,0.6182312965393066,0,0
Pain,0,0,0,0.17041082680225372,0.17174096405506134,0,0,0,0,0.37394535541534424,0.1819687783718109,0.2609310746192932,0.22635796666145325,0,0.12413199990987778,0,0,0,0,0.42744696140289307,0.5767254829406738,0,0,0,0,0.30699676275253296,0,0,0,0,0,0,0,0,0.5281382203102112,0.6552424430847168,0,0.13054627180099487,0,0,0,0,0,0,0.8976803421974182,0.9331310987472534,0.10899122804403305,0.24235036969184875,0.45205649733543396,0.6020854711532593,0,0
Pain,0,0,0,0.10443636775016785,0.18812455236911774,0,0,0,0,0.4133816361427307,0.218091681599617,0.32022878527641296,0.27168700098991394,0,0.15924499928951263,0.10835542529821396,0,0,0,0.393367737531662,0.5641175508499146,0,0,0,0,0.288944274187088,0,0,0,0,0,0,0,0,0.4886845052242279,0.6293089985847473,0,0.15349172055721283,0,0,0,0,0,0,0.9030584096908569,0.9505084156990051,0,0.1425846815109253,0.47508540749549866,0.6605926156044006,0,0
Pain,0,0,0,0.12020554393529892,0.17239326238632202,0,0,0,0,0.4149703085422516,0.21780604124069214,0.29485398530960083,0.25775688886642456,0,0.12404006719589233,0,0,0,0,0.4057602882385254,0.5843453407287598,0,0,0,0,0.29260843992233276,0,0,0,0,0,0,0,0,0.4750027060508728,0.6123746633529663,0,0.1429595947265625,0,0,0,0,0,0,0.9007017612457275,0.9451696276664734,0,0.1829996407032013,0.4579591155052185,0.6265937089920044,0,0
Pain,0,0,0,0,0.18479900062084198,0,0,0,0,0.44107288122177124,0.23108132183551788,0.29193753004074097,0.25142574310302734,0,0.1927424669265747,0.10262034833431244,0,0,0,0.36380743980407715,0.5601820945739746,0,0,0,0,0.3023741543292999,0,0,0,0,0,0,0,0,0.4652431905269623,0.60159832239151,0,0.20008933544158936,0,0,0,0,0,0,0.9245840311050415,0.9613303542137146,0,0.12721465528011322,0.372071772813797,0.5782721638679504,0,0
Pain,0,0,0,0.11864972859621048,0.18869419395923615,0,0,0,0,0.4814758002758026,0.18078011274337769,0.2971353232860565,0.22397109866142273,0.1004200205206871,0.1360337883234024,0,0,0,0,0.3416014313697815,0.5907282829284668,0,0,0,0,0.34475865960121155,0,0,0,0,0,0,0,0,0.37066757678985596,0.5087839961051941,0,0.18775558471679688,0,0,0,0,0,0,0.9280162453651428,0.9613482356071472,0,0.1592216044664383,0.39070260524749756,0.5671122074127197,0,0
Pain,0,0,0,0.1472163051366806,0.1559513956308365,0,0,0,0,0.4047117531299591,0.18355733156204224,0.27259328961372375,0.23516827821731567,0,0.14242954552173615,0,0,0,0,0.40456289052963257,0.5781955718994141,0,0,0,0,0.29710716009140015,0,0,0,0,0,0,0,0,0.4557606875896454,0.5873945355415344,0,0.15533094108104706,0,0,0,0,0,0,0.9000898599624634,0.9422818422317505,0,0.1684032380580902,0.499380886554718,0.6706044673919678,0,0
Pain,0,0,0,0.10995437204837799,0.1698525846004486,0,0,0,0,0.41590672731399536,0.22460415959358215,0.3805272877216339,0.32432228326797485,0,0.1311061978340149,0,0,0,0,0.3835761845111847,0.578650951385498,0,0,0,0,0.2909657657146454,0,0,0,0,0,0,0,0,0.4561214745044708,0.5834400653839111,0,0.16167384386062622,0,0,0,0,0,0,0.8780602812767029,0.9386411905288696,0,0.1280575841665268,0.4609859585762024,0.6644783616065979,0,0
Pain,0,0,0,0.12685874104499817,0.18843640387058258,0,0,0,0,0.40988725423812866,0.19973455369472504,0.31612664461135864,0.2709003984928131,0.12417609244585037,0,0,0,0,0,0.42312929034233093,0.5570206642150879,0,0,0,0,0.325054407119751,0,0,0,0,0,0,0,0,0.4202663004398346,0.5472752451896667,0,0.15747368335723877,0,0,0,0,0,0,0.9143868088722229,0.9549229741096497,0,0.1556949019432068,0.4132276773452759,0.613754391670227,0,0
Pain,0,0,0,0,0,0,0,0,0,0.4066215753555298,0.24103139340877533,0.3933837413787842,0.350568950176239,0,0.14997857809066772,0.1010705754160881,0,0,0,0.3381847143173218,0.5795748233795166,0,0,0,0,0.25592008233070374,0,0,0,0,0,0,0,0,0.5162910223007202,0.6503121852874756,0,0.1666986048221588,0,0,0,0,0,0,0.8819429278373718,0.944835901260376,0,0,0.5281897783279419,0.7394676208496094,0,0
Pain,0,0,0,0.19933640956878662,0.1627311408519745,0.10992524027824402,0,0,0,0.3668464124202728,0.16570989787578583,0.2502140402793884,0.2149101048707962,0,0.11134088784456253,0,0,0,0,0.4010254442691803,0.555841326713562,0,0,0,0,0.26769259572029114,0,0,0,0,0,0,0,0,0.5875874757766724,0.7173061370849609,0,0.1159863993525505,0,0,0,0,0,0,0.8814433813095093,0.9256758093833923,0,0.1903473287820816,0.46000319719314575,0.6319091320037842,0,0
Pain,0,0,0,0.1489265263080597,0.18212153017520905,0,0,0,0,0.41683289408683777,0.14430467784404755,0.3098723888397217,0.24272800981998444,0,0.1437651813030243,0,0,0,0,0.3645491302013397,0.577618420124054,0,0,0,0,0.2831514775753021,0,0,0,0,0,0,0,0,0.591572642326355,0.7255920171737671,0,0.11502216756343842,0,0,0,0,0,0,0.8894023895263672,0.9302961230278015,0.10857126861810684,0.25198426842689514,0.4906231760978699,0.6368164420127869,0,0
Pain,0,0,0,0,0.12715214490890503,0,0,0,0,0.4112222492694855,0.21036110818386078,0.33571338653564453,0.277732789516449,0,0.14271391928195953,0,0,0,0,0.3436783254146576,0.6095155477523804,0,0,0,0,0.2872723340988159,0,0,0,0,0,0,0,0,0.5034170746803284,0.6581578254699707,0,0.14327852427959442,0,0,0,0,0,0,0.8989515900611877,0.9449282884597778,0.10278473794460297,0.16777300834655762,0.545732855796814,0.7394306659698486,0,0
Pain,0,0,0,0,0.10314696282148361,0,0,0,0,0.40329426527023315,0.16848982870578766,0.3250522315502167,0.2656250596046448,0,0.198625847697258,0.13505694270133972,0,0,0,0.3368706703186035,0.5935690402984619,0,0,0,0,0.3076026737689972,0,0,0,0,0,0,0,0,0.397443562746048,0.5442311763763428,0,0.17689213156700134,0,0,0,0,0,0,0.9172451496124268,0.9556328654289246,0,0.10692524909973145,0.5009502172470093,0.6784024238586426,0,0
Pain,0,0,0,0.1067676916718483,0.1109805628657341,0,0,0,0,0.35636091232299805,0.13161547482013702,0.258279412984848,0.2006351798772812,0,0.20069217681884766,0.1398039609193802,0,0,0,0.33875373005867004,0.6031597256660461,0,0,0,0,0.31088709831237793,0,0,0,0,0,0,0,0,0.4620557725429535,0.6006718873977661,0,0.1564992368221283,0,0,0,0,0,0,0.912598729133606,0.9486196637153625,0,0.13381581008434296,0.45146140456199646,0.6058183908462524,0,0
Pain,0,0,0,0.11952009797096252,0.1838752031326294,0,0,0,0,0.48088058829307556,0.2029162496328354,0.34356918931007385,0.23132982850074768,0,0.2184658795595169,0.10722243785858154,0,0,0,0.32202470302581787,0.5656929016113281,0,0,0,0,0.3301071226596832,0,0,0,0,0,0,0,0,0.46171143651008606,0.6228236556053162,0,0.1476626992225647,0,0,0,0,0,0,0.9231881499290466,0.9580862522125244,0,0.14872518181800842,0.39556536078453064,0.572413444519043,0,0
Pain,0,0,0,0.1145503968000412,0.1922733038663864,0,0,0,0,0.43359991908073425,0.20343025028705597,0.33497485518455505,0.2913762331008911,0.10668937116861343,0.13756470382213593,0,0,0,0,0.3927353024482727,0.5204706788063049,0,0,0,0,0.31618157029151917,0,0,0,0,0,0,0,0,0.4921494126319885,0.6628430485725403,0,0.1609259694814682,0,0,0,0,0,0,0.9229701161384583,0.9523797631263733,0,0.21186405420303345,0.39927417039871216,0.5399608612060547,0,0
Pain,0,0,0,0.18455982208251953,0.22617919743061066,0,0,0,0,0.42674872279167175,0.19865068793296814,0.3086734414100647,0.26062291860580444,0.1034976914525032,0.12194310128688812,0,0,0,0,0.4030051827430725,0.5856842994689941,0,0,0,0,0.30198684334754944,0,0,0,0,0,0,0,0,0.5075061321258545,0.6459869742393494,0,0.11401736736297607,0,0,0,0,0,0,0.8896319270133972,0.9310494661331177,0,0.21049603819847107,0.45332589745521545,0.5874699354171753,0,0
Pain,0,0,0,0,0.12562641501426697,0,0,0,0,0.3906475007534027,0.1850963979959488,0.32701945304870605,0.27744656801223755,0,0.15971505641937256,0.10414978116750717,0,0,0,0.3504258394241333,0.5711686611175537,0,0,0,0,0.28759998083114624,0,0,0,0,0,0,0,0,0.514002799987793,0.6368201971054077,0,0.14273855090141296,0,0,0,0,0,0,0.8977774977684021,0.9407245516777039,0,0.14176177978515625,0.5161192417144775,0.6782860159873962,0,0
Pain,0,0,0,0,0,0,0,0,0,0.31840434670448303,0.12710314989089966,0.2414351999759674,0.18622910976409912,0,0.19546471536159515,0.13255804777145386,0,0,0,0.3201937675476074,0.6414591670036316,0,0,0,0,0.30757129192352295,0,0,0,0,0,0,0,0,0.48986193537712097,0.6101609468460083,0,0.16844619810581207,0,0,0,0,0,0,0.9121160507202148,0.9515810608863831,0,0.14764589071273804,0.4495931565761566,0.6371629238128662,0,0
Pain,0,0,0,0,0.10550402104854584,0,0,0,0,0.39388561248779297,0.18152804672718048,0.26610690355300903,0.20844650268554688,0,0.15957389771938324,0.10440196841955185,0,0,0,0.329288125038147,0.6131749153137207,0,0,0,0,0.3124983012676239,0,0,0,0,0,0,0,0,0.452232301235199,0.587763786315918,0,0.16803835332393646,0,0,0,0,0,0,0.9211330413818359,0.9540282487869263,0,0.12991930544376373,0.44862815737724304,0.6258069276809692,0,0
Pain,0,0,0,0,0.18974655866622925,0,0,0,0,0.45398902893066406,0.229217529296875,0.39080551266670227,0.3198324143886566,0.11653205752372742,0,0,0,0,0,0.3399684727191925,0.6044676303863525,0,0,0,0,0.3214978873729706,0,0,0,0,0,0,0,0,0.46246853470802307,0.6321010589599609,0,0.17748039960861206,0,0,0,0,0,0,0.9239252805709839,0.9570165872573853,0,0.1431715488433838,0.4154771864414215,0.5812304615974426,0,0
Pain,0,0,0,0.10948307067155838,0.21005293726921082,0,0,0,0,0.4633757174015045,0.19628781080245972,0.30299127101898193,0.24261949956417084,0,0.17320449650287628,0.11117163300514221,0,0,0,0.36093151569366455,0.5573320984840393,0,0,0,0,0.33105388283729553,0,0,0,0,0,0,0,0,0.42844563722610474,0.6102211475372314,0,0.20539388060569763,0,0,0,0,0,0,0.9318830966949463,0.9611374139785767,0.11604274064302444,0.21484217047691345,0.40241536498069763,0.5672450065612793,0,0
Pain,0,0,0,0.123076893389225,0.255672425031662,0,0,0,0,0.495260089635849,0.23558227717876434,0.3681955933570862,0.30199897289276123,0.111219123005867,0.10963369905948639,0,0,0,0,0.34787124395370483,0.5798052549362183,0,0,0,0,0.31780895590782166,0,0,0,0,0,0,0,0,0.4505831003189087,0.6142373085021973,0,0.17649775743484497,0,0,0,0,0,0,0.9197848439216614,0.9543206691741943,0.10359407216310501,0.18742886185646057,0.41615375876426697,0.5698157548904419,0,0
Pain,0,0,0,0.12791921198368073,0.2502995431423187,0,0,0,0,0.47179606556892395,0.22951513528823853,0.3495520055294037,0.29096078872680664,0.10594718158245087,0.12352018803358078,0,0,0,0,0.35844677686691284,0.5442342758178711,0,0,0,0,0.3034253716468811,0,0,0,0,0,0,0,0,0.5102763175964355,0.663729190826416,0,0.17341741919517517,0,0,0,0,0,0,0.9161838293075562,0.9536029100418091,0,0.17203232645988464,0.4394032657146454,0.5982261896133423,0,0
Pain,0,0,0,0.12116005271673203,0.18456383049488068,0,0,0,0,0.37363356351852417,0.14673171937465668,0.28933921456336975,0.2305707484483719,0,0.12089627981185913,0,0,0,0,0.3415759205818176,0.6024345755577087,0,0,0,0,0.2870202660560608,0,0,0,0,0,0,0,0,0.5520646572113037,0.6850775480270386,0,0.13563744723796844,0,0,0,0,0,0,0.886021077632904,0.9313808679580688,0.1241544857621193,0.23313584923744202,0.5231753587722778,0.6974443197250366,0,0
Pain,0,0,0,0,0.12702997028827667,0,0,0,0,0.4376501739025116,0.19255809485912323,0.3124881088733673,0.24937725067138672,0,0.15274585783481598,0,0,0,0,0.39065197110176086,0.6149996519088745,0,0,0,0,0.23215092718601227,0,0,0,0,0,0,0,0,0.5922694206237793,0.7341815233230591,0,0.1646396815776825,0,0,0,0,0,0,0.9034762978553772,0.9481276869773865,0,0.1620081514120102,0.6058393716812134,0.7771909236907959,0,0
Pain,0,0,0,0.12264306098222733,0.22554923593997955,0,0,0,0,0.472560316324234,0.23145703971385956,0.33102947473526,0.26543542742729187,0.13139048218727112,0,0,0,0,0,0.34083542227745056,0.6410354375839233,0,0,0,0,0.31712669134140015,0,0,0,0,0,0,0,0,0.4284069240093231,0.5910303592681885,0,0.14177249372005463,0,0,0,0,0,0,0.9142581224441528,0.954407811164856,0,0.15155506134033203,0.4821876287460327,0.6605573892593384,0,0
Pain,0,0,0,0.13357163965702057,0.21376870572566986,0,0,0,0,0.4518877863883972,0.21232569217681885,0.36062970757484436,0.28953230381011963,0.12940354645252228,0,0,0,0,0,0.3154391348361969,0.6315069198608398,0,0,0,0,0.29982689023017883,0,0,0,0,0,0,0,0,0.4741002917289734,0.6374527215957642,0,0.14331288635730743,0,0,0,0,0,0,0.9054610133171082,0.9462681412696838,0,0.15345369279384613,0.49208521842956543,0.6410398483276367,0,0
Pain,0,0,0,0.15599264204502106,0.22791050374507904,0,0,0,0,0.46245765686035156,0.19163407385349274,0.3487803041934967,0.2733801305294037,0.12181252241134644,0.10408030450344086,0,0,0,0,0.32339149713516235,0.6123899221420288,0,0,0,0,0.297480046749115,0,0,0,0,0,0,0,0,0.48492923378944397,0.638851523399353,0,0.15446718037128448,0,0,0,0,0,0,0.9118193984031677,0.9536211490631104,0,0.14210928976535797,0.45902717113494873,0.632964015007019,0,0
Pain,0,0,0,0.11874493956565857,0.21171636879444122,0,0,0,0,0.45535388588905334,0.19832435250282288,0.3295844793319702,0.2672055661678314,0.1176002100110054,0.11309558898210526,0,0,0,0,0.3266519606113434,0.5745913982391357,0,0,0,0,0.288909375667572,0,0,0,0,0,0,0,0,0.5029715299606323,0.6388145685195923,0,0.15144522488117218,0,0,0,0,0,0,0.9058756232261658,0.9544709324836731,0,0.11702251434326172,0.4475739300251007,0.6504072546958923,0,0
Pain,0,0,0,0,0.18265187740325928,0,0,0,0,0.44254693388938904,0.224522203207016,0.34223249554634094,0.2787272334098816,0.10665246844291687,0.1049305871129036,0,0,0,0,0.3261551260948181,0.5745773315429688,0,0,0,0,0.27768757939338684,0,0,0,0,0,0,0,0,0.4966464340686798,0.6317142248153687,0,0.14204426109790802,0,0,0,0,0,0,0.9003180265426636,0.9510512351989746,0,0.10060828924179077,0.5123671889305115,0.7035071849822998,0,0
Pain,0,0,0,0.11472368240356445,0.17229215800762177,0,0,0,0,0.3966246545314789,0.17210957407951355,0.24826692044734955,0.1921846717596054,0,0.12855952978134155,0,0,0,0,0.3516305088996887,0.6530787944793701,0,0,0,0,0.32205983996391296,0,0,0,0,0,0,0,0,0.4783570170402527,0.5865052938461304,0,0.15195530652999878,0,0,0,0,0,0,0.9192205667495728,0.9539351463317871,0,0.11826921999454498,0.4024205207824707,0.5841910243034363,0,0
Pain,0,0,0,0,0.1192210391163826,0,0,0,0,0.36930549144744873,0.15855596959590912,0.3098505735397339,0.24444888532161713,0,0.15854687988758087,0.10621377825737,0,0,0,0.31147727370262146,0.6556101441383362,0,0,0,0,0.30302008986473083,0,0,0,0,0,0,0,0,0.48753586411476135,0.5981951951980591,0,0.17312279343605042,0,0,0,0,0,0,0.9136625528335571,0.9531919956207275,0,0.11462157964706421,0.41592225432395935,0.6174441576004028,0,0
Pain,0,0,0,0.11777243763208389,0.13289518654346466,0,0,0,0,0.40839508175849915,0.14773938059806824,0.2559735178947449,0.1721167117357254,0,0.1813845932483673,0.10422449558973312,0,0,0.10262937098741531,0.31497544050216675,0.5873972177505493,0,0,0,0,0.38375043869018555,0,0,0,0,0,0,0,0,0.3016264736652374,0.4188885986804962,0,0.18850450217723846,0,0,0,0,0,0,0.9378858804702759,0.9593756198883057,0.12889067828655243,0.18430659174919128,0.3419361710548401,0.4872153401374817,0,0
Pain,0,0,0,0.1264672577381134,0.18751029670238495,0,0,0,0,0.4648221731185913,0.23380005359649658,0.3152978718280792,0.27007821202278137,0.11454062163829803,0.12946660816669464,0,0,0,0,0.35377371311187744,0.5946627259254456,0,0,0,0,0.33218368887901306,0,0,0,0,0,0,0,0,0.4380588233470917,0.5837267637252808,0,0.21044063568115234,0,0,0,0,0,0,0.9255638122558594,0.9621437191963196,0,0.12535835802555084,0.41833943128585815,0.6222940683364868,0,0
Pain,0,0,0,0.15588708221912384,0.20930591225624084,0,0,0,0,0.4378437101840973,0.16817329823970795,0.3132581114768982,0.2564987540245056,0,0.1828872561454773,0,0,0,0,0.329897403717041,0.5514042973518372,0,0,0,0,0.3160051703453064,0,0,0,0,0,0,0,0,0.4765981435775757,0.643169641494751,0,0.19479110836982727,0,0,0,0,0,0,0.9262530207633972,0.9579457640647888,0,0.16333137452602386,0.421146035194397,0.5786120295524597,0,0
Pain,0,0,0,0,0.15361487865447998,0,0,0,0,0.4326871633529663,0.20033392310142517,0.31847116351127625,0.2720763087272644,0.10246044397354126,0.14026978611946106,0,0,0,0,0.3527480959892273,0.5974360704421997,0,0,0,0,0.308881938457489,0,0,0,0,0,0,0,0,0.48475122451782227,0.6380334496498108,0,0.18332621455192566,0,0,0,0,0,0,0.918022871017456,0.9588178992271423,0,0.15309438109397888,0.3952169716358185,0.5832386016845703,0,0
Pain,0,0,0,0,0.16978083550930023,0,0,0,0,0.4373578131198883,0.19066107273101807,0.2882007360458374,0.23923242092132568,0.12871089577674866,0,0,0,0,0,0.3816708028316498,0.5998228192329407,0,0,0,0,0.33717918395996094,0,0,0,0,0,0,0,0,0.468440979719162,0.6001510620117188,0,0.16970829665660858,0,0,0,0,0,0,0.9280943870544434,0.964285671710968,0,0.1709664911031723,0.3618583083152771,0.5608600378036499,0,0
Pain,0,0,0,0.10562551021575928,0.2249278873205185,0,0,0,0,0.43995070457458496,0.20061935484409332,0.2859649360179901,0.23726262152194977,0.14889371395111084,0,0,0.10578592866659164,0,0,0.37350988388061523,0.5963926315307617,0,0,0,0,0.32912176847457886,0,0,0,0,0,0,0,0,0.5037749409675598,0.6417845487594604,0,0.19760480523109436,0,0,0,0,0,0,0.9329432249069214,0.9655815958976746,0,0.153732031583786,0.36676526069641113,0.5693765878677368,0,0
Pain,0,0,0,0.24977058172225952,0.3137722909450531,0,0,0,0,0.44759973883628845,0.17533555626869202,0.31165871024131775,0.26240473985671997,0,0.17884226143360138,0,0,0,0,0.3595069944858551,0.5783731937408447,0,0,0,0,0.3626353442668915,0,0,0,0,0,0,0,0,0.3869273066520691,0.5287644863128662,0,0.18104739487171173,0,0,0,0,0,0,0.9265660047531128,0.9606339335441589,0,0.17341682314872742,0.3503819406032562,0.5342182517051697,0,0
Pain,0,0,0,0.12638819217681885,0.21568500995635986,0,0,0,0,0.4209856688976288,0.16818396747112274,0.3129163980484009,0.2627062201499939,0,0.1596008539199829,0,0,0,0,0.3738920986652374,0.5724413394927979,0,0,0,0,0.34839335083961487,0,0,0,0,0,0,0,0,0.4447142481803894,0.5918549299240112,0,0.18160630762577057,0,0,0,0,0,0,0.9304298162460327,0.9598835110664368,0,0.18644225597381592,0.3670353293418884,0.5261039733886719,0,0
Pain,0,0,0,0.13421688973903656,0.1792202740907669,0,0,0,0,0.4361737072467804,0.18325825035572052,0.3346114456653595,0.2823907732963562,0.11717268824577332,0.10862375050783157,0,0,0,0,0.37103620171546936,0.572553277015686,0,0,0,0,0.31908294558525085,0,0,0,0,0,0,0,0,0.4882984161376953,0.6327123641967773,0,0.15922150015830994,0,0,0,0,0,0,0.9148969054222107,0.9506450295448303,0,0.1887851059436798,0.4189157783985138,0.5652639865875244,0,0
Pain,0,0,0,0,0.1877538561820984,0,0,0,0,0.42966386675834656,0.17798897624015808,0.3261297047138214,0.2696192264556885,0,0.1166626438498497,0,0,0,0,0.3656170666217804,0.6319570541381836,0,0,0,0,0.2910705804824829,0,0,0,0,0,0,0,0,0.49121779203414917,0.6506538391113281,0,0.12732453644275665,0,0,0,0,0,0,0.8858303427696228,0.9346051216125488,0,0.22046734392642975,0.5021018981933594,0.6824463605880737,0,0
Pain,0,0,0,0.1456078439950943,0.19446410238742828,0,0,0,0,0.4031199514865875,0.18571649491786957,0.3364579975605011,0.28342705965042114,0,0.13297294080257416,0,0,0,0,0.3524940311908722,0.5967187881469727,0,0,0,0,0.27296116948127747,0,0,0,0,0,0,0,0,0.5419260263442993,0.6760411858558655,0,0.13673105835914612,0,0,0,0,0,0,0.8886593580245972,0.9381721019744873,0,0.1688888520002365,0.505727231502533,0.6812389492988586,0,0
Pain,0,0,0,0.17943252623081207,0.2615084648132324,0,0,0,0,0.4512573778629303,0.17471003532409668,0.33092406392097473,0.2607755959033966,0.11209992319345474,0.11329913884401321,0,0,0,0,0.33295923471450806,0.5900412797927856,0,0,0,0,0.3159480690956116,0,0,0,0,0,0,0,0,0.430337131023407,0.5788078308105469,0,0.1557687371969223,0,0,0,0,0,0,0.9063596129417419,0.9495291709899902,0,0.17883285880088806,0.39720508456230164,0.5796646475791931,0,0
Pain,0,0,0,0.12981054186820984,0.15033067762851715,0,0,0,0,0.3972059488296509,0.1722346395254135,0.35216692090034485,0.29365435242652893,0.10375078022480011,0.1188887432217598,0,0,0,0,0.32889771461486816,0.5928390622138977,0,0,0,0,0.2997465431690216,0,0,0,0,0,0,0,0,0.5068321228027344,0.6414301991462708,0,0.15146201848983765,0,0,0,0,0,0,0.9065366983413696,0.9474895596504211,0,0.19245435297489166,0.4119732975959778,0.5867684483528137,0,0
Pain,0,0,0,0.12389877438545227,0.1681382656097412,0,0,0,0,0.39547303318977356,0.1638796329498291,0.34809303283691406,0.2857552468776703,0.11024012416601181,0.11121082305908203,0,0,0,0,0.34261488914489746,0.5793652534484863,0,0,0,0,0.2950311601161957,0,0,0,0,0,0,0,0,0.5348824262619019,0.6776440739631653,0,0.15959976613521576,0,0,0,0,0,0,0.9074472188949585,0.9475840926170349,0,0.19970981776714325,0.4191579520702362,0.5783664584159851,0,0
Pain,0,0,0,0.10724299401044846,0.16449227929115295,0,0,0,0,0.4490782916545868,0.23170021176338196,0.38063105940818787,0.3189667761325836,0.13732820749282837,0,0,0,0,0,0.3483363091945648,0.6020017266273499,0,0,0,0,0.3581766188144684,0,0,0,0,0,0,0,0,0.3765244483947754,0.5256169438362122,0,0.1967068612575531,0,0,0,0,0,0,0.9263817667961121,0.9588369131088257,0,0.14278116822242737,0.3669869005680084,0.5232949256896973,0,0
Pain,0,0,0,0.10463491082191467,0.2262026071548462,0,0,0,0,0.47295308113098145,0.21947680413722992,0.3676953613758087,0.30501413345336914,0.10182809829711914,0.16203531622886658,0,0,0,0,0.3497513234615326,0.5696415901184082,0,0,0,0,0.30594050884246826,0,0,0,0,0,0,0,0,0.46397578716278076,0.6446212530136108,0,0.1670592874288559,0,0,0,0,0,0,0.9112746715545654,0.9501445293426514,0,0.17558351159095764,0.45560789108276367,0.6043604016304016,0,0
Pain,0,0,0,0,0.19364529848098755,0,0,0,0,0.41017478704452515,0.20001007616519928,0.3384280800819397,0.2756836414337158,0,0.15634112060070038,0,0,0,0,0.34545931220054626,0.5903211236000061,0,0,0,0,0.3051726818084717,0,0,0,0,0,0,0,0,0.4687885344028473,0.636339545249939,0,0.1623711884021759,0,0,0,0,0,0,0.9079720973968506,0.9478198289871216,0,0.15775848925113678,0.45693299174308777,0.5961995124816895,0,0
Pain,0,0,0,0.11991680413484573,0.23037578165531158,0,0,0,0,0.41764211654663086,0.16372618079185486,0.3270952105522156,0.2657525837421417,0.10185081511735916,0.14059101045131683,0,0,0,0,0.34509336948394775,0.55935138463974,0,0,0,0,0.28317201137542725,0,0,0,0,0,0,0,0,0.4913072884082794,0.6649178266525269,0,0.13909117877483368,0,0,0,0,0,0,0.905171275138855,0.9425148367881775,0,0.19449859857559204,0.4819265902042389,0.615919828414917,0,0
Pain,0,0,0,0.10049416869878769,0.15370380878448486,0,0,0,0,0.4172317087650299,0.15864719450473785,0.3020820915699005,0.2396586835384369,0,0.1603972613811493,0.10229526460170746,0,0,0,0.35980942845344543,0.5566863417625427,0,0,0,0,0.26245027780532837,0,0,0,0,0,0,0,0,0.5334523916244507,0.696539044380188,0,0.13223282992839813,0,0,0,0,0,0,0.9065056443214417,0.9426330924034119,0,0.16780385375022888,0.4805619716644287,0.6156780123710632,0,0
Pain,0,0,0,0,0,0,0,0,0,0.4232431650161743,0.1906103640794754,0.34493136405944824,0.2858079671859741,0,0.19972611963748932,0.13481202721595764,0,0,0,0.37565910816192627,0.5964959859848022,0,0,0,0,0.2607868015766144,0,0,0,0,0,0,0,0,0.5456900000572205,0.6961705684661865,0,0.14762435853481293,0,0,0,0,0,0,0.9080957770347595,0.9479377865791321,0,0.15900547802448273,0.526462972164154,0.6998124718666077,0,0
Pain,0,0,0,0,0.10988546907901764,0,0,0,0,0.4223689138889313,0.21517175436019897,0.29310712218284607,0.24031953513622284,0,0.1908382773399353,0.13394635915756226,0,0,0,0.36827483773231506,0.6207056045532227,0,0,0,0,0.2784535884857178,0,0,0,0,0,0,0,0,0.5424872636795044,0.6761120557785034,0,0.154812291264534,0,0,0,0,0,0,0.9065532088279724,0.9491591453552246,0,0.15607556700706482,0.4142099916934967,0.5997676849365234,0,0
Pain,0,0,0,0.15364718437194824,0.15121440589427948,0,0,0,0,0.43359455466270447,0.18391503393650055,0.28274229168891907,0.2326214760541916,0,0.15889838337898254,0,0,0,0,0.3512314558029175,0.5778704285621643,0,0,0,0,0.33334779739379883,0,0,0,0,0,0,0,0,0.4586915373802185,0.6050834655761719,0,0.18253250420093536,0,0,0,0,0,0,0.9303314089775085,0.960067629814148,0,0.16459150612354279,0.38205817341804504,0.542563796043396,0,0
Pain,0,0,0,0.1590481400489807,0.20365603268146515,0,0,0,0,0.47461768984794617,0.23755624890327454,0.3569861054420471,0.3064447343349457,0,0.14546383917331696,0,0,0,0,0.38370034098625183,0.5543281435966492,0,0,0,0,0.30618518590927124,0,0,0,0,0,0,0,0,0.4900895953178406,0.6472858190536499,0,0.19307075440883636,0,0,0,0,0,0,0.9268391728401184,0.9621920585632324,0,0.1482689529657364,0.4644114375114441,0.6379473209381104,0,0
Pain,0,0,0,0.10780223459005356,0.17213453352451324,0,0,0,0,0.4676567018032074,0.2189660668373108,0.33570876717567444,0.27607956528663635,0.10848186165094376,0.11400457471609116,0,0,0,0,0.390136182308197,0.5870586633682251,0,0,0,0,0.3163358271121979,0,0,0,0,0,0,0,0,0.464404821395874,0.6197806596755981,0,0.16767996549606323,0,0,0,0,0,0,0.9236153364181519,0.9580355882644653,0,0.181779682636261,0.4494592249393463,0.6167969703674316,0,0
Pain,0,0,0,0,0.11948516219854355,0,0,0,0,0.44231125712394714,0.22107256948947906,0.3195638358592987,0.2780255079269409,0,0.15802046656608582,0,0,0,0,0.3857365846633911,0.5844539999961853,0,0,0,0,0.3086998760700226,0,0,0,0,0,0,0,0,0.4785385727882385,0.6354491710662842,0,0.183176651597023,0,0,0,0,0,0,0.9306817650794983,0.9631240963935852,0,0.1552860289812088,0.45852765440940857,0.6402910947799683,0,0
Pain,0,0,0,0.10314443707466125,0.13584890961647034,0,0,0,0,0.45845842361450195,0.21785172820091248,0.3344787359237671,0.28067246079444885,0.12487118691205978,0.10792037844657898,0,0,0,0,0.36178961396217346,0.6120107173919678,0,0,0,0,0.326421320438385,0,0,0,0,0,0,0,0,0.45190784335136414,0.579116702079773,0,0.16317826509475708,0,0,0,0,0,0,0.9151896834373474,0.9575651288032532,0,0.15383046865463257,0.374899685382843,0.5733401775360107,0,0
Pain,0,0,0,0,0.18896718323230743,0,0,0,0,0.44643810391426086,0.23243199288845062,0.3476155996322632,0.29447799921035767,0.10980063676834106,0.10146119445562363,0,0,0,0,0.3839748203754425,0.5689313411712646,0,0,0,0,0.3056201934814453,0,0,0,0,0,0,0,0,0.49042078852653503,0.624144434928894,0,0.1714329719543457,0,0,0,0,0,0,0.912513792514801,0.9554311037063599,0,0.11537224799394608,0.3998754322528839,0.6318690776824951,0,0
Pain,0,0,0,0,0.22761934995651245,0,0,0,0,0.4560803472995758,0.24996161460876465,0.3233659863471985,0.29518216848373413,0.13787852227687836,0,0,0,0,0,0.4249430000782013,0.5431928634643555,0,0,0,0,0.31443023681640625,0,0,0,0,0,0,0,0,0.47929856181144714,0.6499141454696655,0,0.16270022094249725,0,0,0,0,0,0,0.9197617769241333,0.9541558027267456,0,0.1693974882364273,0.42924392223358154,0.608174204826355,0,0
Pain,0,0,0,0.1381402462720871,0.2726060152053833,0,0,0,0,0.4352528750896454,0.21354351937770844,0.34022262692451477,0.3066498339176178,0,0.17950397729873657,0.10150165110826492,0,0,0,0.3971479833126068,0.5311014652252197,0,0,0,0,0.3142872750759125,0,0,0,0,0,0,0,0,0.48202431201934814,0.6487696766853333,0,0.17900820076465607,0,0,0,0,0,0,0.9207669496536255,0.9564355611801147,0,0.16067899763584137,0.3808733820915222,0.5815448760986328,0,0
Pain,0,0,0,0.14109937846660614,0.19330213963985443,0,0,0,0,0.44755637645721436,0.1976446658372879,0.3288367986679077,0.28482720255851746,0,0.15492115914821625,0,0,0,0,0.3927071690559387,0.5291159152984619,0,0,0,0,0.3153252899646759,0,0,0,0,0,0,0,0,0.4811578691005707,0.6302634477615356,0,0.1763778030872345,0,0,0,0,0,0,0.9263416528701782,0.9537116289138794,0,0.15551742911338806,0.4079058766365051,0.5545668005943298,0,0
Pain,0,0,0,0.16340866684913635,0.21461999416351318,0,0,0,0,0.46171340346336365,0.1855594664812088,0.35565122961997986,0.2919098436832428,0,0.14363479614257812,0,0,0,0,0.34319910407066345,0.5484538078308105,0,0,0,0,0.3101559579372406,0,0,0,0,0,0,0,0,0.4681400656700134,0.6084036827087402,0,0.15381748974323273,0,0,0,0,0,0,0.9106908440589905,0.9458016753196716,0,0.16002482175827026,0.4298595190048218,0.5652474164962769,0,0
Pain,0,0,0,0,0.1474151611328125,0,0,0,0,0.4456288814544678,0.16563762724399567,0.3444620966911316,0.2788054645061493,0,0.17262642085552216,0.11243706196546555,0,0,0,0.33031532168388367,0.5547730326652527,0,0,0,0,0.34733474254608154,0,0,0,0,0,0,0,0,0.392126202583313,0.5405540466308594,0,0.17077140510082245,0,0,0,0,0,0,0.9239099621772766,0.9562305808067322,0,0.170269176363945,0.366560697555542,0.5258364677429199,0,0
Pain,0,0,0,0.1831744909286499,0.21842126548290253,0.10333705693483353,0,0,0,0.4635775685310364,0.19116832315921783,0.3517477214336395,0.3004700839519501,0,0.14505364000797272,0,0,0,0,0.37745049595832825,0.5468447208404541,0,0,0,0,0.30883312225341797,0,0,0,0,0,0,0,0,0.4706916809082031,0.6332104206085205,0,0.17965659499168396,0,0,0,0,0,0,0.9290685653686523,0.9586219787597656,0,0.15094783902168274,0.4765015244483948,0.6258280277252197,0,0
Pain,0,0,0,0,0.13876782357692719,0,0,0,0,0.4424150884151459,0.21399851143360138,0.309059739112854,0.26633068919181824,0,0.15529915690422058,0,0,0,0,0.3709082305431366,0.5490550398826599,0,0,0,0,0.29973992705345154,0,0,0,0,0,0,0,0,0.4979202151298523,0.646704912185669,0,0.17852327227592468,0,0,0,0,0,0,0.924087405204773,0.9571511745452881,0,0.14848431944847107,0.4531950056552887,0.6212829351425171,0,0
Pain,0,0,0,0,0.16037702560424805,0,0,0,0,0.4683685302734375,0.2546533942222595,0.34703460335731506,0.3091006278991699,0,0.13136965036392212,0,0,0,0,0.39282092452049255,0.5699442625045776,0,0,0,0,0.3013751804828644,0,0,0,0,0,0,0,0,0.4844496548175812,0.6287716627120972,0,0.15862224996089935,0,0,0,0,0,0,0.9204608201980591,0.951522171497345,0,0.11136361956596375,0.48155567049980164,0.6390277147293091,0,0
Pain,0,0,0,0.11343790590763092,0.1262117475271225,0,0,0,0,0.45260435342788696,0.24810849130153656,0.3402678668498993,0.30521029233932495,0,0.12410838901996613,0,0,0,0,0.40201377868652344,0.5471713542938232,0,0,0,0,0.27772146463394165,0,0,0,0,0,0,0,0,0.5347464084625244,0.6829774379730225,0,0.15508276224136353,0,0,0,0,0,0,0.915040910243988,0.9503723382949829,0,0.14193600416183472,0.4964628517627716,0.6487658023834229,0,0
Pain,0,0,0,0.10981577634811401,0.12399952113628387,0,0,0,0,0.4294887185096741,0.19692207872867584,0.27318093180656433,0.22162173688411713,0,0.13727764785289764,0,0,0,0,0.38789457082748413,0.6009933352470398,0,0,0,0,0.2909145653247833,0,0,0,0,0,0,0,0,0.49662530422210693,0.6573464274406433,0,0.14050976932048798,0,0,0,0,0,0,0.9175489544868469,0.9457332491874695,0.10347229987382889,0.19274824857711792,0.5005994439125061,0.6327474117279053,0,0
Pain,0,0,0,0.14796820282936096,0.184803768992424,0,0,0,0,0.4247593283653259,0.19140876829624176,0.29538846015930176,0.2324601709842682,0,0.15808552503585815,0.10141705721616745,0,0,0,0.35354486107826233,0.5985098481178284,0,0,0,0,0.2678110599517822,0,0,0,0,0,0,0,0,0.5725395679473877,0.7242485880851746,0,0.13570590317249298,0,0,0,0,0,0,0.9034076929092407,0.941540002822876,0.13059227168560028,0.21219293773174286,0.5649514198303223,0.7321933507919312,0,0
Pain,0,0,0,0,0.11291481554508209,0,0,0,0,0.45821473002433777,0.21200093626976013,0.29285410046577454,0.23837105929851532,0,0.1747211515903473,0.1139877662062645,0,0,0,0.3634438216686249,0.5926872491836548,0,0,0,0,0.29778650403022766,0,0,0,0,0,0,0,0,0.48644042015075684,0.6344916224479675,0,0.1797361522912979,0,0,0,0,0,0,0.9239445328712463,0.9592853784561157,0.10735871642827988,0.14398197829723358,0.5374641418457031,0.7237815260887146,0,0
Pain,0,0,0,0.12066728621721268,0.20930758118629456,0,0,0,0,0.49090513586997986,0.200182244181633,0.30928969383239746,0.23076480627059937,0.11608564108610153,0.10999234020709991,0,0,0,0,0.32970255613327026,0.5874364376068115,0,0,0,0,0.29603877663612366,0,0,0,0,0,0,0,0,0.4804636240005493,0.6349944472312927,0,0.16828559339046478,0,0,0,0,0,0,0.9194160103797913,0.9544899463653564,0,0.12954078614711761,0.5134843587875366,0.6835285425186157,0,0
Pain,0,0,0,0.1867906153202057,0.23773683607578278,0,0,0,0,0.4521888792514801,0.19312795996665955,0.29181748628616333,0.2282293289899826,0.11486474424600601,0.10122917592525482,0,0,0,0,0.36295050382614136,0.5750654935836792,0,0,0,0,0.31496384739875793,0,0,0,0,0,0,0,0,0.4834568202495575,0.6247958540916443,0,0.15487296879291534,0,0,0,0,0,0,0.914580225944519,0.9527713060379028,0,0.14158624410629272,0.46628856658935547,0.6402205228805542,0,0
Pain,0,0,0,0.2417764812707901,0.2506539821624756,0.11626797169446945,0,0,0,0.346780002117157,0.1519925445318222,0.24869462847709656,0.2165513038635254,0,0.12736786901950836,0,0,0,0,0.3984024226665497,0.5741434693336487,0,0,0,0,0.3164016604423523,0,0,0,0,0,0,0,0,0.4663689434528351,0.6144683361053467,0,0.17764979600906372,0,0,0,0,0,0,0.9190638065338135,0.9447314739227295,0.13300777971744537,0.17010413110256195,0.4722349941730499,0.6396474242210388,0,0
Pain,0,0,0,0.24342991411685944,0.2862669825553894,0,0,0,0,0.4488614499568939,0.167694091796875,0.2647354304790497,0.2044408917427063,0.1015920490026474,0.13567693531513214,0,0,0,0,0.315784752368927,0.5817042589187622,0,0,0,0,0.31403303146362305,0,0,0,0,0,0,0,0,0.4263168275356293,0.5716390609741211,0,0.1459268182516098,0,0,0,0,0,0,0.9121785163879395,0.9481905102729797,0,0.15023453533649445,0.46203118562698364,0.617539644241333,0,0
Pain,0,0,0,0.21792781352996826,0.23958340287208557,0,0,0,0,0.45446643233299255,0.17666739225387573,0.3028317391872406,0.2412923127412796,0,0.18795789778232574,0.11532101780176163,0,0,0,0.3055199682712555,0.5683434009552002,0,0,0,0,0.31686413288116455,0,0,0,0,0,0,0,0,0.4258824288845062,0.5624626874923706,0,0.1592959761619568,0,0,0,0,0,0,0.9121538400650024,0.9528681635856628,0,0.12475771456956863,0.4052490293979645,0.6016299724578857,0,0
Pain,0,0,0,0.22444497048854828,0.23380577564239502,0.10172704607248306,0,0,0,0.3961556851863861,0.1313246786594391,0.2618159055709839,0.1958312690258026,0.10735597461462021,0.1022133007645607,0,0,0,0,0.33771219849586487,0.6048061847686768,0,0,0,0,0.3108132481575012,0,0,0,0,0,0,0,0,0.5032718181610107,0.6475508809089661,0,0.13869217038154602,0,0,0,0,0,0,0.9159449934959412,0.9469758868217468,0.11002269387245178,0.1814291924238205,0.5156359076499939,0.6764429807662964,0,0
Pain,0,0,0,0.2800309360027313,0.3974960446357727,0,0,0,0,0.46888697147369385,0.22663894295692444,0.3217622935771942,0.26399466395378113,0.21670792996883392,0,0,0.14909736812114716,0,0,0.3768004775047302,0.6057413220405579,0,0,0,0,0.29515230655670166,0,0,0,0,0,0,0,0,0.44380971789360046,0.6065218448638916,0,0.15052177011966705,0,0,0,0,0,0,0.9139066934585571,0.951245903968811,0.13389427959918976,0.153045192360878,0.5158657431602478,0.7122195959091187,0,0
Pain,0,0,0,0.11248242110013962,0.1786138117313385,0,0,0,0,0.4008426368236542,0.16553987562656403,0.31811633706092834,0.24746914207935333,0.10360023379325867,0,0,0,0,0,0.30796223878860474,0.6440128684043884,0,0,0,0,0.3191949725151062,0,0,0,0,0,0,0,0,0.37575381994247437,0.5035266876220703,0,0.14500248432159424,0,0,0,0,0,0,0.8967369198799133,0.9490679502487183,0,0.1408577412366867,0.4058014154434204,0.6522308588027954,0,0
Pain,0,0,0,0.13276231288909912,0.2244185358285904,0,0,0,0,0.4137346148490906,0.18411993980407715,0.2932981848716736,0.2328789085149765,0.14213572442531586,0,0,0.10242225229740143,0,0,0.3410092294216156,0.6048710942268372,0,0,0,0,0.3171406388282776,0,0,0,0,0,0,0,0,0.4086844027042389,0.5211246013641357,0,0.1583610624074936,0,0,0,0,0,0,0.9033680558204651,0.9485741853713989,0,0.10705675929784775,0.3789888024330139,0.6090118885040283,0,0
Pain,0,0,0,0,0.1527213156223297,0,0,0,0,0.4123935401439667,0.21591755747795105,0.33316606283187866,0.28706589341163635,0.11133760958909988,0,0,0,0,0,0.36367663741111755,0.5831332802772522,0,0,0,0,0.30609098076820374,0,0,0,0,0,0,0,0,0.4648880362510681,0.6051514148712158,0,0.16538254916667938,0,0,0,0,0,0,0.9061340689659119,0.9532084465026855,0,0.12930801510810852,0.3993346691131592,0.6210001707077026,0,0
Pain,0,0,0,0.11094733327627182,0.16882549226284027,0,0,0,0,0.41999369859695435,0.19942398369312286,0.2930988073348999,0.2418723851442337,0.1112738847732544,0.10411716997623444,0,0,0,0,0.3668791949748993,0.5862358808517456,0,0,0,0,0.3625791668891907,0,0,0,0,0,0,0,0,0.37565189599990845,0.5000956058502197,0,0.1998322606086731,0,0,0,0,0,0,0.9281789660453796,0.9606336951255798,0,0.1098274365067482,0.31962624192237854,0.5136275291442871,0,0
Pain,0,0,0,0.10655374079942703,0.17096565663814545,0,0,0,0,0.4373234510421753,0.20976638793945312,0.311459481716156,0.2575332522392273,0.11336781084537506,0.10000079870223999,0,0,0,0,0.36022332310676575,0.5795841217041016,0,0,0,0,0.3614603877067566,0,0,0,0,0,0,0,0,0.36773625016212463,0.5168697237968445,0,0.20362752676010132,0,0,0,0,0,0,0.9283422827720642,0.9615764021873474,0,0.1385498344898224,0.37600553035736084,0.5558096170425415,0,0
Pain,0,0,0,0.1282385289669037,0.1454668492078781,0,0,0,0,0.43013226985931396,0.19499097764492035,0.28176504373550415,0.22508154809474945,0.10894539207220078,0.11210973560810089,0,0,0,0,0.35434088110923767,0.6060200333595276,0,0,0,0,0.3553338050842285,0,0,0,0,0,0,0,0,0.37086185812950134,0.5160488486289978,0,0.18589501082897186,0,0,0,0,0,0,0.9227547645568848,0.957484245300293,0.10042707622051239,0.15270084142684937,0.3215736448764801,0.5154135227203369,0,0
Pain,0,0,0,0.13227039575576782,0.17797619104385376,0,0,0,0,0.43015068769454956,0.21041283011436462,0.3350808620452881,0.2776985466480255,0,0.12291619926691055,0,0,0,0,0.33146199584007263,0.6398754119873047,0,0,0,0,0.3033357858657837,0,0,0,0,0,0,0,0,0.4591357409954071,0.5989925861358643,0,0.14134077727794647,0,0,0,0,0,0,0.8951883316040039,0.9456290006637573,0,0.14576812088489532,0.42162951827049255,0.6388182640075684,0,0
Pain,0,0,0,0.10439414530992508,0.11721114814281464,0,0,0,0,0.40881335735321045,0.15338875353336334,0.28313520550727844,0.2039221227169037,0,0.26752835512161255,0.16470953822135925,0,0,0,0.34500107169151306,0.5997898578643799,0,0,0,0,0.304577112197876,0,0,0,0,0,0,0,0,0.46028679609298706,0.6044915914535522,0,0.12890496850013733,0,0,0,0,0,0,0.9079036712646484,0.9444308280944824,0,0.17309151589870453,0.4195002615451813,0.5998854637145996,0,0
Pain,0,0,0,0,0.11255627125501633,0,0,0,0,0.385118693113327,0.1529446393251419,0.27562448382377625,0.21748453378677368,0,0.27040722966194153,0.20308257639408112,0,0,0,0.3450286388397217,0.6061762571334839,0,0,0,0,0.3017043173313141,0,0,0,0,0,0,0,0,0.47277718782424927,0.6125290989875793,0,0.1382431834936142,0,0,0,0,0,0,0.9065729379653931,0.9404420852661133,0,0.13467590510845184,0.4002598524093628,0.5558800101280212,0,0
Pain,0,0,0,0,0,0,0,0,0,0.36464551091194153,0.14270314574241638,0.2531561255455017,0.20129930973052979,0,0.2260524034500122,0.16943833231925964,0,0,0,0.37074118852615356,0.61228346824646,0,0,0,0,0.2824590504169464,0,0,0,0,0,0,0,0,0.5263478755950928,0.6606433391571045,0,0.15033835172653198,0,0,0,0,0,0,0.9112577438354492,0.9487021565437317,0,0.1419171243906021,0.3910966217517853,0.5644611716270447,0,0
Pain,0,0,0,0,0.1557593047618866,0,0,0,0,0.40250182151794434,0.1813170164823532,0.2723647356033325,0.21155092120170593,0,0.2092912793159485,0.1495489925146103,0,0,0,0.3333686590194702,0.5947604775428772,0,0,0,0,0.3059605062007904,0,0,0,0,0,0,0,0,0.4682711362838745,0.6188374161720276,0,0.17473506927490234,0,0,0,0,0,0,0.9154077768325806,0.9525048732757568,0,0.13620014488697052,0.3547956645488739,0.5486592054367065,0,0
Pain,0,0,0,0,0.12206479907035828,0,0,0,0,0.41376641392707825,0.24460768699645996,0.3039461374282837,0.2549077868461609,0,0.16674554347991943,0.11044969409704208,0,0,0,0.3416755199432373,0.6144475936889648,0,0,0,0,0.35402992367744446,0,0,0,0,0,0,0,0,0.3685281276702881,0.5112247467041016,0,0.19135414063930511,0,0,0,0,0,0,0.9253091812133789,0.9580347537994385,0,0.12390922009944916,0.3243287205696106,0.5441703200340271,0,0
Pain,0,0,0,0,0,0,0,0,0,0.42134714126586914,0.18326625227928162,0.25067830085754395,0.2011454850435257,0,0.16371673345565796,0.10794185101985931,0,0,0,0.3870382606983185,0.6285226345062256,0,0,0,0,0.327190101146698,0,0,0,0,0,0,0,0,0.48934799432754517,0.6327552795410156,0,0.12253224849700928,0,0,0,0,0,0,0.8966507315635681,0.9321591258049011,0.13342736661434174,0.2378469556570053,0.469522088766098,0.6082459092140198,0,0
Pain,0,0,0,0.11547791957855225,0.10648199170827866,0,0,0,0,0.3529359698295593,0.13664676249027252,0.2191922813653946,0.17222502827644348,0,0.18076616525650024,0.12760496139526367,0,0,0.10005594789981842,0.3690134882926941,0.6318922638893127,0,0,0,0,0.3260164260864258,0,0,0,0,0,0,0,0,0.4570212662220001,0.5982995629310608,0,0.13486500084400177,0,0,0,0,0,0,0.9131900072097778,0.9395074248313904,0.10927019268274307,0.22055470943450928,0.39963051676750183,0.5158047676086426,0,0
Pain,0,0,0,0,0,0,0,0,0,0.361823707818985,0.15187910199165344,0.26171454787254333,0.20371350646018982,0,0.2343778908252716,0.17918086051940918,0,0,0,0.35231542587280273,0.6310817003250122,0,0,0,0,0.2932845950126648,0,0,0,0,0,0,0,0,0.4889942705631256,0.6229013204574585,0,0.13866306841373444,0,0,0,0,0,0,0.9068906307220459,0.943984866142273,0,0.1888892650604248,0.4204771816730499,0.5885992050170898,0,0
Pain,0,0,0,0,0.12779469788074493,0,0,0,0,0.3633047640323639,0.15338203310966492,0.2957816421985626,0.2383250594139099,0,0.17737658321857452,0.12052465230226517,0,0,0,0.36613577604293823,0.5939067006111145,0,0,0,0,0.2695377469062805,0,0,0,0,0,0,0,0,0.5417122840881348,0.6899304986000061,0,0.15061603486537933,0,0,0,0,0,0,0.9103736877441406,0.9475125074386597,0,0.17548660933971405,0.4415677487850189,0.5971824526786804,0,0
Pain,0,0,0,0.11831802129745483,0.10709510743618011,0,0,0,0,0.35506027936935425,0.1390904188156128,0.25236576795578003,0.18998971581459045,0,0.18479672074317932,0.13189706206321716,0,0,0,0.3169218897819519,0.6503345966339111,0,0,0,0,0.3158259689807892,0,0,0,0,0,0,0,0,0.48555150628089905,0.619279146194458,0,0.14746950566768646,0,0,0,0,0,0,0.9074709415435791,0.9488346576690674,0,0.1657266467809677,0.35400471091270447,0.5374736189842224,0,0
Pain,0,0,0,0.13224981725215912,0.10979631543159485,0,0,0,0,0.39123305678367615,0.1809508502483368,0.31651341915130615,0.26256829500198364,0,0.15639685094356537,0.10204321146011353,0,0,0,0.3376183807849884,0.5833690166473389,0,0,0,0,0.25830379128456116,0,0,0,0,0,0,0,0,0.5406097769737244,0.6685539484024048,0,0.12391769140958786,0,0,0,0,0,0,0.8783348798751831,0.9349506497383118,0,0.11910918354988098,0.49295055866241455,0.6808114051818848,0,0
Pain,0,0,0,0,0,0,0,0,0,0.34181684255599976,0.1534174680709839,0.25648364424705505,0.20096969604492188,0,0.20985201001167297,0.1520615667104721,0,0,0,0.3570678234100342,0.6355135440826416,0,0,0,0,0.2700689136981964,0,0,0,0,0,0,0,0,0.5240844488143921,0.6530688405036926,0,0.1425190567970276,0,0,0,0,0,0,0.8982366323471069,0.9414214491844177,0,0.12909117341041565,0.42789632081985474,0.6040676236152649,0,0
Pain,0,0,0,0,0,0,0,0,0,0.36317169666290283,0.18384993076324463,0.3152729272842407,0.25528040528297424,0,0.17833395302295685,0.12778159976005554,0,0,0,0.3515934646129608,0.6791248321533203,0,0,0,0,0.2768671214580536,0,0,0,0,0,0,0,0,0.5119922161102295,0.655253529548645,0,0.16247491538524628,0,0,0,0,0,0,0.9006126523017883,0.945598304271698,0,0.1281237006187439,0.4076278805732727,0.6098288297653198,0,0
Pain,0,0,0,0,0,0,0,0,0,0.40090063214302063,0.2536596357822418,0.3463253974914551,0.301722913980484,0,0.21064935624599457,0.15326537191867828,0,0,0,0.3389011025428772,0.6200999021530151,0,0,0,0,0.2821601927280426,0,0,0,0,0,0,0,0,0.4844648540019989,0.6164800524711609,0,0.18828170001506805,0,0,0,0,0,0,0.9000874161720276,0.9516681432723999,0,0.1021910309791565,0.42968103289604187,0.6718292236328125,0,0
Pain,0,0,0,0,0.1719692200422287,0,0,0,0,0.43154093623161316,0.20904327929019928,0.30015015602111816,0.24383637309074402,0,0.16350899636745453,0.1088191345334053,0,0,0,0.35621801018714905,0.6002825498580933,0,0,0,0,0.2878653109073639,0,0,0,0,0,0,0,0,0.5060036182403564,0.6506356596946716,0,0.1613403707742691,0,0,0,0,0,0,0.9101943969726562,0.9518487453460693,0,0.14181557297706604,0.3696560263633728,0.5765188336372375,0,0
Pain,0,0,0,0.12735207378864288,0.15094253420829773,0,0,0,0,0.4352722764015198,0.2157960683107376,0.34333837032318115,0.28927356004714966,0,0.11129458248615265,0,0,0,0,0.37159445881843567,0.5913681983947754,0,0,0,0,0.2948804795742035,0,0,0,0,0,0,0,0,0.5168623328208923,0.6694297790527344,0,0.17537079751491547,0,0,0,0,0,0,0.9183763861656189,0.9552693963050842,0,0.1655413955450058,0.37670063972473145,0.5826427340507507,0,0
Pain,0,0,0,0.1469552218914032,0.1587183028459549,0,0,0,0,0.4325014054775238,0.1807929426431656,0.28562280535697937,0.23004034161567688,0,0.15151309967041016,0.10033862292766571,0,0,0,0.4149355888366699,0.6187788248062134,0,0,0,0,0.2921638786792755,0,0,0,0,0,0,0,0,0.5393155813217163,0.6877094507217407,0,0.13953039050102234,0,0,0,0,0,0,0.9160226583480835,0.9479770064353943,0.16406717896461487,0.27412912249565125,0.4266628921031952,0.6165168285369873,0,0
Pain,0,0,0,0.10159175097942352,0.11217159777879715,0,0,0,0,0.4593620002269745,0.1843254715204239,0.28689271211624146,0.22291170060634613,0,0.13144779205322266,0,0,0,0,0.34085750579833984,0.6447640657424927,0,0,0,0,0.3063841164112091,0,0,0,0,0,0,0,0,0.4620738625526428,0.5937302112579346,0,0.12838296592235565,0,0,0,0,0,0,0.8901039361953735,0.9409390091896057,0,0.1843254417181015,0.4302891194820404,0.635647714138031,0,0
Pain,0,0,0,0.17968043684959412,0.12880854308605194,0,0,0,0,0.38774290680885315,0.15090274810791016,0.25954872369766235,0.21155394613742828,0,0.15378481149673462,0,0,0,0,0.3597768247127533,0.6061393618583679,0,0,0,0,0.31612786650657654,0,0,0,0,0,0,0,0,0.47230064868927,0.5946602821350098,0,0.14214679598808289,0,0,0,0,0,0,0.9016270041465759,0.941552460193634,0.1069910079240799,0.2023991495370865,0.3950035274028778,0.5684888362884521,0,0
Pain,0,0,0,0.15600626170635223,0.18970268964767456,0,0,0,0,0.4676765501499176,0.1927831918001175,0.3129799962043762,0.250155508518219,0,0.16537417471408844,0,0,0,0,0.3501660227775574,0.56934654712677,0,0,0,0,0.36261674761772156,0,0,0,0,0,0,0,0,0.39565911889076233,0.5639768838882446,0,0.19315676391124725,0,0,0,0,0,0,0.934780478477478,0.9604802131652832,0,0.1839587539434433,0.35303613543510437,0.5031123161315918,0,0
Pain,0,0,0,0.1489100605249405,0.20479701459407806,0,0,0,0,0.4100370407104492,0.150519460439682,0.29514434933662415,0.2289152592420578,0,0.2037241905927658,0.11687253415584564,0,0,0,0.3491958975791931,0.5622541904449463,0,0,0,0,0.3766860365867615,0,0,0,0,0,0,0,0,0.358158141374588,0.5164749622344971,0,0.2007710486650467,0,0,0,0,0,0,0.9413956999778748,0.9635006189346313,0.11617205291986465,0.22415286302566528,0.2885993719100952,0.4281989336013794,0,0
Pain,0,0,0,0.15059559047222137,0.20372025668621063,0,0,0,0,0.4059303104877472,0.15478333830833435,0.2867013216018677,0.2327299863100052,0,0.2151835709810257,0.1505390852689743,0,0,0,0.38541942834854126,0.5721145868301392,0,0,0,0,0.3533582091331482,0,0,0,0,0,0,0,0,0.3991730809211731,0.560142993927002,0,0.19062939286231995,0,0,0,0,0,0,0.9322156310081482,0.9573015570640564,0.1263720989227295,0.2031232863664627,0.3043624460697174,0.4816848933696747,0,0
Pain,0,0,0,0.14882215857505798,0.11453463137149811,0,0,0,0,0.4186190366744995,0.18918322026729584,0.3220004439353943,0.2611151337623596,0.11137209087610245,0.10315707325935364,0,0,0,0,0.3618156313896179,0.6250832080841064,0,0,0,0,0.35760805010795593,0,0,0,0,0,0,0,0,0.32211223244667053,0.428800106048584,0,0.15633592009544373,0,0,0,0,0,0,0.9012125730514526,0.9357447028160095,0,0.14668811857700348,0.3476657569408417,0.5031797289848328,0,0
Pain,0,0,0,0,0,0,0,0,0,0.4254666864871979,0.22570021450519562,0.29848968982696533,0.2409813404083252,0,0.21252942085266113,0.14703033864498138,0,0,0,0.35231757164001465,0.6684631705284119,0,0,0,0,0.3215319514274597,0,0,0,0,0,0,0,0,0.4424531161785126,0.5933271646499634,0,0.13607703149318695,0,0,0,0,0,0,0.8876579403877258,0.9358956813812256,0,0.15091213583946228,0.36631762981414795,0.5245800018310547,0,0
Pain,0,0,0.10698475688695908,0,0,0,0,0,0,0.3815039098262787,0.21047961711883545,0.32685741782188416,0.2746198773384094,0,0.22687464952468872,0.16687266528606415,0,0,0,0.3319964110851288,0.6512523889541626,0,0,0,0,0.3108142614364624,0,0,0,0,0,0,0,0,0.4820707440376282,0.6254241466522217,0,0.18960696458816528,0,0,0,0,0,0,0.9088708162307739,0.9560738205909729,0,0.14580301940441132,0.33994510769844055,0.5759533643722534,0,0
Pain,0,0,0,0,0.1485440731048584,0,0,0,0,0.4217093288898468,0.19343353807926178,0.3058382272720337,0.20646807551383972,0,0.3634011149406433,0.23169106245040894,0,0,0,0.32848426699638367,0.5913397073745728,0,0,0,0,0.30150189995765686,0,0,0,0,0,0,0,0,0.4482186436653137,0.6103848814964294,0,0.1568061262369156,0,0,0,0,0,0,0.9101881980895996,0.9500086307525635,0.12697938084602356,0.21236415207386017,0.32613760232925415,0.5279624462127686,0,0
Pain,0,0,0,0,0.10398569703102112,0,0,0,0,0.3955782651901245,0.15820614993572235,0.3197796046733856,0.2502427101135254,0,0.28377074003219604,0.21983182430267334,0,0,0,0.34583359956741333,0.593047559261322,0,0,0,0,0.27296674251556396,0,0,0,0,0,0,0,0,0.483845591545105,0.6416654586791992,0,0.10376308113336563,0,0,0,0,0,0,0.8829016089439392,0.9327870607376099,0,0.17824731767177582,0.3837377429008484,0.5648603439331055,0,0
Pain,0,0,0,0.17478644847869873,0.17375145852565765,0,0,0,0,0.442141592502594,0.22938765585422516,0.2809743285179138,0.22321206331253052,0,0.11575786024332047,0,0,0,0,0.44393905997276306,0.5301916599273682,0,0,0,0,0.2591196298599243,0,0,0,0,0,0,0,0,0.5516613721847534,0.6510344743728638,0,0,0,0,0,0,0,0,0.8982059359550476,0.9316637516021729,0,0.1425371766090393,0.42373642325401306,0.5860984921455383,0,0
Pain,0,0,0,0.22960083186626434,0.29805824160575867,0.11334984749555588,0,0,0,0.42426881194114685,0.22330686450004578,0.21297422051429749,0.18961650133132935,0,0.19087569415569305,0.1411697119474411,0,0,0,0.49688467383384705,0.5649380087852478,0,0,0,0,0.2958746552467346,0,0,0,0,0,0,0,0,0.4375266432762146,0.5734224319458008,0,0,0,0,0,0,0,0,0.8980507850646973,0.9208272695541382,0.14474782347679138,0.1955557018518448,0.4596004784107208,0.6140681505203247,0,0
Pain,0,0,0,0,0.15888410806655884,0,0,0,0,0.4072800278663635,0.20453813672065735,0.2734779119491577,0.23830454051494598,0,0.30656152963638306,0.23214943706989288,0,0,0,0.4758414328098297,0.5662580132484436,0,0,0,0,0.21308113634586334,0,0,0,0,0,0,0,0,0.6817703247070312,0.8226146697998047,0,0.10138755291700363,0,0,0,0,0,0,0.9090654850006104,0.9388386607170105,0.11795604228973389,0.25117939710617065,0.5573031902313232,0.7164148092269897,0,0
Pain,0,0,0,0,0,0,0,0,0,0.37856483459472656,0.1568809449672699,0.30970701575279236,0.23411884903907776,0,0.20416359603405,0.1552744209766388,0,0,0,0.34414318203926086,0.6682101488113403,0,0,0,0,0.284150093793869,0,0,0,0,0,0,0,0,0.45753395557403564,0.6001539826393127,0,0.14097429811954498,0,0,0,0,0,0,0.8953490853309631,0.9392898678779602,0,0.16760753095149994,0.4107093811035156,0.5467321872711182,0,0
Pain,0,0,0,0,0,0,0,0,0,0.401703417301178,0.17765825986862183,0.32418105006217957,0.24320335686206818,0,0.2415468692779541,0.19228754937648773,0,0,0,0.3868519365787506,0.6875149011611938,0,0,0,0,0.22556950151920319,0,0,0,0,0,0,0,0,0.560696542263031,0.7260904312133789,0,0.15275104343891144,0,0,0,0,0,0,0.9043347835540771,0.9465245008468628,0,0.20764155685901642,0.5365133285522461,0.7223478555679321,0,0
Pain,0,0,0,0,0,0,0,0,0,0.3611384630203247,0.13409237563610077,0.2666384279727936,0.19723644852638245,0,0.26978766918182373,0.2018240988254547,0,0,0,0.3803770840167999,0.6541361808776855,0,0,0,0,0.22226963937282562,0,0,0,0,0,0,0,0,0.6030329465866089,0.7425048351287842,0,0.1226685419678688,0,0,0,0,0,0,0.8990396857261658,0.9373530149459839,0,0.21257318556308746,0.5094600915908813,0.6563599705696106,0,0
Pain,0,0,0,0,0.11050578206777573,0,0,0,0,0.33471977710723877,0.1985892802476883,0.229873925447464,0.18056561052799225,0,0.19602711498737335,0.1226816475391388,0,0,0,0.3273168206214905,0.608076810836792,0,0,0,0,0.3596773147583008,0,0,0,0,0,0,0,0,0.4180099368095398,0.552620530128479,0,0.18401695787906647,0,0,0,0,0,0,0.9365346431732178,0.964536726474762,0,0.13815061748027802,0.30909448862075806,0.47962647676467896,0,0
Pain,0,0,0,0.14469647407531738,0.1481950432062149,0,0,0,0,0.44163814187049866,0.15190574526786804,0.3349555730819702,0.2678339183330536,0,0.1300441324710846,0,0,0,0,0.3600720167160034,0.5683216452598572,0,0,0,0,0.2992447316646576,0,0,0,0,0,0,0,0,0.4738035500049591,0.635160505771637,0,0.1480339616537094,0,0,0,0,0,0,0.9241049289703369,0.9577152729034424,0.12155059725046158,0.1622103601694107,0.4993090033531189,0.7095872759819031,0,0
Pain,0,0,0,0.13304372131824493,0.20424754917621613,0,0,0,0,0.39509689807891846,0.13506846129894257,0.22689089179039001,0.16616690158843994,0,0.2189071774482727,0.12456454336643219,0,0,0.11602487415075302,0.4084334075450897,0.5964082479476929,0,0,0,0,0.3969309329986572,0,0,0,0,0,0,0,0,0.31965285539627075,0.4590219259262085,0,0.18414875864982605,0,0,0,0,0,0,0.948587954044342,0.9713067412376404,0.20516562461853027,0.23566998541355133,0.23003359138965607,0.4423970580101013,0,0
Pain,0,0,0,0.15295197069644928,0.1913464069366455,0,0,0,0,0.41568613052368164,0.13256676495075226,0.25754398107528687,0.20907996594905853,0,0.22263096272945404,0.1408187299966812,0,0,0,0.39377856254577637,0.5533759593963623,0,0,0,0,0.35758763551712036,0,0,0,0,0,0,0,0,0.3273385763168335,0.4831019341945648,0,0.17375364899635315,0,0,0,0,0,0,0.9322390556335449,0.9540495872497559,0.15455803275108337,0.22950538992881775,0.34969544410705566,0.5054453611373901,0,0
Pain,0,0,0,0,0,0,0,0,0,0.46219930052757263,0.2389196753501892,0.31616446375846863,0.26604723930358887,0.10291089862585068,0.10704094171524048,0,0,0,0,0.38942962884902954,0.658410906791687,0,0,0,0,0.34312576055526733,0,0,0,0,0,0,0,0,0.36288735270500183,0.5001863241195679,0,0.1492675393819809,0,0,0,0,0,0,0.9077608585357666,0.9504433870315552,0,0.14460551738739014,0.2809238135814667,0.46715372800827026,0,0
Pain,0,0,0,0,0,0,0,0,0,0.4262498915195465,0.24773015081882477,0.3226277828216553,0.27967989444732666,0,0.16656114161014557,0.1191810891032219,0,0,0,0.40383315086364746,0.6059823036193848,0,0,0,0,0.29235947132110596,0,0,0,0,0,0,0,0,0.48014941811561584,0.6256685256958008,0,0.17348887026309967,0,0,0,0,0,0,0.9104194641113281,0.9522773027420044,0,0.14001844823360443,0.4024730920791626,0.5919768810272217,0,0
Pain,0,0,0,0,0,0,0,0,0,0.4131878614425659,0.2030632197856903,0.32849714159965515,0.2688882052898407,0,0.15943273901939392,0.11102797091007233,0,0,0,0.3769034147262573,0.5991541147232056,0,0,0,0,0.28839242458343506,0,0,0,0,0,0,0,0,0.47848790884017944,0.6280714869499207,0,0.14627598226070404,0,0,0,0,0,0,0.8971556425094604,0.9400034546852112,0,0.14414651691913605,0.46075135469436646,0.6009653210639954,0,0
Pain,0,0,0,0.10149771720170975,0.13120238482952118,0,0,0,0,0.40483346581459045,0.16212135553359985,0.2835278809070587,0.2237304151058197,0,0.17639420926570892,0.12403436005115509,0,0,0,0.3944391906261444,0.6249499320983887,0,0,0,0,0.2849627137184143,0,0,0,0,0,0,0,0,0.5279898047447205,0.6707326769828796,0,0.12728911638259888,0,0,0,0,0,0,0.900822639465332,0.9369204044342041,0.10077910125255585,0.2419264018535614,0.5014088749885559,0.6200186014175415,0,0
Pain,0,0,0,0,0.11937423795461655,0,0,0,0,0.39014700055122375,0.12494531273841858,0.2771216332912445,0.20893552899360657,0,0.19249828159809113,0.13178424537181854,0,0,0,0.3751193881034851,0.6446157693862915,0,0,0,0,0.28910794854164124,0,0,0,0,0,0,0,0,0.5662693381309509,0.6950929164886475,0,0.12670378386974335,0,0,0,0,0,0,0.9111838340759277,0.9463290572166443,0,0.21175946295261383,0.4110430181026459,0.5569625496864319,0,0
Pain,0,0,0,0.10651561617851257,0.11401640623807907,0,0,0,0,0.432088702917099,0.17149929702281952,0.29048633575439453,0.2263847291469574,0,0.1419960856437683,0,0,0,0,0.37074902653694153,0.6525226831436157,0,0,0,0,0.3185184895992279,0,0,0,0,0,0,0,0,0.48219648003578186,0.6208605170249939,0,0.1449660360813141,0,0,0,0,0,0,0.9170540571212769,0.9529539942741394,0,0.17069146037101746,0.3616426885128021,0.5322675704956055,0,0
Pain,0,0,0,0.109470896422863,0.10391566157341003,0,0,0,0,0.4313589632511139,0.19562502205371857,0.32047340273857117,0.26403743028640747,0.11910855770111084,0,0,0,0,0,0.3762202560901642,0.6389477849006653,0,0,0,0,0.2845243513584137,0,0,0,0,0,0,0,0,0.5555738210678101,0.6794009804725647,0,0.13972137868404388,0,0,0,0,0,0,0.9033036231994629,0.9457895159721375,0,0.1687610000371933,0.4052852392196655,0.6301707625389099,0,0
Pain,0,0,0,0.24709950387477875,0.26920613646507263,0.11373164504766464,0,0,0,0.41590118408203125,0.16177034378051758,0.28799715638160706,0.23593078553676605,0,0.12102388590574265,0,0,0,0,0.4037352204322815,0.5938631296157837,0,0,0,0,0.3142208158969879,0,0,0,0,0,0,0,0,0.42745840549468994,0.5732423067092896,0,0,0,0,0,0,0,0,0.8972795009613037,0.9261326789855957,0.233851358294487,0.2958106994628906,0.43686583638191223,0.6151974201202393,0,0
Pain,0,0,0,0.30262142419815063,0.2647418975830078,0.11628221720457077,0,0,0,0.4043695032596588,0.17053821682929993,0.28959766030311584,0.2451740950345993,0,0.11254849284887314,0,0,0,0,0.4169970452785492,0.620709240436554,0,0,0,0,0.3403298854827881,0,0,0,0,0,0,0,0,0.3803611695766449,0.5013373494148254,0,0,0,0,0,0,0,0,0.8868225812911987,0.9268586039543152,0.13326053321361542,0.22682534158229828,0.2885865867137909,0.4641161859035492,0,0
Pain,0,0,0,0.1763133555650711,0,0,0,0,0,0.38012516498565674,0.1601613461971283,0.29398369789123535,0.2585037052631378,0,0.16887053847312927,0.1169900894165039,0,0,0,0.4013086259365082,0.6073740720748901,0,0,0,0,0.28905364871025085,0,0,0,0,0,0,0,0,0.4932689964771271,0.6206454038619995,0,0.10646688938140869,0,0,0,0,0,0,0.8858883380889893,0.9283498525619507,0.10928746312856674,0.2202225774526596,0.3984070122241974,0.5697917938232422,0,0
Pain,0,0,0,0,0.10413171350955963,0,0,0,0,0.3647952079772949,0.166387140750885,0.24996241927146912,0.21991272270679474,0,0.20803400874137878,0.14986032247543335,0,0,0,0.43415313959121704,0.5681927800178528,0,0,0,0,0.34015071392059326,0,0,0,0,0,0,0,0,0.45265600085258484,0.6134254932403564,0,0.17580702900886536,0,0,0,0,0,0,0.9325578212738037,0.9572781920433044,0.1026243269443512,0.21643318235874176,0.3109782040119171,0.46807414293289185,0,0
Pain,0,0,0,0,0,0,0,0,0,0.38098880648612976,0.1497115194797516,0.3344149589538574,0.28092166781425476,0,0.15661267936229706,0,0,0,0,0.3374040126800537,0.6737204194068909,0,0,0,0,0.3681563436985016,0,0,0,0,0,0,0,0,0.3202259838581085,0.4524558484554291,0,0.16056688129901886,0,0,0,0,0,0,0.9034043550491333,0.9478430151939392,0,0.1817978024482727,0.26670777797698975,0.46025294065475464,0,0
Pain,0,0,0,0,0,0,0,0,0,0.3930295407772064,0.15944147109985352,0.29256901144981384,0.23193591833114624,0,0.14932554960250854,0.10537847131490707,0,0,0,0.37575387954711914,0.6494626402854919,0,0,0,0,0.296146422624588,0,0,0,0,0,0,0,0,0.5520456433296204,0.6782187223434448,0,0.13941162824630737,0,0,0,0,0,0,0.894508957862854,0.9328446388244629,0,0.226501002907753,0.37993940711021423,0.5049062967300415,0,0
Pain,0,0,0,0,0.1174483522772789,0,0,0,0,0.451093852519989,0.20057033002376556,0.3058427572250366,0.25607019662857056,0,0.23392276465892792,0.1714332550764084,0,0,0,0.43409961462020874,0.5950139760971069,0,0,0,0,0.23609277606010437,0,0,0,0,0,0,0,0,0.6397664546966553,0.7784706354141235,0,0.11483057588338852,0,0,0,0,0,0,0.8969413638114929,0.9244206547737122,0.11072614043951035,0.25443530082702637,0.5658010244369507,0.6457949876785278,0,0
Pain,0,0,0,0,0,0,0,0,0,0.36131715774536133,0.1533605307340622,0.2884661853313446,0.21364939212799072,0,0.2855672836303711,0.2132372111082077,0,0,0,0.33044224977493286,0.6387150287628174,0,0,0,0,0.3190850019454956,0,0,0,0,0,0,0,0,0.4458032250404358,0.5775392651557922,0,0.13988928496837616,0,0,0,0,0,0,0.8883147835731506,0.9423701167106628,0,0.19288000464439392,0.29220327734947205,0.4545300006866455,0,0
Pain,0,0,0,0.1422833502292633,0.1503675878047943,0,0,0,0,0.4550745487213135,0.25580650568008423,0.33293554186820984,0.2821853756904602,0,0.278070330619812,0.2046450674533844,0,0,0,0.35475537180900574,0.585090696811676,0,0,0,0,0.31494638323783875,0,0,0,0,0,0,0,0,0.40268370509147644,0.5561859607696533,0,0.1979343742132187,0,0,0,0,0,0,0.9222946166992188,0.9558510184288025,0,0.14354833960533142,0.3246906101703644,0.5048714280128479,0,0
Pain,0,0,0,0.10228294134140015,0.1704762578010559,0,0,0,0,0.46983689069747925,0.23466065526008606,0.32532310485839844,0.26253843307495117,0,0.16920976340770721,0.11293909698724747,0,0,0,0.3896957039833069,0.564697265625,0,0,0,0,0.323673278093338,0,0,0,0,0,0,0,0,0.40228503942489624,0.5585860013961792,0,0.17222504317760468,0,0,0,0,0,0,0.9245011210441589,0.951486349105835,0,0.14320509135723114,0.35499265789985657,0.48349419236183167,0,0
Pain,0,0,0,0.102254219353199,0.13892880082130432,0,0,0,0,0.45905742049217224,0.2172931432723999,0.3222673833370209,0.2554682791233063,0,0.276397705078125,0.16781997680664062,0,0,0,0.38415607810020447,0.597143828868866,0,0,0,0,0.27768397331237793,0,0,0,0,0,0,0,0,0.47795966267585754,0.6590161323547363,0,0.13895249366760254,0,0,0,0,0,0,0.9109957814216614,0.9453185200691223,0,0.17150510847568512,0.4662609398365021,0.609965443611145,0,0
Pain,0,0,0,0,0.10632297396659851,0,0,0,0,0.4778895080089569,0.24272751808166504,0.34418126940727234,0.2789810001850128,0,0.20526324212551117,0.13363148272037506,0,0,0,0.3835395276546478,0.6426830887794495,0,0,0,0,0.2732815444469452,0,0,0,0,0,0,0,0,0.4941612482070923,0.6417303085327148,0,0.13799822330474854,0,0,0,0,0,0,0.8965193629264832,0.9394959807395935,0,0.13187584280967712,0.512945294380188,0.6590285301208496,0,0
Pain,0,0,0,0.1108856275677681,0,0,0,0,0,0.3973677158355713,0.18143890798091888,0.27508360147476196,0.22805742919445038,0,0.2268991619348526,0.1670280247926712,0,0,0,0.4169404208660126,0.6103116869926453,0,0,0,0,0.2989911735057831,0,0,0,0,0,0,0,0,0.5223584175109863,0.6804864406585693,0,0.12110217660665512,0,0,0,0,0,0,0.9115410447120667,0.9354665279388428,0,0.22573834657669067,0.49263912439346313,0.550684928894043,0,0
Pain,0,0,0,0,0.15246383845806122,0,0,0,0,0.41969454288482666,0.1885923445224762,0.33585643768310547,0.2697504758834839,0,0.21341943740844727,0.14286795258522034,0,0,0,0.3520170748233795,0.65438312292099,0,0,0,0,0.24417240917682648,0,0,0,0,0,0,0,0,0.6004197597503662,0.7327579259872437,0,0.14680598676204681,0,0,0,0,0,0,0.8942801356315613,0.9471123218536377,0,0.1396697759628296,0.40727874636650085,0.6370002031326294,0,0
Pain,0,0,0,0,0.1341174989938736,0,0,0,0,0.4366437494754791,0.2179926037788391,0.3615545630455017,0.3071152865886688,0,0.12838439643383026,0,0,0,0,0.3752279281616211,0.6099165678024292,0,0,0,0,0.26125848293304443,0,0,0,0,0,0,0,0,0.5007210969924927,0.6438890695571899,0,0.12325270473957062,0,0,0,0,0,0,0.8650705218315125,0.9264638423919678,0,0.12009589374065399,0.49084439873695374,0.7129981517791748,0,0
Pain,0,0,0,0,0.10155634582042694,0,0,0,0,0.43157967925071716,0.18430864810943604,0.2757250964641571,0.22646471858024597,0,0.12871967256069183,0,0,0,0,0.38261547684669495,0.6087141036987305,0,0,0,0,0.3260604441165924,0,0,0,0,0,0,0,0,0.4086743891239166,0.5483604073524475,0,0.16310535371303558,0,0,0,0,0,0,0.9184821844100952,0.9481151700019836,0,0.16867773234844208,0.3669598698616028,0.5154870748519897,0,0
Pain,0,0,0,0,0,0,0,0,0,0.3651568293571472,0.1802065223455429,0.22702249884605408,0.19316741824150085,0,0.19622384011745453,0.14719894528388977,0,0,0,0.4118739366531372,0.6094439029693604,0,0,0,0,0.2961714267730713,0,0,0,0,0,0,0,0,0.5155255198478699,0.6345197558403015,0,0.12445031851530075,0,0,0,0,0,0,0.8994792103767395,0.9344637989997864,0,0.20457401871681213,0.4134850800037384,0.560702919960022,0,0
Pain,0,0,0,0,0,0,0,0,0,0.3790366053581238,0.15919309854507446,0.2723119258880615,0.22634558379650116,0,0.2017422318458557,0.14435428380966187,0,0,0,0.35824620723724365,0.5836880803108215,0,0,0,0,0.2947467863559723,0,0,0,0,0,0,0,0,0.5254070162773132,0.6544599533081055,0,0.177865669131279,0,0,0,0,0,0,0.9145439863204956,0.9467846751213074,0,0.1607796847820282,0.34364452958106995,0.49251678586006165,0,0
Pain,0,0,0,0,0.11241350322961807,0,0,0,0,0.381426066160202,0.23135797679424286,0.3084230422973633,0.264411598443985,0,0.22098615765571594,0.15761736035346985,0,0,0,0.38200899958610535,0.620792806148529,0,0,0,0,0.29912057518959045,0,0,0,0,0,0,0,0,0.46151700615882874,0.6260863542556763,0,0.13851864635944366,0,0,0,0,0,0,0.9035952091217041,0.9384673237800598,0,0.1364588439464569,0.4479469060897827,0.5649468898773193,0,0
Pain,0,0,0,0,0.105174720287323,0,0,0,0,0.4112008512020111,0.21055369079113007,0.33619922399520874,0.2934439480304718,0,0.14029763638973236,0,0,0,0,0.3763282597064972,0.5895410180091858,0,0,0,0,0.28997084498405457,0,0,0,0,0,0,0,0,0.5022090673446655,0.6465280652046204,0,0.14180192351341248,0,0,0,0,0,0,0.9034713506698608,0.9459673166275024,0,0.15688923001289368,0.44805023074150085,0.6286774277687073,0,0
Pain,0,0,0,0.264168381690979,0.2544577419757843,0.13823433220386505,0,0,0,0.36028727889060974,0.1615435928106308,0.22422267496585846,0.20526094734668732,0,0.13803339004516602,0,0,0,0,0.4700049161911011,0.5413341522216797,0,0,0,0,0.29690247774124146,0,0,0,0,0,0,0,0,0.5591604709625244,0.7023017406463623,0,0,0,0,0,0,0,0,0.9072592258453369,0.9266695380210876,0.159753680229187,0.2652282118797302,0.4772462546825409,0.6197565793991089,0,0
Pain,0,0,0,0,0.1027667373418808,0,0,0,0,0.3848586678504944,0.17754992842674255,0.2646178901195526,0.21773312985897064,0,0.16768860816955566,0.11335895210504532,0,0,0,0.38290175795555115,0.6061587929725647,0,0,0,0,0.26559579372406006,0,0,0,0,0,0,0,0,0.6053644418716431,0.7257249355316162,0,0.12395177781581879,0,0,0,0,0,0,0.9121739864349365,0.9441151022911072,0.10637561231851578,0.20222832262516022,0.4869977533817291,0.6350882053375244,0,0
Pain,0,0.10317761451005936,0,0,0,0,0,0,0,0.4246905744075775,0.20746175944805145,0.3249020576477051,0.2649837136268616,0,0.18038798868656158,0.12756305932998657,0,0,0,0.35858866572380066,0.6557786464691162,0,0,0,0,0.27945083379745483,0,0,0,0,0,0,0,0,0.4961518943309784,0.6450291872024536,0,0.13626572489738464,0,0,0,0,0,0,0.8922706246376038,0.938515841960907,0,0.1587142050266266,0.5029586553573608,0.6597186923027039,0,0
Pain,0,0,0,0,0,0,0,0,0,0.37912696599960327,0.13572464883327484,0.24554742872714996,0.17649467289447784,0,0.24501217901706696,0.19330839812755585,0,0,0,0.3512744903564453,0.6380206346511841,0,0,0,0,0.30797892808914185,0,0,0,0,0,0,0,0,0.47214704751968384,0.6028423309326172,0,0.1233510747551918,0,0,0,0,0,0,0.910199761390686,0.9379585385322571,0,0.14330771565437317,0.3918507993221283,0.48969054222106934,0,0
Pain,0,0,0,0,0,0,0,0,0,0.40834781527519226,0.15813259780406952,0.2989361882209778,0.22798515856266022,0,0.20644797384738922,0.16266471147537231,0,0,0,0.362599641084671,0.6523791551589966,0,0,0,0,0.263323038816452,0,0,0,0,0,0,0,0,0.6000074148178101,0.7192325592041016,0,0.11982495337724686,0,0,0,0,0,0,0.9032491445541382,0.935294508934021,0,0.15903246402740479,0.4468594491481781,0.5938701629638672,0,0
Pain,0,0,0,0,0.11505299061536789,0,0,0,0,0.4126325845718384,0.17612746357917786,0.3152061700820923,0.25268176198005676,0,0.12177179008722305,0,0,0,0,0.3589044511318207,0.6361369490623474,0,0,0,0,0.259760320186615,0,0,0,0,0,0,0,0,0.5649430751800537,0.6872677206993103,0,0.1270209103822708,0,0,0,0,0,0,0.8874688148498535,0.9358108639717102,0,0.17581896483898163,0.455624520778656,0.6567516326904297,0,0
Pain,0,0,0,0,0,0,0,0,0,0.4281295835971832,0.17868436872959137,0.32716432213783264,0.2637729346752167,0,0.19152013957500458,0.144088476896286,0,0,0,0.32421794533729553,0.6163865327835083,0,0,0,0,0.30909547209739685,0,0,0,0,0,0,0,0,0.4049627482891083,0.5433182716369629,0,0.17440421879291534,0,0,0,0,0,0,0.9042177200317383,0.9516140818595886,0,0.14658339321613312,0.3321835398674011,0.5709202289581299,0,0
Pain,0,0,0,0.10685878992080688,0.16349421441555023,0,0,0,0,0.44487762451171875,0.2414298802614212,0.3348557651042938,0.27852582931518555,0,0.1617484837770462,0.1057535856962204,0,0,0,0.34995144605636597,0.6076251268386841,0,0,0,0,0.36045557260513306,0,0,0,0,0,0,0,0,0.3622874319553375,0.5177789926528931,0,0.20670020580291748,0,0,0,0,0,0,0.9343701601028442,0.9629518389701843,0,0.1343640834093094,0.2696532905101776,0.41816917061805725,0,0
Pain,0,0,0,0.10964514315128326,0.12255078554153442,0,0,0,0,0.4452158212661743,0.182000532746315,0.34712880849838257,0.24555641412734985,0,0.23169347643852234,0.11906855553388596,0,0,0,0.32084646821022034,0.6253381371498108,0,0,0,0,0.3264754116535187,0,0,0,0,0,0,0,0,0.3888256251811981,0.5333719253540039,0,0.16654811799526215,0,0,0,0,0,0,0.9286500215530396,0.957910418510437,0,0.1343597024679184,0.36150577664375305,0.514198899269104,0,0
Pain,0,0,0,0,0.10584262013435364,0,0,0,0,0.37450066208839417,0.19061236083507538,0.3055621087551117,0.25404098629951477,0,0.24418248236179352,0.19333255290985107,0,0,0,0.3783840835094452,0.5973327159881592,0,0,0,0,0.28102514147758484,0,0,0,0,0,0,0,0,0.47778040170669556,0.6233354806900024,0,0.10912098735570908,0,0,0,0,0,0,0.8885614275932312,0.9226133227348328,0,0.20244641602039337,0.46333974599838257,0.5707203149795532,0,0
Pain,0,0,0,0,0,0,0,0,0,0.3801729083061218,0.1736999899148941,0.29770761728286743,0.23460912704467773,0,0.18067657947540283,0.13630825281143188,0,0,0,0.3749408721923828,0.6587716341018677,0,0,0,0,0.3056638836860657,0,0,0,0,0,0,0,0,0.46280428767204285,0.6086878776550293,0,0.11581877619028091,0,0,0,0,0,0,0.9054642915725708,0.933499813079834,0,0.16824157536029816,0.43047696352005005,0.506554901599884,0,0
Pain,0,0,0,0,0.13492514193058014,0,0,0,0,0.408836305141449,0.20542579889297485,0.3335716128349304,0.26955217123031616,0,0.2253265231847763,0.15867409110069275,0,0,0,0.3875754177570343,0.6579277515411377,0,0,0,0,0.2841305434703827,0,0,0,0,0,0,0,0,0.49413350224494934,0.6556878089904785,0,0.12468650937080383,0,0,0,0,0,0,0.8942230343818665,0.9440951347351074,0,0.14755763113498688,0.44696423411369324,0.6224048137664795,0,0
Pain,0,0,0,0,0,0,0,0,0,0.3781375586986542,0.18585418164730072,0.3068617582321167,0.24992479383945465,0,0.164051815867424,0.11759252846240997,0,0,0,0.39199328422546387,0.6339633464813232,0,0,0,0,0.2598826587200165,0,0,0,0,0,0,0,0,0.5829063057899475,0.7195699214935303,0,0.132838174700737,0,0,0,0,0,0,0.8942663073539734,0.9363178014755249,0,0.16079916059970856,0.4913928210735321,0.6307793259620667,0,0
Pain,0,0,0,0,0,0,0,0,0,0.3740774691104889,0.1552068442106247,0.3067920207977295,0.2521505653858185,0,0.21369832754135132,0.15538795292377472,0,0,0,0.3798576891422272,0.6240047216415405,0,0,0,0,0.2913020849227905,0,0,0,0,0,0,0,0,0.5368491411209106,0.6652320623397827,0,0.14112937450408936,0,0,0,0,0,0,0.9057779312133789,0.9426933526992798,0,0.1691409796476364,0.4229811429977417,0.5673211812973022,0,0
Pain,0,0,0,0.1006573885679245,0.11209999024868011,0,0,0,0,0.42101964354515076,0.23312045633792877,0.34741201996803284,0.31360170245170593,0,0.14489799737930298,0,0,0,0,0.3899227976799011,0.5648893117904663,0,0,0,0,0.28305596113204956,0,0,0,0,0,0,0,0,0.5567935705184937,0.6969050168991089,0,0.17893654108047485,0,0,0,0,0,0,0.9111684560775757,0.9547806978225708,0,0.1367943435907364,0.42418158054351807,0.6542748212814331,0,0
Pain,0,0,0,0,0.11131703108549118,0,0,0,0,0.43535616993904114,0.23894596099853516,0.3166554868221283,0.28105536103248596,0.11595753580331802,0,0,0,0,0,0.43977221846580505,0.5987566709518433,0,0,0,0,0.279310941696167,0,0,0,0,0,0,0,0,0.5685145258903503,0.6921935081481934,0,0.1567036360502243,0,0,0,0,0,0,0.9102054834365845,0.9496690630912781,0,0.14582756161689758,0.43468913435935974,0.6181731224060059,0,0
Pain,0,0,0,0,0,0,0,0,0,0.43125104904174805,0.2630365490913391,0.3036794066429138,0.278469055891037,0,0.11977279931306839,0,0,0,0,0.42776480317115784,0.5714519023895264,0,0,0,0,0.28332871198654175,0,0,0,0,0,0,0,0,0.517798662185669,0.659175455570221,0,0.15760767459869385,0,0,0,0,0,0,0.9054853916168213,0.9436286687850952,0,0.13512037694454193,0.49115511775016785,0.6389147043228149,0,0
Pain,0,0,0,0.10447914898395538,0,0,0,0,0,0.3904300630092621,0.14780499041080475,0.27054837346076965,0.23127709329128265,0,0.17720447480678558,0.11970361322164536,0,0,0,0.3995762765407562,0.5787720084190369,0,0,0,0,0.29097315669059753,0,0,0,0,0,0,0,0,0.5441433191299438,0.6675072908401489,0,0.1328660547733307,0,0,0,0,0,0,0.9147680997848511,0.9426213502883911,0,0.15507441759109497,0.45025578141212463,0.5615068674087524,0,0
Pain,0,0,0,0,0.10854187607765198,0,0,0,0,0.39466822147369385,0.1964910626411438,0.26570019125938416,0.22172336280345917,0,0.24157752096652985,0.1740904599428177,0,0,0,0.35448381304740906,0.5919240713119507,0,0,0,0,0.29711008071899414,0,0,0,0,0,0,0,0,0.5102180242538452,0.6512256860733032,0,0.16798356175422668,0,0,0,0,0,0,0.9137141704559326,0.950442373752594,0,0.15495705604553223,0.33780568838119507,0.5072900056838989,0,0
Pain,0,0,0,0,0.12049849331378937,0,0,0,0,0.37532711029052734,0.15689432621002197,0.2707435190677643,0.21157056093215942,0,0.21691612899303436,0.16158315539360046,0,0,0,0.3984330892562866,0.6062487363815308,0,0,0,0,0.2797746956348419,0,0,0,0,0,0,0,0,0.5387961864471436,0.6757696866989136,0,0.1418367326259613,0,0,0,0,0,0,0.9150778651237488,0.9425954818725586,0,0.12060973793268204,0.3989618718624115,0.5148370265960693,0,0
Pain,0,0,0,0.13814090192317963,0,0,0,0,0,0.3796597719192505,0.16007865965366364,0.26950663328170776,0.22522836923599243,0,0.19726285338401794,0.13551826775074005,0,0,0,0.3800465762615204,0.5994837880134583,0,0,0,0,0.3017750382423401,0,0,0,0,0,0,0,0,0.5085588693618774,0.6374517679214478,0,0.14182789623737335,0,0,0,0,0,0,0.9098493456840515,0.9418792128562927,0,0.14471787214279175,0.38460496068000793,0.5094642043113708,0,0
Pain,0,0,0,0,0,0,0,0,0,0.39540499448776245,0.1859862059354782,0.300595223903656,0.24312371015548706,0,0.19045895338058472,0.13917702436447144,0,0,0,0.3727179765701294,0.6229058504104614,0,0,0,0,0.2789318263530731,0,0,0,0,0,0,0,0,0.532156229019165,0.6671507954597473,0,0.12846723198890686,0,0,0,0,0,0,0.8956050276756287,0.9375207424163818,0,0.13910625874996185,0.43706798553466797,0.5595133900642395,0,0
Pain,0,0,0,0,0,0,0,0,0,0.32119080424308777,0.13132545351982117,0.2495899796485901,0.19644951820373535,0,0.20335805416107178,0.15464062988758087,0,0,0,0.38415735960006714,0.64601069688797,0,0,0,0,0.29358014464378357,0,0,0,0,0,0,0,0,0.5030772686004639,0.6493414044380188,0,0.10317553579807281,0,0,0,0,0,0,0.8978050947189331,0.9286916255950928,0,0.18439453840255737,0.40372198820114136,0.4502331018447876,0,0
Pain,0,0,0,0,0,0,0,0,0,0.35590043663978577,0.18411073088645935,0.30144402384757996,0.25249356031417847,0,0.18763960897922516,0.13350388407707214,0,0,0,0.3772372007369995,0.6344633102416992,0,0,0,0,0.2838827669620514,0,0,0,0,0,0,0,0,0.5176881551742554,0.6663049459457397,0,0.14380846917629242,0,0,0,0,0,0,0.9013397693634033,0.9397319555282593,0,0.1695636659860611,0.40623486042022705,0.5102583169937134,0,0
Pain,0,0,0,0,0,0,0,0,0,0.39183667302131653,0.20848999917507172,0.3133029639720917,0.26765140891075134,0,0.1681598722934723,0.11522264033555984,0,0,0,0.37596458196640015,0.6186349987983704,0,0,0,0,0.30528512597084045,0,0,0,0,0,0,0,0,0.4681839942932129,0.6115913987159729,0,0.1525343656539917,0,0,0,0,0,0,0.9033114910125732,0.9469923377037048,0,0.1567310392856598,0.3922605514526367,0.5429768562316895,0,0
Pain,0,0,0,0.10268159955739975,0.13842591643333435,0,0,0,0,0.4335545301437378,0.2064351886510849,0.3132427930831909,0.26017308235168457,0.1286008656024933,0,0,0,0,0,0.4030183255672455,0.6018533706665039,0,0,0,0,0.2843131124973297,0,0,0,0,0,0,0,0,0.5091625452041626,0.6553862690925598,0,0.15751609206199646,0,0,0,0,0,0,0.9152507781982422,0.9510506391525269,0,0.12495741248130798,0.3865063786506653,0.5548600554466248,0,0
Pain,0,0,0,0,0,0,0,0,0,0.4681723713874817,0.2459680736064911,0.3012172281742096,0.2476757913827896,0,0.1791338473558426,0.10442379862070084,0,0,0,0.3347914218902588,0.6237637996673584,0,0,0,0,0.32035019993782043,0,0,0,0,0,0,0,0,0.37782031297683716,0.5221511125564575,0,0.18666189908981323,0,0,0,0,0,0,0.917159378528595,0.9542222619056702,0,0.10324276983737946,0.34586235880851746,0.5306625366210938,0,0
Pain,0,0,0,0.10020294785499573,0.10978835821151733,0,0,0,0,0.38572168350219727,0.1727890521287918,0.32921522855758667,0.27464359998703003,0,0.156600683927536,0.10402942448854446,0,0,0,0.3767278492450714,0.6151211261749268,0,0,0,0,0.3012213408946991,0,0,0,0,0,0,0,0,0.4398629367351532,0.5814656615257263,0,0.13281124830245972,0,0,0,0,0,0,0.9003655314445496,0.9368817806243896,0,0.14308564364910126,0.3828836977481842,0.5063642263412476,0,0
Pain,0,0,0,0,0,0,0,0,0,0.37629109621047974,0.2268892079591751,0.33867624402046204,0.2928431034088135,0,0.13822095096111298,0,0,0,0,0.3704000413417816,0.6305258274078369,0,0,0,0,0.308058500289917,0,0,0,0,0,0,0,0,0.43711939454078674,0.5884207487106323,0,0.12152288109064102,0,0,0,0,0,0,0.8885250687599182,0.9328345060348511,0,0.1825840026140213,0.4401271343231201,0.5737525224685669,0,0
Pain,0,0,0,0,0,0,0,0,0,0.43401819467544556,0.23214833438396454,0.3489159345626831,0.29133081436157227,0,0.14664794504642487,0,0,0,0,0.3384096324443817,0.6226276159286499,0,0,0,0,0.32360315322875977,0,0,0,0,0,0,0,0,0.3802216351032257,0.505506157875061,0,0.15838363766670227,0,0,0,0,0,0,0.9025551080703735,0.9453615546226501,0,0.11856785416603088,0.36633414030075073,0.5395563840866089,0,0
Pain,0,0,0,0,0,0,0,0,0,0.356780081987381,0.1805044263601303,0.30260589718818665,0.26099276542663574,0,0.23685401678085327,0.17788636684417725,0,0,0,0.3721950948238373,0.5860315561294556,0,0,0,0,0.3027598559856415,0,0,0,0,0,0,0,0,0.44322580099105835,0.5769228935241699,0,0.11396066844463348,0,0,0,0,0,0,0.8966299295425415,0.9335479140281677,0,0.142811119556427,0.3930816650390625,0.5154904127120972,0,0
Pain,0,0,0,0.13969539105892181,0.10366986691951752,0,0,0,0,0.40314948558807373,0.19164714217185974,0.2844344973564148,0.23884513974189758,0,0.14214012026786804,0,0,0,0,0.4029857814311981,0.6243112087249756,0,0,0,0,0.30271562933921814,0,0,0,0,0,0,0,0,0.47014713287353516,0.6297556161880493,0,0.13423418998718262,0,0,0,0,0,0,0.9158478379249573,0.9364890456199646,0.11685914546251297,0.2431899905204773,0.5325617790222168,0.5903223156929016,0,0
Pain,0,0,0,0.10604417324066162,0.10411859303712845,0,0,0,0,0.40416133403778076,0.15616261959075928,0.2805403769016266,0.22164590656757355,0,0.1826622635126114,0.1394585222005844,0,0,0,0.3846076726913452,0.6249747276306152,0,0,0,0,0.2890625298023224,0,0,0,0,0,0,0,0,0.4915445148944855,0.6272509694099426,0,0.12318000942468643,0,0,0,0,0,0,0.8982930183410645,0.930635929107666,0,0.18378491699695587,0.5048308372497559,0.5879943370819092,0,0
Pain,0,0,0,0.11738710850477219,0,0,0,0,0,0.38041210174560547,0.17582069337368011,0.25716981291770935,0.21522223949432373,0,0.10877396911382675,0,0,0,0,0.4056476950645447,0.5962451696395874,0,0,0,0,0.2950877845287323,0,0,0,0,0,0,0,0,0.49537718296051025,0.6103250980377197,0,0.14626085758209229,0,0,0,0,0,0,0.9019438028335571,0.9345270991325378,0.11709044128656387,0.1888788491487503,0.45004352927207947,0.6265004873275757,0,0
Pain,0,0,0,0.12236259877681732,0.1199454665184021,0,0,0,0,0.4141593277454376,0.18285305798053741,0.27433469891548157,0.23597204685211182,0,0.12474720180034637,0,0,0,0,0.37607520818710327,0.6044471859931946,0,0,0,0,0.3243752419948578,0,0,0,0,0,0,0,0,0.43253013491630554,0.5730981826782227,0,0.15167400240898132,0,0,0,0,0,0,0.9117401242256165,0.9501254558563232,0.12379735708236694,0.18475030362606049,0.3288114368915558,0.5468192100524902,0,0
Pain,0,0,0,0.15740767121315002,0.12645991146564484,0,0,0,0,0.39430224895477295,0.1507769525051117,0.22234077751636505,0.16967150568962097,0,0.12427771091461182,0,0,0,0.10743646323680878,0.3503916263580322,0.6120016574859619,0,0,0,0,0.33206984400749207,0,0,0,0,0,0,0,0,0.4449615776538849,0.5661090612411499,0,0.14868591725826263,0,0,0,0,0,0,0.913899838924408,0.9472886323928833,0.1234624907374382,0.22141152620315552,0.3112145662307739,0.4690733253955841,0,0
Pain,0,0,0,0,0.10900802165269852,0,0,0,0,0.42535868287086487,0.21869689226150513,0.2856835424900055,0.22832413017749786,0,0.16007167100906372,0.1121157854795456,0,0,0,0.3409830629825592,0.6220475435256958,0,0,0,0,0.29927724599838257,0,0,0,0,0,0,0,0,0.48703649640083313,0.623117208480835,0,0.1498309075832367,0,0,0,0,0,0,0.9021437764167786,0.9469907283782959,0,0.14853763580322266,0.3714311122894287,0.5643056631088257,0,0
Pain,0,0,0,0,0,0,0,0,0,0.45756641030311584,0.23695187270641327,0.35884562134742737,0.30149394273757935,0.11258042603731155,0,0,0,0,0,0.33959442377090454,0.637832522392273,0,0,0,0,0.2821292281150818,0,0,0,0,0,0,0,0,0.4891557991504669,0.6231378316879272,0,0.1602902114391327,0,0,0,0,0,0,0.8901532888412476,0.94514000415802,0,0.13309049606323242,0.44106945395469666,0.6530611515045166,0,0
Pain,0,0,0,0,0,0,0,0,0,0.393412709236145,0.16730712354183197,0.33675554394721985,0.2646712064743042,0,0.21586889028549194,0.1612754464149475,0,0,0,0.35047319531440735,0.6256738901138306,0,0,0,0,0.2612682282924652,0,0,0,0,0,0,0,0,0.5371989607810974,0.6721419095993042,0,0.15039218962192535,0,0,0,0,0,0,0.8867851495742798,0.9391098618507385,0,0.11108963191509247,0.424207478761673,0.5890945792198181,0,0
Pain,0,0,0,0,0,0,0,0,0,0.40652158856391907,0.19005127251148224,0.3114812672138214,0.2499224990606308,0,0.18299274146556854,0.12765206396579742,0,0,0,0.36213916540145874,0.5900931358337402,0,0,0,0,0.3048381507396698,0,0,0,0,0,0,0,0,0.4674472510814667,0.6206549406051636,0,0.20122452080249786,0,0,0,0,0,0,0.9200536012649536,0.9514448046684265,0,0.10893166810274124,0.33488360047340393,0.4613337516784668,0,0
Pain,0,0,0,0.11364460736513138,0.10060474276542664,0,0,0,0,0.4273553788661957,0.18712490797042847,0.3672996163368225,0.3012695014476776,0,0.12724855542182922,0,0,0,0,0.34761959314346313,0.62809157371521,0,0,0,0,0.29688340425491333,0,0,0,0,0,0,0,0,0.4569670855998993,0.5813078880310059,0,0.15414440631866455,0,0,0,0,0,0,0.9065015316009521,0.9449986219406128,0,0.12338986247777939,0.4386698603630066,0.5733398199081421,0,0
Pain,0,0,0,0.11323817819356918,0.11799304187297821,0,0,0,0,0.39911019802093506,0.16800078749656677,0.2650153934955597,0.21478773653507233,0,0.17232470214366913,0.11402224749326706,0,0,0,0.37181785702705383,0.6149076223373413,0,0,0,0,0.28992241621017456,0,0,0,0,0,0,0,0,0.4882276952266693,0.6208049058914185,0,0.13040569424629211,0,0,0,0,0,0,0.9079335927963257,0.9446501731872559,0,0.15569667518138885,0.45336857438087463,0.5980314016342163,0,0
Pain,0,0,0,0.10778525471687317,0,0,0,0,0,0.381820946931839,0.1645999699831009,0.2856380045413971,0.22975079715251923,0,0.23335085809230804,0.17077484726905823,0,0,0,0.3675532639026642,0.6306636333465576,0,0,0,0,0.279407799243927,0,0,0,0,0,0,0,0,0.4534997045993805,0.59379643201828,0,0.10730388760566711,0,0,0,0,0,0,0.8782620429992676,0.9264547824859619,0,0.12946341931819916,0.42360103130340576,0.5563805103302002,0,0
Pain,0,0,0,0,0,0,0,0,0,0.33311712741851807,0.14232051372528076,0.2689010500907898,0.21582072973251343,0,0.19089385867118835,0.14245718717575073,0,0,0,0.3922615349292755,0.6361232399940491,0,0,0,0,0.26968228816986084,0,0,0,0,0,0,0,0,0.49340787529945374,0.6360584497451782,0,0.11793112009763718,0,0,0,0,0,0,0.887384831905365,0.929008424282074,0,0.17451871931552887,0.4507850110530853,0.5780370235443115,0,0
Pain,0,0,0,0,0,0,0,0,0,0.42293447256088257,0.18863891065120697,0.3229646384716034,0.24394315481185913,0,0.14942221343517303,0.10701966285705566,0,0,0,0.3612619638442993,0.6809977293014526,0,0,0,0,0.29191985726356506,0,0,0,0,0,0,0,0,0.4223279058933258,0.5795286893844604,0,0.11514347046613693,0,0,0,0,0,0,0.8865815997123718,0.9261053204536438,0,0.14485837519168854,0.4704016447067261,0.5922862887382507,0,0
Pain,0,0,0,0,0.11734455078840256,0,0,0,0,0.3765745759010315,0.15609540045261383,0.25415387749671936,0.19504830241203308,0,0.17522916197776794,0.12351738661527634,0,0,0,0.3653485178947449,0.6061681509017944,0,0,0,0,0.29220885038375854,0,0,0,0,0,0,0,0,0.4762074053287506,0.6217226982116699,0,0.12696000933647156,0,0,0,0,0,0,0.8983080387115479,0.935638964176178,0,0.16024984419345856,0.43834781646728516,0.5662240982055664,0,0
Pain,0,0,0,0,0.1048368290066719,0,0,0,0,0.3836945593357086,0.17762337625026703,0.27201640605926514,0.23161937296390533,0,0.1372620165348053,0,0,0,0,0.40135064721107483,0.6046016812324524,0,0,0,0,0.31052684783935547,0,0,0,0,0,0,0,0,0.5151313543319702,0.6593785285949707,0,0.142981618642807,0,0,0,0,0,0,0.912189781665802,0.9457240700721741,0,0.18573711812496185,0.3509053587913513,0.5091245174407959,0,0
Pain,0,0,0,0,0,0,0,0,0,0.3613773286342621,0.15446996688842773,0.2425716370344162,0.2199060469865799,0,0.14204293489456177,0,0,0,0,0.44568878412246704,0.567129373550415,0,0,0,0,0.3165993094444275,0,0,0,0,0,0,0,0,0.4733593165874481,0.6318098306655884,0,0.12959252297878265,0,0,0,0,0,0,0.9183009266853333,0.9408842921257019,0,0.19699408113956451,0.4401914179325104,0.5388914346694946,0,0
Pain,0,0,0,0.1700945943593979,0.12719617784023285,0,0,0,0,0.3887213468551636,0.1902971863746643,0.2657671272754669,0.22613658010959625,0,0.1550699770450592,0.10213933140039444,0,0,0,0.38732296228408813,0.6482929587364197,0,0,0,0,0.31176456809043884,0,0,0,0,0,0,0,0,0.4675201177597046,0.6057586073875427,0,0.14263516664505005,0,0,0,0,0,0,0.9026401042938232,0.9403420090675354,0,0.1463511437177658,0.406451940536499,0.566392183303833,0,0
Pain,0,0,0,0.11807921528816223,0.1257978230714798,0,0,0,0,0.36066341400146484,0.18010260164737701,0.23787645995616913,0.1955779790878296,0,0.18321913480758667,0.12480557709932327,0,0,0,0.3941516876220703,0.6164427995681763,0,0,0,0,0.3333851993083954,0,0,0,0,0,0,0,0,0.3483054041862488,0.5277724266052246,0,0.11699587851762772,0,0,0,0,0,0,0.903859555721283,0.9354894161224365,0,0.14787539839744568,0.3964536488056183,0.4700167775154114,0,0
Pain,0,0,0,0,0.10899199545383453,0,0,0,0,0.3476503789424896,0.16105321049690247,0.2825659215450287,0.24099786579608917,0,0.1716897338628769,0.12253440916538239,0,0,0,0.3833184242248535,0.6246588230133057,0,0,0,0,0.27237430214881897,0,0,0,0,0,0,0,0,0.46775367856025696,0.6394350528717041,0,0.10751239955425262,0,0,0,0,0,0,0.8955416083335876,0.9262781143188477,0,0.14541013538837433,0.49224135279655457,0.5770272016525269,0,0
Pain,0,0,0,0,0.11924427002668381,0,0,0,0,0.4723450541496277,0.2488238364458084,0.30013400316238403,0.2453773468732834,0,0.20030081272125244,0.13856124877929688,0,0,0,0.42628568410873413,0.6383483409881592,0,0,0,0,0.22807204723358154,0,0,0,0,0,0,0,0,0.6092441082000732,0.7557544708251953,0,0.10791873186826706,0,0,0,0,0,0,0.8984232544898987,0.9364469051361084,0.10393432527780533,0.17726300656795502,0.5659803748130798,0.7311040163040161,0,0
Pain,0,0,0,0.16736595332622528,0.15879757702350616,0,0,0,0,0.41521385312080383,0.18537704646587372,0.2922925055027008,0.24085095524787903,0,0.163156658411026,0.11403945088386536,0,0,0,0.44374290108680725,0.629158079624176,0,0,0,0,0.2997598946094513,0,0,0,0,0,0,0,0,0.5312143564224243,0.7043160796165466,0,0.11807887256145477,0,0,0,0,0,0,0.8993380069732666,0.922491192817688,0.1380874663591385,0.2943500280380249,0.49564623832702637,0.6103392839431763,0,0
Pain,0,0,0,0,0.1373281627893448,0,0,0,0,0.4134194552898407,0.17929328978061676,0.31367307901382446,0.26003721356391907,0,0.17839349806308746,0.12027692794799805,0,0,0,0.3821726143360138,0.5896117687225342,0,0,0,0,0.27838563919067383,0,0,0,0,0,0,0,0,0.532420814037323,0.6853756904602051,0,0.1429952085018158,0,0,0,0,0,0,0.8998913168907166,0.9389699697494507,0,0.19801896810531616,0.49174419045448303,0.6595327854156494,0,0
Pain,0,0,0,0,0.12114515155553818,0,0,0,0,0.4174896478652954,0.21248748898506165,0.32058244943618774,0.24938634037971497,0,0.20173881947994232,0.13953937590122223,0,0,0,0.34955888986587524,0.6262520551681519,0,0,0,0,0.27329307794570923,0,0,0,0,0,0,0,0,0.5135053396224976,0.6564017534255981,0,0.15307138860225677,0,0,0,0,0,0,0.88726806640625,0.9397594928741455,0,0.156606525182724,0.4526576101779938,0.638925313949585,0,0
Pain,0,0,0,0,0,0,0,0,0,0.39857956767082214,0.20105791091918945,0.31230857968330383,0.24759988486766815,0,0.21850955486297607,0.15872858464717865,0,0,0,0.3591258227825165,0.6591251492500305,0,0,0,0,0.274126797914505,0,0,0,0,0,0,0,0,0.5361071228981018,0.6738647222518921,0,0.13742268085479736,0,0,0,0,0,0,0.8898537755012512,0.9378393292427063,0,0.1619252860546112,0.3634317219257355,0.5223339796066284,0,0
Pain,0,0,0,0,0,0,0,0,0,0.4145049452781677,0.2154538780450821,0.2952406108379364,0.25028195977211,0,0.16290341317653656,0.11359459161758423,0,0,0,0.3771485388278961,0.6413320302963257,0,0,0,0,0.30344581604003906,0,0,0,0,0,0,0,0,0.5090047121047974,0.630207896232605,0,0.1531984657049179,0,0,0,0,0,0,0.909426748752594,0.9530729651451111,0,0.2007257640361786,0.3241475522518158,0.5279563665390015,0,0
Pain,0,0,0,0,0,0,0,0,0,0.4399031698703766,0.26985597610473633,0.3667721450328827,0.33198246359825134,0,0.12029444426298141,0,0,0,0,0.42109426856040955,0.5961624979972839,0,0,0,0,0.27585744857788086,0,0,0,0,0,0,0,0,0.5272698402404785,0.6753296852111816,0,0.15557226538658142,0,0,0,0,0,0,0.8985980749130249,0.9497843384742737,0,0.15106356143951416,0.4628157317638397,0.6816873550415039,0,0
Pain,0,0,0,0.10119491070508957,0.12054558098316193,0,0,0,0,0.4276055097579956,0.20703692734241486,0.3563960790634155,0.3058357536792755,0,0.11989012360572815,0,0,0,0,0.38827675580978394,0.5759350061416626,0,0,0,0,0.27627694606781006,0,0,0,0,0,0,0,0,0.5842711925506592,0.7101044058799744,0,0.14315876364707947,0,0,0,0,0,0,0.9136189818382263,0.9513121843338013,0,0.1621546894311905,0.4290214776992798,0.5986419916152954,0,0
Pain,0,0,0,0.12086523324251175,0.14141321182250977,0,0,0,0,0.4199315011501312,0.1999792456626892,0.3670377731323242,0.301872193813324,0.10238982737064362,0.10622996091842651,0,0,0,0,0.3525297939777374,0.6223288774490356,0,0,0,0,0.29513105750083923,0,0,0,0,0,0,0,0,0.5296477675437927,0.6653726696968079,0,0.14085066318511963,0,0,0,0,0,0,0.8987122178077698,0.9459022283554077,0,0.15650632977485657,0.3989241421222687,0.6116397380828857,0,0
Pain,0,0,0,0.10802431404590607,0.11852946877479553,0,0,0,0,0.3444671928882599,0.14254674315452576,0.2832125723361969,0.2351960390806198,0,0.1585346907377243,0.10996828228235245,0,0,0,0.37984687089920044,0.5933005213737488,0,0,0,0,0.28763139247894287,0,0,0,0,0,0,0,0,0.5550569295883179,0.6811822652816772,0,0.13798095285892487,0,0,0,0,0,0,0.9090238809585571,0.9409670233726501,0,0.18978549540042877,0.414498507976532,0.5679420232772827,0,0
Pain,0,0,0,0.15724189579486847,0.1671028882265091,0,0,0,0,0.3746432363986969,0.15324735641479492,0.32067182660102844,0.2690836191177368,0,0.16059806942939758,0.11572880297899246,0,0,0,0.4020429849624634,0.5777097940444946,0,0,0,0,0.27414411306381226,0,0,0,0,0,0,0,0,0.5839673280715942,0.7069708704948425,0,0,0,0,0,0,0,0,0.8794934749603271,0.9131864309310913,0,0.23114432394504547,0.4673859179019928,0.6067072153091431,0,0
Pain,0,0,0,0,0.1388346254825592,0,0,0,0,0.38690540194511414,0.2121574431657791,0.3131262958049774,0.2556135952472687,0,0.18106181919574738,0.12600848078727722,0,0,0,0.3574902415275574,0.6131578683853149,0,0,0,0,0.2829831838607788,0,0,0,0,0,0,0,0,0.49754470586776733,0.6451386213302612,0,0.1002751812338829,0,0,0,0,0,0,0.8875795006752014,0.9332919120788574,0,0.2095615118741989,0.47157904505729675,0.629949688911438,0,0
Pain,0,0,0,0,0.1381804645061493,0,0,0,0,0.3992358148097992,0.1977243721485138,0.35843712091445923,0.2933535575866699,0,0.32338452339172363,0.25951051712036133,0,0,0,0.32844623923301697,0.5859429836273193,0,0,0,0,0.2526434361934662,0,0,0,0,0,0,0,0,0.5349631309509277,0.678525984287262,0,0.10164967179298401,0,0,0,0,0,0,0.8799991011619568,0.9286438226699829,0,0.18129654228687286,0.4415716826915741,0.5979324579238892,0,0
Pain,0,0,0,0,0.10358423739671707,0,0,0,0,0.4309469759464264,0.21504393219947815,0.29881155490875244,0.24305567145347595,0,0.18295609951019287,0.11557396501302719,0,0,0,0.36916446685791016,0.5916358828544617,0,0,0,0,0.25322070717811584,0,0,0,0,0,0,0,0,0.5563150644302368,0.7163498401641846,0,0.14495886862277985,0,0,0,0,0,0,0.913843035697937,0.9489434957504272,0,0.15514534711837769,0.49938321113586426,0.6661948561668396,0,0
Pain,0,0,0,0,0.10632362961769104,0,0,0,0,0.3604632318019867,0.1392543613910675,0.23835811018943787,0.18751117587089539,0,0.22184474766254425,0.15686577558517456,0,0,0,0.3878757655620575,0.6162885427474976,0,0,0,0,0.2729962170124054,0,0,0,0,0,0,0,0,0.581314206123352,0.7288556098937988,0,0.13350722193717957,0,0,0,0,0,0,0.9147025346755981,0.9430766105651855,0.10027989000082016,0.18598879873752594,0.48975443840026855,0.6120225191116333,0,0
Pain,0,0,0,0,0,0,0,0,0,0.36152976751327515,0.14275537431240082,0.25579968094825745,0.20188316702842712,0,0.26779603958129883,0.20170481503009796,0,0,0,0.3676300346851349,0.6136296987533569,0,0,0,0,0.280325710773468,0,0,0,0,0,0,0,0,0.5699019432067871,0.6862338781356812,0,0.12328538298606873,0,0,0,0,0,0,0.9127997756004333,0.9437204599380493,0,0.17318905889987946,0.41258078813552856,0.5531640648841858,0,0
Pain,0,0,0,0.10872527211904526,0.16606934368610382,0,0,0,0,0.41374942660331726,0.19834695756435394,0.3280569016933441,0.27243074774742126,0,0.2011481523513794,0.13350792229175568,0,0,0,0.37393513321876526,0.5906796455383301,0,0,0,0,0.2787892520427704,0,0,0,0,0,0,0,0,0.529259979724884,0.696651816368103,0,0.15995649993419647,0,0,0,0,0,0,0.9246716499328613,0.952951967716217,0,0.1319720298051834,0.424884557723999,0.5789965987205505,0,0
Pain,0,0,0,0,0,0,0,0,0,0.4089743196964264,0.19936618208885193,0.33417606353759766,0.30077821016311646,0,0.14278408885002136,0,0,0,0,0.40579164028167725,0.5839794874191284,0,0,0,0,0.2892192304134369,0,0,0,0,0,0,0,0,0.519275426864624,0.6591521501541138,0,0.13555015623569489,0,0,0,0,0,0,0.9122095704078674,0.9471489787101746,0,0.15978245437145233,0.42799854278564453,0.5753015279769897,0,0
Pain,0,0,0,0.1689424216747284,0.2238950878381729,0.10425755381584167,0,0,0,0.3956126272678375,0.1764458268880844,0.3222676217556,0.28395989537239075,0,0.16195473074913025,0.11306463181972504,0,0,0,0.41714873909950256,0.6252396106719971,0,0,0,0,0.30627426505088806,0,0,0,0,0,0,0,0,0.4797738790512085,0.5985499620437622,0,0.11260676383972168,0,0,0,0,0,0,0.8867053389549255,0.9300404787063599,0.12512975931167603,0.23630142211914062,0.455658495426178,0.6413825750350952,0,0
Pain,0,0,0,0,0.13950276374816895,0,0,0,0,0.4478655159473419,0.21073535084724426,0.35978180170059204,0.3047102987766266,0,0.10673927515745163,0,0,0,0,0.391217976808548,0.6201763153076172,0,0,0,0,0.2663511037826538,0,0,0,0,0,0,0,0,0.5336488485336304,0.6688807010650635,0,0.12510783970355988,0,0,0,0,0,0,0.88385009765625,0.9312384128570557,0,0.16908717155456543,0.5164126753807068,0.7043890953063965,0,0
Pain,0,0,0,0,0.11242293566465378,0,0,0,0,0.4219910800457001,0.21012718975543976,0.3150297701358795,0.26563769578933716,0,0.177995964884758,0.11778756976127625,0,0,0,0.3841225504875183,0.581997275352478,0,0,0,0,0.27750417590141296,0,0,0,0,0,0,0,0,0.5010048151016235,0.6586427688598633,0,0.13862285017967224,0,0,0,0,0,0,0.9055910110473633,0.9462788105010986,0,0.15059883892536163,0.4320983588695526,0.6370847225189209,0,0
Pain,0,0,0,0.11161686480045319,0.15992574393749237,0,0,0,0,0.46959608793258667,0.21091970801353455,0.3093520700931549,0.22853727638721466,0,0.26324498653411865,0.15008802711963654,0,0,0,0.33701270818710327,0.5962342023849487,0,0,0,0,0.31056132912635803,0,0,0,0,0,0,0,0,0.46142345666885376,0.6161069273948669,0,0.20526187121868134,0,0,0,0,0,0,0.9292535781860352,0.9608786106109619,0,0.1384831815958023,0.34484750032424927,0.5197571516036987,0,0
Pain,0,0,0,0,0.10726354271173477,0,0,0,0,0.4099700152873993,0.17442791163921356,0.2980041801929474,0.24670758843421936,0,0.21197214722633362,0.149578258395195,0,0,0,0.37820613384246826,0.5979759693145752,0,0,0,0,0.2932719588279724,0,0,0,0,0,0,0,0,0.5019183158874512,0.6481999158859253,0,0.13355974853038788,0,0,0,0,0,0,0.9114620685577393,0.942244291305542,0,0.1633676439523697,0.4389919936656952,0.5922544598579407,0,0
Pain,0,0,0,0,0.10982874035835266,0,0,0,0,0.4064081907272339,0.20442019402980804,0.3237830698490143,0.2739589512348175,0,0.20052602887153625,0.13492995500564575,0,0,0,0.3749772310256958,0.6077885627746582,0,0,0,0,0.2613976001739502,0,0,0,0,0,0,0,0,0.5659804940223694,0.6961241364479065,0,0.14345461130142212,0,0,0,0,0,0,0.8997688293457031,0.946633517742157,0,0.1507766842842102,0.4603903889656067,0.6560871601104736,0,0
Pain,0,0,0,0,0.10090354084968567,0,0,0,0,0.40008512139320374,0.1805044263601303,0.3169572055339813,0.2722647488117218,0,0.2145247608423233,0.14991630613803864,0,0,0,0.3944315016269684,0.59922194480896,0,0,0,0,0.2555176019668579,0,0,0,0,0,0,0,0,0.5951499342918396,0.7203621864318848,0,0.1430557370185852,0,0,0,0,0,0,0.9074458479881287,0.9462893009185791,0,0.15977652370929718,0.4697474539279938,0.6358495950698853,0,0
Pain,0,0,0,0,0.11659348011016846,0,0,0,0,0.36865076422691345,0.1743636429309845,0.2728516459465027,0.22033138573169708,0,0.19162853062152863,0.13683927059173584,0,0,0,0.4069901704788208,0.6786103248596191,0,0,0,0,0.273958295583725,0,0,0,0,0,0,0,0,0.530132532119751,0.6738345623016357,0,0.11242073774337769,0,0,0,0,0,0,0.8828119039535522,0.9298191666603088,0,0.17555201053619385,0.4275378882884979,0.5816419124603271,0,0
Pain,0,0,0,0.10553022474050522,0.12216387689113617,0,0,0,0,0.42185211181640625,0.1656472086906433,0.3119376301765442,0.24334341287612915,0,0.18933971226215363,0.13488563895225525,0,0,0,0.3469458818435669,0.6559573411941528,0,0,0,0,0.31387364864349365,0,0,0,0,0,0,0,0,0.44190314412117004,0.5973387956619263,0,0.1381956785917282,0,0,0,0,0,0,0.9098486304283142,0.9442752003669739,0,0.16336503624916077,0.3915143609046936,0.5369387865066528,0,0
Pain,0,0,0,0.11499883234500885,0.1364714503288269,0,0,0,0,0.4429408013820648,0.20548981428146362,0.3038977384567261,0.24168215692043304,0.11863933503627777,0,0,0,0,0,0.3904855251312256,0.6245249509811401,0,0,0,0,0.3240524232387543,0,0,0,0,0,0,0,0,0.4576057493686676,0.6036445498466492,0,0.12146709114313126,0,0,0,0,0,0,0.9180903434753418,0.9499930739402771,0.11379267275333405,0.22452561557292938,0.3631472885608673,0.524810254573822,0,0
Pain,0,0,0,0.13071681559085846,0.12663701176643372,0,0,0,0,0.4319479167461395,0.18165208399295807,0.363399475812912,0.29459622502326965,0.12199459224939346,0,0,0,0,0,0.34401512145996094,0.5905949473381042,0,0,0,0,0.33501964807510376,0,0,0,0,0,0,0,0,0.4619990587234497,0.6043158769607544,0,0.15436863899230957,0,0,0,0,0,0,0.9150252938270569,0.9515076279640198,0,0.16214148700237274,0.3028659224510193,0.44546058773994446,0,0
Pain,0,0,0,0.1140485554933548,0.10885129868984222,0,0,0,0,0.41443344950675964,0.1712706834077835,0.35211414098739624,0.29161056876182556,0.10990258306264877,0.10032336413860321,0,0,0,0,0.35075587034225464,0.6117185950279236,0,0,0,0,0.3001103699207306,0,0,0,0,0,0,0,0,0.47847843170166016,0.6125063896179199,0,0.12851978838443756,0,0,0,0,0,0,0.8954429626464844,0.937425434589386,0,0.16397970914840698,0.44027432799339294,0.5934945344924927,0,0
Pain,0,0,0,0.11449170112609863,0,0,0,0,0,0.4374563992023468,0.25122007727622986,0.35296404361724854,0.3060607612133026,0.11522869765758514,0,0,0,0,0,0.3599335253238678,0.64644455909729,0,0,0,0,0.3243224024772644,0,0,0,0,0,0,0,0,0.4128863215446472,0.5659502744674683,0,0.16677510738372803,0,0,0,0,0,0,0.9178838729858398,0.9529623985290527,0,0.1418471783399582,0.40902334451675415,0.567489743232727,0,0
Pain,0,0,0,0,0,0,0,0,0,0.4090007543563843,0.20366698503494263,0.33337268233299255,0.28696805238723755,0,0.1673700511455536,0.11446750164031982,0,0,0,0.389777272939682,0.6543850898742676,0,0,0,0,0.2844217121601105,0,0,0,0,0,0,0,0,0.4866584539413452,0.6366345286369324,0,0.14168380200862885,0,0,0,0,0,0,0.9078587293624878,0.9477459192276001,0,0.1591251939535141,0.4617466330528259,0.6398625373840332,0,0
Pain,0,0,0,0,0,0,0,0,0,0.3768501877784729,0.18047305941581726,0.2556700110435486,0.2120027393102646,0,0.21896760165691376,0.15599209070205688,0,0,0,0.40957432985305786,0.6492959260940552,0,0,0,0,0.24624325335025787,0,0,0,0,0,0,0,0,0.6032309532165527,0.7474524974822998,0,0.14470387995243073,0,0,0,0,0,0,0.910673201084137,0.9447020292282104,0.11634724587202072,0.24118900299072266,0.490111768245697,0.6568822860717773,0,0
Pain,0,0,0,0,0,0,0,0,0,0.35658425092697144,0.16192634403705597,0.28099325299263,0.22953632473945618,0,0.26084965467453003,0.19984978437423706,0,0,0,0.4092663526535034,0.6215876936912537,0,0,0,0,0.2373330146074295,0,0,0,0,0,0,0,0,0.6251990795135498,0.7638359665870667,0,0.1295987367630005,0,0,0,0,0,0,0.9019688963890076,0.9391900300979614,0,0.1985832154750824,0.5031917095184326,0.6351619362831116,0,0
Pain,0,0.10471703112125397,0,0,0,0,0,0,0,0.35447707772254944,0.1659415364265442,0.30564799904823303,0.24482502043247223,0,0.36824002861976624,0.28738656640052795,0,0,0,0.3496582508087158,0.6428249478340149,0,0,0,0,0.2709670960903168,0,0,0,0,0,0,0,0,0.5279468297958374,0.6854479908943176,0,0.16572993993759155,0,0,0,0,0,0,0.9112231731414795,0.9537510871887207,0,0.158497616648674,0.37581318616867065,0.5888117551803589,0,0
Pain,0,0.13016265630722046,0,0,0,0,0,0,0,0.4170893430709839,0.19535155594348907,0.3642761707305908,0.25064918398857117,0,0.3644181191921234,0.22243556380271912,0,0,0,0.33214542269706726,0.6632226705551147,0,0,0,0,0.2642305791378021,0,0,0,0,0,0,0,0,0.5144096612930298,0.6598786115646362,0,0.14420974254608154,0,0,0,0,0,0,0.9016513824462891,0.9482364654541016,0,0.14447163045406342,0.4398360848426819,0.6374140977859497,0,0
Pain,0,0.11256728321313858,0.11999747157096863,0,0,0,0,0,0,0.3965305984020233,0.19728505611419678,0.3527359962463379,0.294136643409729,0,0.2865952253341675,0.22042040526866913,0,0,0,0.3535866141319275,0.6595357656478882,0,0,0,0,0.2790970504283905,0,0,0,0,0,0,0,0,0.4337061941623688,0.5885744094848633,0,0.14213848114013672,0,0,0,0,0,0,0.8899248838424683,0.9378609657287598,0,0.13147693872451782,0.4507538676261902,0.6349748969078064,0,0
Pain,0,0,0,0,0,0,0,0,0,0.4039641320705414,0.2160540372133255,0.3620888292789459,0.3062626123428345,0,0.14010824263095856,0,0,0,0,0.40733376145362854,0.6546992063522339,0,0,0,0,0.280511736869812,0,0,0,0,0,0,0,0,0.46000513434410095,0.6024048924446106,0,0.14592568576335907,0,0,0,0,0,0,0.8956170678138733,0.9397580027580261,0,0.1470375806093216,0.48587819933891296,0.6541208028793335,0,0
Pain,0,0,0,0.10866914689540863,0.12993690371513367,0,0,0,0,0.3925827443599701,0.15563565492630005,0.2575126588344574,0.21110126376152039,0,0.16331446170806885,0.11152537912130356,0,0,0,0.42210736870765686,0.6139521598815918,0,0,0,0,0.272038072347641,0,0,0,0,0,0,0,0,0.5675500631332397,0.7069763541221619,0,0.10941628366708755,0,0,0,0,0,0,0.8906484842300415,0.9137523174285889,0.12342408299446106,0.23068830370903015,0.5112216472625732,0.6049473285675049,0,0
Pain,0,0,0,0.10970805585384369,0.10310699045658112,0,0,0,0,0.38623279333114624,0.1439184546470642,0.3105217218399048,0.24937468767166138,0,0.14149154722690582,0,0,0,0,0.372651070356369,0.6722453832626343,0,0,0,0,0.24924087524414062,0,0,0,0,0,0,0,0,0.5929018259048462,0.7410935759544373,0,0.11988206207752228,0,0,0,0,0,0,0.8856581449508667,0.9300690293312073,0,0.27121487259864807,0.512047290802002,0.6755779981613159,0,0
Pain,0,0,0,0.14469975233078003,0.10410549491643906,0,0,0,0,0.38837751746177673,0.1384890228509903,0.3092888295650482,0.25782912969589233,0,0.11523901671171188,0,0,0,0,0.3895415663719177,0.6067407727241516,0,0,0,0,0.30747291445732117,0,0,0,0,0,0,0,0,0.4838244616985321,0.61488938331604,0,0.16229462623596191,0,0,0,0,0,0,0.9122923612594604,0.9414861798286438,0,0.17961466312408447,0.35368770360946655,0.5155161619186401,0,0
Pain,0,0,0,0,0,0,0,0,0,0.35104843974113464,0.13357426226139069,0.30464714765548706,0.2464558184146881,0,0.18547171354293823,0.13615193963050842,0,0,0,0.38909128308296204,0.6105164289474487,0,0,0,0,0.2654862701892853,0,0,0,0,0,0,0,0,0.5525471568107605,0.67449951171875,0,0.14341169595718384,0,0,0,0,0,0,0.9008113145828247,0.9387394785881042,0,0.16699351370334625,0.43949687480926514,0.5927109122276306,0,0
Pain,0,0,0,0,0,0,0,0,0,0.32773831486701965,0.14266285300254822,0.2922757863998413,0.24118247628211975,0,0.20981186628341675,0.15140630304813385,0,0,0,0.3877086639404297,0.6172312498092651,0,0,0,0,0.2587776184082031,0,0,0,0,0,0,0,0,0.5941161513328552,0.7227115631103516,0,0.13974229991436005,0,0,0,0,0,0,0.9003357291221619,0.9389023184776306,0,0.1778029203414917,0.46459367871284485,0.6106295585632324,0,0
Pain,0,0,0,0,0,0,0,0,0,0.36324343085289,0.1381535828113556,0.29675260186195374,0.24295751750469208,0,0.19206252694129944,0.1344425231218338,0,0,0,0.38291385769844055,0.606414794921875,0,0,0,0,0.27111250162124634,0,0,0,0,0,0,0,0,0.5683813691139221,0.6875766515731812,0,0.134938046336174,0,0,0,0,0,0,0.8992959856987,0.9391719698905945,0,0.1477033942937851,0.42907795310020447,0.5727149248123169,0,0
Pain,0,0,0,0,0,0,0,0,0,0.3789634704589844,0.14736336469650269,0.3134891986846924,0.25868070125579834,0,0.17146943509578705,0.12024907767772675,0,0,0,0.3812595307826996,0.61492919921875,0,0,0,0,0.25784775614738464,0,0,0,0,0,0,0,0,0.5786354541778564,0.695062518119812,0,0.13497039675712585,0,0,0,0,0,0,0.8956974148750305,0.9364790916442871,0,0.16417808830738068,0.4727323651313782,0.6411545872688293,0,0
Pain,0,0,0,0,0,0,0,0,0,0.3604745864868164,0.1686629205942154,0.34094366431236267,0.2833232283592224,0,0.17623896896839142,0.12837088108062744,0,0,0,0.3680768311023712,0.6521710157394409,0,0,0,0,0.26338276267051697,0,0,0,0,0,0,0,0,0.5322848558425903,0.6604225635528564,0,0.14435046911239624,0,0,0,0,0,0,0.8880957365036011,0.9353030323982239,0,0.14785078167915344,0.44540736079216003,0.6156522035598755,0,0
Pain,0,0,0,0,0,0,0,0,0,0.3273155689239502,0.14192931354045868,0.2914745509624481,0.2348211109638214,0,0.18311694264411926,0.13414327800273895,0,0,0,0.3808968663215637,0.6208502054214478,0,0,0,0,0.300991028547287,0,0,0,0,0,0,0,0,0.47511136531829834,0.616034984588623,0,0.13550618290901184,0,0,0,0,0,0,0.9074158072471619,0.9396545886993408,0,0.16951732337474823,0.41324859857559204,0.532643735408783,0,0
Pain,0,0,0,0,0.10507631301879883,0,0,0,0,0.34387141466140747,0.12225838005542755,0.27601879835128784,0.21808907389640808,0,0.2508683502674103,0.19489844143390656,0,0,0,0.3974260091781616,0.6390029191970825,0,0,0,0,0.315712034702301,0,0,0,0,0,0,0,0,0.4305148422718048,0.5656574964523315,0,0.10208633542060852,0,0,0,0,0,0,0.8986979126930237,0.9313348531723022,0,0.17406171560287476,0.36360737681388855,0.48429015278816223,0,0
Pain,0,0,0,0,0.11480024456977844,0,0,0,0,0.3529891073703766,0.13288265466690063,0.27717718482017517,0.22880275547504425,0,0.22635899484157562,0.16758085787296295,0,0,0,0.4346676766872406,0.6018110513687134,0,0,0,0,0.2785000205039978,0,0,0,0,0,0,0,0,0.5129679441452026,0.6449187994003296,0,0.11113899201154709,0,0,0,0,0,0,0.9029266834259033,0.9333949685096741,0,0.15527305006980896,0.425239235162735,0.551215410232544,0,0
Pain,0,0,0,0,0,0,0,0,0,0.3457619547843933,0.14305563271045685,0.31237441301345825,0.2515876591205597,0,0.20435045659542084,0.15571214258670807,0,0,0,0.40548959374427795,0.6368333101272583,0,0,0,0,0.25027817487716675,0,0,0,0,0,0,0,0,0.5405932664871216,0.6695231199264526,0,0.12127924710512161,0,0,0,0,0,0,0.8840698003768921,0.932780921459198,0,0.13489151000976562,0.4873966872692108,0.6560388803482056,0,0
Pain,0,0,0,0,0,0,0,0,0,0.35053858160972595,0.13932225108146667,0.3135926425457001,0.2469477504491806,0,0.17019957304000854,0.12440629303455353,0,0,0,0.3790673613548279,0.6426067352294922,0,0,0,0,0.26761022210121155,0,0,0,0,0,0,0,0,0.5312870740890503,0.665856659412384,0,0.13346999883651733,0,0,0,0,0,0,0.8952894806861877,0.9370340704917908,0,0.15029732882976532,0.4553469121456146,0.6043596267700195,0,0
Pain,0,0,0,0,0,0,0,0,0,0.32135820388793945,0.11875985562801361,0.30290019512176514,0.24916429817676544,0,0.1601509153842926,0.11710947751998901,0,0,0,0.3969484567642212,0.6106668710708618,0,0,0,0,0.2569313943386078,0,0,0,0,0,0,0,0,0.5730485320091248,0.702285647392273,0,0.13680286705493927,0,0,0,0,0,0,0.9075371026992798,0.9396800398826599,0,0.1644027978181839,0.5025075674057007,0.6390259265899658,0,0
Pain,0,0,0,0,0,0,0,0,0,0.32684579491615295,0.13110153377056122,0.3147273659706116,0.26128333806991577,0,0.15396228432655334,0.1119333803653717,0,0,0,0.3887064456939697,0.6203703880310059,0,0,0,0,0.24755142629146576,0,0,0,0,0,0,0,0,0.6153573989868164,0.7347700595855713,0,0.1292937994003296,0,0,0,0,0,0,0.9045607447624207,0.9385803937911987,0,0.17468568682670593,0.49396950006484985,0.6513482928276062,0,0
Pain,0,0,0,0,0,0,0,0,0,0.36143577098846436,0.16311359405517578,0.32743382453918457,0.26964375376701355,0,0.13420924544334412,0,0,0,0,0.38853368163108826,0.6661667823791504,0,0,0,0,0.26949208974838257,0,0,0,0,0,0,0,0,0.5371063947677612,0.668059229850769,0,0.1452295333147049,0,0,0,0,0,0,0.8991002440452576,0.9418022632598877,0,0.14088965952396393,0.44784289598464966,0.6179908514022827,0,0
Pain,0,0,0,0,0,0,0,0,0,0.3637155592441559,0.164773628115654,0.28692910075187683,0.2340838760137558,0,0.1477201133966446,0.10206735134124756,0,0,0,0.4109460413455963,0.6570923328399658,0,0,0,0,0.2675417363643646,0,0,0,0,0,0,0,0,0.544439435005188,0.6711578369140625,0,0.12932971119880676,0,0,0,0,0,0,0.8979940414428711,0.938904881477356,0,0.151419997215271,0.46446526050567627,0.6371830105781555,0,0
Pain,0,0,0,0,0,0,0,0,0,0.3529772460460663,0.13192906975746155,0.2962853014469147,0.23776879906654358,0,0.1778334379196167,0.12758725881576538,0,0,0,0.3989998400211334,0.6331023573875427,0,0,0,0,0.27319127321243286,0,0,0,0,0,0,0,0,0.5410637855529785,0.6652421951293945,0,0.12690883874893188,0,0,0,0,0,0,0.8949173092842102,0.9390740394592285,0,0.1563795506954193,0.42633599042892456,0.6103475093841553,0,0
Pain,0,0,0,0,0.1409931778907776,0,0,0,0,0.4051993489265442,0.18550324440002441,0.3351817727088928,0.289022296667099,0,0.18349173665046692,0.131045401096344,0,0,0,0.4275456666946411,0.5953665971755981,0,0,0,0,0.3090072572231293,0,0,0,0,0,0,0,0,0.4585566818714142,0.6079294681549072,0,0.1265382468700409,0,0,0,0,0,0,0.8969051837921143,0.9385842084884644,0,0.17061759531497955,0.3727959990501404,0.5468651056289673,0,0
Pain,0,0,0,0,0.1282414346933365,0,0,0,0,0.3433290421962738,0.12532369792461395,0.24298211932182312,0.19051621854305267,0,0.23322808742523193,0.17417751252651215,0,0,0,0.3996886909008026,0.609569787979126,0,0,0,0,0.2847882807254791,0,0,0,0,0,0,0,0,0.5150415897369385,0.6667213439941406,0,0.11298918724060059,0,0,0,0,0,0,0.8944988250732422,0.931372880935669,0,0.18680323660373688,0.3907560408115387,0.5220880508422852,0,0
Pain,0,0,0,0,0,0,0,0,0,0.3438975512981415,0.18067480623722076,0.3096279203891754,0.258497416973114,0,0.23062632977962494,0.1690339297056198,0,0,0,0.3631317615509033,0.652716875076294,0,0,0,0,0.30288708209991455,0,0,0,0,0,0,0,0,0.4184207320213318,0.5732829570770264,0,0.18379589915275574,0,0,0,0,0,0,0.8999654650688171,0.9496498703956604,0,0.10856766998767853,0.3382766544818878,0.5706047415733337,0,0
Pain,0,0,0,0,0.10781387984752655,0,0,0,0,0.34333503246307373,0.19368821382522583,0.3040653467178345,0.25221434235572815,0,0.2128022015094757,0.15773028135299683,0,0,0,0.361647367477417,0.6231690049171448,0,0,0,0,0.26274916529655457,0,0,0,0,0,0,0,0,0.5306809544563293,0.6710287928581238,0,0.1319010704755783,0,0,0,0,0,0,0.901218056678772,0.939399003982544,0,0.14160437881946564,0.453607976436615,0.6099494695663452,0,0
Pain,0,0,0,0,0,0,0,0,0,0.36669671535491943,0.17679040133953094,0.2928086817264557,0.23757041990756989,0,0.17754699289798737,0.12762150168418884,0,0,0,0.3786976933479309,0.6585189700126648,0,0,0,0,0.25866785645484924,0,0,0,0,0,0,0,0,0.5335098505020142,0.6700022220611572,0,0.14606736600399017,0,0,0,0,0,0,0.9006982445716858,0.9409956336021423,0,0.12536044418811798,0.49201053380966187,0.653045117855072,0,0
Pain,0,0,0,0,0,0,0,0,0,0.34941211342811584,0.13240033388137817,0.26371365785598755,0.2056885063648224,0,0.18927514553070068,0.13737358152866364,0,0,0,0.39010089635849,0.6442573070526123,0,0,0,0,0.27448901534080505,0,0,0,0,0,0,0,0,0.4864653944969177,0.6262110471725464,0,0.11782608926296234,0,0,0,0,0,0,0.8943557739257812,0.9281665682792664,0,0.14855338633060455,0.4758324921131134,0.5819774866104126,0,0
Pain,0,0,0,0,0,0,0,0,0,0.3645572066307068,0.15415947139263153,0.3057035803794861,0.23686105012893677,0,0.14487424492835999,0,0,0,0,0.3654255270957947,0.6837416887283325,0,0,0,0,0.2955731749534607,0,0,0,0,0,0,0,0,0.4507942199707031,0.5906659364700317,0,0.1241736114025116,0,0,0,0,0,0,0.891415536403656,0.934563398361206,0,0.14096452295780182,0.4074532389640808,0.548204243183136,0,0
Pain,0,0,0,0,0,0,0,0,0,0.3953332304954529,0.22288016974925995,0.34745678305625916,0.2875252962112427,0,0.22132650017738342,0.15849384665489197,0,0,0,0.35744035243988037,0.6685663461685181,0,0,0,0,0.2766475975513458,0,0,0,0,0,0,0,0,0.45365139842033386,0.6054280996322632,0,0.14373445510864258,0,0,0,0,0,0,0.901305079460144,0.9439281225204468,0,0.1078706756234169,0.43073979020118713,0.6341342926025391,0,0
Pain,0,0,0,0,0,0,0,0,0,0.3860420286655426,0.19155743718147278,0.295015424489975,0.24413681030273438,0,0.22622019052505493,0.1500302106142044,0,0,0,0.3341889977455139,0.629709005355835,0,0,0,0,0.31510356068611145,0,0,0,0,0,0,0,0,0.40686553716659546,0.5525137186050415,0,0.1865447759628296,0,0,0,0,0,0,0.9122786521911621,0.9536687731742859,0,0,0.3223651647567749,0.5607144832611084,0,0
Pain,0,0,0,0,0.12903602421283722,0,0,0,0,0.3941672742366791,0.16629526019096375,0.33135613799095154,0.27545788884162903,0,0.20364350080490112,0.14792729914188385,0,0,0,0.3528909683227539,0.5950688123703003,0,0,0,0,0.2930328845977783,0,0,0,0,0,0,0,0,0.44106751680374146,0.5903587341308594,0,0.11499916017055511,0,0,0,0,0,0,0.8939222097396851,0.9331307411193848,0,0.15323077142238617,0.44801297783851624,0.5952725410461426,0,0
Pain,0,0,0,0,0,0,0,0,0,0.34966203570365906,0.1348295956850052,0.2338215857744217,0.19165772199630737,0,0.23131999373435974,0.1699245125055313,0,0,0,0.3985477387905121,0.5830397605895996,0,0,0,0,0.2873573899269104,0,0,0,0,0,0,0,0,0.504753828048706,0.6151893138885498,0,0.1035178005695343,0,0,0,0,0,0,0.9015038013458252,0.9261834025382996,0.10465452075004578,0.21915008127689362,0.4419521987438202,0.5379371643066406,0,0
Pain,0,0,0,0,0,0,0,0,0,0.3295974135398865,0.13411590456962585,0.32613110542297363,0.28511643409729004,0,0.15646681189537048,0.11873506009578705,0,0,0,0.39966678619384766,0.6020429134368896,0,0,0,0,0.2855933904647827,0,0,0,0,0,0,0,0,0.5129973888397217,0.6426098346710205,0,0.1289447695016861,0,0,0,0,0,0,0.8959592580795288,0.9342237710952759,0,0.1881081610918045,0.42229950428009033,0.5807331800460815,0,0
Pain,0,0,0,0.10195394605398178,0,0,0,0,0,0.3605791926383972,0.15349486470222473,0.32950252294540405,0.27810928225517273,0,0.13910694420337677,0,0,0,0,0.37196293473243713,0.6092290878295898,0,0,0,0,0.3038282096385956,0,0,0,0,0,0,0,0,0.46234405040740967,0.6027999520301819,0,0.1267387717962265,0,0,0,0,0,0,0.8922885060310364,0.9362039566040039,0,0.1771286278963089,0.39805829524993896,0.5626077055931091,0,0
Pain,0,0,0,0,0.1284496784210205,0,0,0,0,0.3347705006599426,0.1346110850572586,0.27773064374923706,0.22674092650413513,0,0.15821492671966553,0.11248232424259186,0,0,0,0.3881964683532715,0.6129847168922424,0,0,0,0,0.2756596505641937,0,0,0,0,0,0,0,0,0.5099012851715088,0.6551986932754517,0,0.11061438918113708,0,0,0,0,0,0,0.8950339555740356,0.9315876960754395,0,0.20213213562965393,0.4123958647251129,0.5345731973648071,0,0
Pain,0,0,0,0,0,0,0,0,0,0.3938252925872803,0.22466082870960236,0.340700626373291,0.3042387068271637,0,0.1771892011165619,0.1288081407546997,0,0,0,0.3695468008518219,0.6107571125030518,0,0,0,0,0.2545824646949768,0,0,0,0,0,0,0,0,0.5197347402572632,0.6775691509246826,0,0.13743194937705994,0,0,0,0,0,0,0.8791876435279846,0.9340852499008179,0,0.17584025859832764,0.46550068259239197,0.6414084434509277,0,0
Pain,0,0,0,0,0,0,0,0,0,0.39641404151916504,0.22042572498321533,0.27580007910728455,0.2366214096546173,0,0.1341012716293335,0,0,0,0,0.3840826749801636,0.618183970451355,0,0,0,0,0.30460625886917114,0,0,0,0,0,0,0,0,0.4172593355178833,0.575392484664917,0,0.1258612871170044,0,0,0,0,0,0,0.8983383774757385,0.94197016954422,0,0.1584111750125885,0.3590286672115326,0.531804084777832,0,0
Pain,0,0,0,0,0.1373918205499649,0,0,0,0,0.3833285868167877,0.14780928194522858,0.23827479779720306,0.1976737231016159,0,0.16477103531360626,0.11792150139808655,0,0,0,0.3980028033256531,0.6174699068069458,0,0,0,0,0.29992836713790894,0,0,0,0,0,0,0,0,0.45061373710632324,0.6195597648620605,0,0.11357330530881882,0,0,0,0,0,0,0.909997820854187,0.9337191581726074,0.12383044511079788,0.2649190425872803,0.4814436435699463,0.6051748991012573,0,0
Pain,0,0,0,0,0.12802690267562866,0,0,0,0,0.4834500253200531,0.2298896461725235,0.2695889472961426,0.22517338395118713,0,0.19657090306282043,0.14798715710639954,0,0,0,0.49791088700294495,0.6280149817466736,0,0,0,0,0.23316507041454315,0,0,0,0,0,0,0,0,0.5627080202102661,0.7222219705581665,0,0,0,0,0,0,0,0,0.8848404884338379,0.9178430438041687,0.13409580290317535,0.2550802528858185,0.5363138914108276,0.6927196979522705,0,0
Pain,0,0,0,0,0,0,0,0,0,0.4417853057384491,0.19853167235851288,0.25541070103645325,0.20411917567253113,0,0.244346022605896,0.18836355209350586,0,0,0,0.4303606152534485,0.6503264904022217,0,0,0,0,0.2224334329366684,0,0,0,0,0,0,0,0,0.5220752358436584,0.6711747646331787,0,0.1064104288816452,0,0,0,0,0,0,0.8886905312538147,0.919179379940033,0.11153699457645416,0.21157871186733246,0.5562677383422852,0.6656805276870728,0,0
Pain,0,0.14191964268684387,0,0,0,0,0,0,0,0.3747188150882721,0.18583793938159943,0.2716205418109894,0.2295488864183426,0,0.2042088657617569,0.15527741611003876,0,0,0,0.40160149335861206,0.6209244728088379,0,0,0,0,0.2091134786605835,0,0,0,0,0,0,0,0,0.6229104995727539,0.7445958256721497,0,0.1377372443675995,0,0,0,0,0,0,0.8996349573135376,0.937286376953125,0,0.17593204975128174,0.5687594413757324,0.7314422726631165,0,0
Pain,0,0,0,0,0.10822290927171707,0,0,0,0,0.36615225672721863,0.1662820279598236,0.32689329981803894,0.2623005509376526,0,0.15583378076553345,0.12334280461072922,0,0,0,0.4102623760700226,0.6297625303268433,0,0,0,0,0.2666247487068176,0,0,0,0,0,0,0,0,0.5292443037033081,0.6734014749526978,0,0.14883309602737427,0,0,0,0,0,0,0.9028146862983704,0.9455412030220032,0,0.1996733695268631,0.48897990584373474,0.6708232164382935,0,0
Pain,0,0,0,0,0,0,0,0,0,0.3347482979297638,0.12138273566961288,0.24161040782928467,0.18171337246894836,0,0.18872500956058502,0.14791972935199738,0,0,0,0.3987331986427307,0.6430070400238037,0,0,0,0,0.27906134724617004,0,0,0,0,0,0,0,0,0.5523192882537842,0.6910208463668823,0,0.12553852796554565,0,0,0,0,0,0,0.8904340267181396,0.9318523406982422,0,0.2505580186843872,0.46509358286857605,0.6110668778419495,0,0
Pain,0,0,0,0,0.1290833204984665,0,0,0,0,0.4064965546131134,0.16873781383037567,0.28876709938049316,0.2301671802997589,0,0.15225337445735931,0.1040450856089592,0,0,0,0.42438581585884094,0.6121730804443359,0,0,0,0,0.26623499393463135,0,0,0,0,0,0,0,0,0.5898946523666382,0.7343069911003113,0,0.12571898102760315,0,0,0,0,0,0,0.899526059627533,0.9360223412513733,0.11435563117265701,0.25315433740615845,0.4912434220314026,0.652550220489502,0,0
Pain,0,0,0,0.1371951848268509,0.19837772846221924,0,0,0,0,0.33800849318504333,0.11434998363256454,0.30814045667648315,0.2510930001735687,0,0.15346747636795044,0.10755596309900284,0,0,0,0.4140954613685608,0.5833302140235901,0,0,0,0,0.30476441979408264,0,0,0,0,0,0,0,0,0.5591111183166504,0.6792992353439331,0,0.13582535088062286,0,0,0,0,0,0,0.9111800789833069,0.9434978365898132,0,0.24761371314525604,0.3522239923477173,0.48759445548057556,0,0
Pain,0,0,0,0,0.11732973903417587,0,0,0,0,0.38618892431259155,0.1616668552160263,0.28693005442619324,0.22886358201503754,0,0.15086029469966888,0,0,0,0,0.35790738463401794,0.6020334959030151,0,0,0,0,0.2974005341529846,0,0,0,0,0,0,0,0,0.4924887716770172,0.6270055770874023,0,0.14973674714565277,0,0,0,0,0,0,0.9090091586112976,0.948114275932312,0,0.16251680254936218,0.3812241554260254,0.550505518913269,0,0
Pain,0,0,0,0,0.1026284322142601,0,0,0,0,0.4104309380054474,0.23840054869651794,0.35629820823669434,0.29336807131767273,0,0.18271367251873016,0.12358693778514862,0,0,0,0.358474463224411,0.6555871963500977,0,0,0,0,0.2854258716106415,0,0,0,0,0,0,0,0,0.4775659143924713,0.6175310611724854,0,0.16315874457359314,0,0,0,0,0,0,0.9037830829620361,0.9510242342948914,0,0.11581888049840927,0.4236146807670593,0.6468243598937988,0,0
Pain,0,0,0,0,0,0,0,0,0,0.43581128120422363,0.2273769974708557,0.33422595262527466,0.2639462649822235,0,0.2303759902715683,0.16555030643939972,0,0,0,0.31567877531051636,0.6282756924629211,0,0,0,0,0.2759775221347809,0,0,0,0,0,0,0,0,0.45002231001853943,0.5942243337631226,0,0.16276367008686066,0,0,0,0,0,0,0.9051148891448975,0.9499472379684448,0,0.10131175071001053,0.4383341372013092,0.6418049335479736,0,0
Pain,0,0,0,0,0,0,0,0,0,0.447183221578598,0.21497388184070587,0.3416156768798828,0.24209952354431152,0,0.2944326400756836,0.17974230647087097,0,0,0,0.32965895533561707,0.6234097480773926,0,0,0,0,0.27112987637519836,0,0,0,0,0,0,0,0,0.45352253317832947,0.6248416900634766,0,0.17840886116027832,0,0,0,0,0,0,0.9049574732780457,0.9474661946296692,0,0.10922244191169739,0.44131043553352356,0.6304803490638733,0,0
Pain,0,0,0,0,0,0,0,0,0,0.3914702832698822,0.18528597056865692,0.2954595983028412,0.25234711170196533,0,0.14881567656993866,0,0,0,0,0.3944629728794098,0.627091646194458,0,0,0,0,0.29521045088768005,0,0,0,0,0,0,0,0,0.461314857006073,0.606224536895752,0,0.12933775782585144,0,0,0,0,0,0,0.904600203037262,0.944084882736206,0,0.14705239236354828,0.4434915781021118,0.6167083978652954,0,0
Pain,0,0,0,0,0.13045592606067657,0,0,0,0,0.3676418960094452,0.1298810988664627,0.320273756980896,0.2574580907821655,0,0.17023323476314545,0.12119823694229126,0,0,0,0.4167693555355072,0.6066514849662781,0,0,0,0,0.27202650904655457,0,0,0,0,0,0,0,0,0.5125358700752258,0.6545453071594238,0,0.11826858669519424,0,0,0,0,0,0,0.9099419116973877,0.9439458847045898,0,0.1457962840795517,0.47223004698753357,0.633783221244812,0,0
Pain,0,0,0,0.13382691144943237,0.13163648545742035,0,0,0,0,0.399605929851532,0.14418601989746094,0.3140188753604889,0.2473679482936859,0,0.16232559084892273,0.11301817744970322,0,0,0,0.3916933834552765,0.6226741075515747,0,0,0,0,0.2806120812892914,0,0,0,0,0,0,0,0,0.49739912152290344,0.6339477300643921,0,0.11719316244125366,0,0,0,0,0,0,0.9076787233352661,0.9432663917541504,0,0.14342305064201355,0.46087706089019775,0.612461507320404,0,0
Pain,0,0,0,0.14843852818012238,0.12439541518688202,0,0,0,0,0.42193934321403503,0.19079670310020447,0.34415924549102783,0.28515011072158813,0,0.12621170282363892,0,0,0,0,0.3830607235431671,0.6338685750961304,0,0,0,0,0.2843719720840454,0,0,0,0,0,0,0,0,0.4980403184890747,0.6378124356269836,0,0.12454820424318314,0,0,0,0,0,0,0.9004913568496704,0.9423197507858276,0,0.1542932540178299,0.47086629271507263,0.6360118389129639,0,0
Pain,0,0,0,0,0,0,0,0,0,0.42339420318603516,0.1951206922531128,0.3068784177303314,0.2537640333175659,0,0.17710381746292114,0.11646906286478043,0,0,0,0.3883562386035919,0.6065983772277832,0,0,0,0,0.2810395061969757,0,0,0,0,0,0,0,0,0.4949467182159424,0.6460501551628113,0,0.1316668838262558,0,0,0,0,0,0,0.9078394174575806,0.9460020065307617,0,0.14476487040519714,0.47880473732948303,0.6576603055000305,0,0
Pain,0,0,0,0.11002626270055771,0,0,0,0,0,0.44431787729263306,0.23587113618850708,0.32890164852142334,0.2832731306552887,0,0.157752126455307,0,0,0,0,0.3850632905960083,0.6309430599212646,0,0,0,0,0.25625601410865784,0,0,0,0,0,0,0,0,0.49455270171165466,0.6533976197242737,0,0.13715732097625732,0,0,0,0,0,0,0.8974481225013733,0.9409008026123047,0,0.10999841243028641,0.5133272409439087,0.6855419874191284,0,0
Pain,0,0,0,0,0,0,0,0,0,0.46381524205207825,0.2142065465450287,0.2931307554244995,0.24045561254024506,0,0.15702983736991882,0,0,0,0,0.3955541253089905,0.6536307334899902,0,0,0,0,0.30563393235206604,0,0,0,0,0,0,0,0,0.3916032016277313,0.5537028312683105,0,0.14148375391960144,0,0,0,0,0,0,0.9112555980682373,0.9465091228485107,0,0.1478978395462036,0.5123271942138672,0.6659432649612427,0,0
Pain,0,0,0,0,0,0,0,0,0,0.4470367729663849,0.2294122725725174,0.32195672392845154,0.2739485204219818,0,0.13209189474582672,0,0,0,0,0.381201833486557,0.6585447788238525,0,0,0,0,0.29523003101348877,0,0,0,0,0,0,0,0,0.431578129529953,0.5820835828781128,0,0.15513674914836884,0,0,0,0,0,0,0.9140599370002747,0.9496281743049622,0,0.12002310901880264,0.5053558349609375,0.6769063472747803,0,0
Pain,0,0,0,0.1301531046628952,0,0,0,0,0,0.4253205358982086,0.20058026909828186,0.2728792726993561,0.23280933499336243,0.10458475351333618,0.10616669058799744,0,0,0,0,0.4093255400657654,0.6193727254867554,0,0,0,0,0.30814215540885925,0,0,0,0,0,0,0,0,0.4405156672000885,0.5848796963691711,0,0.1286388784646988,0,0,0,0,0,0,0.9192859530448914,0.9442541599273682,0,0.15194453299045563,0.489014595746994,0.5893896222114563,0,0
Pain,0,0,0,0.13811509311199188,0,0,0,0,0,0.4215075373649597,0.2035379558801651,0.30326107144355774,0.2528051733970642,0,0.12898245453834534,0,0,0,0,0.3833408057689667,0.6331470012664795,0,0,0,0,0.27417927980422974,0,0,0,0,0,0,0,0,0.47769325971603394,0.6137027144432068,0,0.1263328194618225,0,0,0,0,0,0,0.8843527436256409,0.9255884885787964,0,0.14631609618663788,0.5279080271720886,0.6766895055770874,0,0
Pain,0,0,0,0.13729697465896606,0,0,0,0,0,0.3958112597465515,0.15490518510341644,0.28839945793151855,0.2399565726518631,0,0.1604895442724228,0.10896293818950653,0,0,0,0.4077085256576538,0.5992687940597534,0,0,0,0,0.3107510209083557,0,0,0,0,0,0,0,0,0.4603525996208191,0.610303521156311,0,0.13146528601646423,0,0,0,0,0,0,0.9157236218452454,0.9425117373466492,0,0.19176246225833893,0.3940974175930023,0.5325570106506348,0,0
Pain,0,0,0,0.11392354220151901,0,0,0,0,0,0.4061787724494934,0.18155042827129364,0.319178968667984,0.2619607746601105,0,0.16410258412361145,0.11063418537378311,0,0,0,0.39721477031707764,0.6236500144004822,0,0,0,0,0.2819860577583313,0,0,0,0,0,0,0,0,0.48330795764923096,0.6354787945747375,0,0.12257160991430283,0,0,0,0,0,0,0.9051235914230347,0.9393991827964783,0,0.16077402234077454,0.48314690589904785,0.6295933127403259,0,0
Pain,0,0,0,0,0,0,0,0,0,0.38999438285827637,0.16996079683303833,0.2956070601940155,0.23967480659484863,0,0.1846676468849182,0.12782834470272064,0,0,0,0.387969046831131,0.6398324966430664,0,0,0,0,0.2873700261116028,0,0,0,0,0,0,0,0,0.4982863962650299,0.6414064764976501,0,0.12292994558811188,0,0,0,0,0,0,0.9076926708221436,0.9429240226745605,0,0.14479662477970123,0.46777570247650146,0.6215049028396606,0,0
Pain,0,0,0,0.12242934852838516,0,0,0,0,0,0.44293901324272156,0.23191110789775848,0.3118467330932617,0.259931743144989,0,0.15036578476428986,0.10685604065656662,0,0,0,0.3822627663612366,0.6553598642349243,0,0,0,0,0.30614256858825684,0,0,0,0,0,0,0,0,0.42162254452705383,0.5590413808822632,0,0.127447709441185,0,0,0,0,0,0,0.897627055644989,0.9352353811264038,0,0.1611364632844925,0.4808993935585022,0.6393728852272034,0,0
Pain,0,0,0,0.18213003873825073,0.1656547337770462,0,0,0,0,0.40458840131759644,0.15320973098278046,0.2650865912437439,0.2192862182855606,0,0.17942821979522705,0.11798105388879776,0,0,0,0.4069727659225464,0.5856552124023438,0,0,0,0,0.31856203079223633,0,0,0,0,0,0,0,0,0.4313493072986603,0.5852933526039124,0,0.13277634978294373,0,0,0,0,0,0,0.9151387810707092,0.9414834976196289,0.10712020099163055,0.169642835855484,0.43258002400398254,0.5727314949035645,0,0
Pain,0,0,0,0.16486331820487976,0.13544906675815582,0,0,0,0,0.3983372151851654,0.1601705104112625,0.25840577483177185,0.20836056768894196,0.10209626704454422,0.11631140857934952,0,0,0,0,0.37673938274383545,0.6373785734176636,0,0,0,0,0.39381328225135803,0,0,0,0,0,0,0,0,0.30035707354545593,0.4358910322189331,0,0.1674547791481018,0,0,0,0,0,0,0.9350457787513733,0.9523253440856934,0.11093217879533768,0.18358422815799713,0.3369646668434143,0.4508211314678192,0,0
Pain,0,0,0,0.10029710829257965,0.12514592707157135,0,0,0,0,0.47209468483924866,0.2041092962026596,0.2908717095851898,0.21028520166873932,0,0.19213314354419708,0.1067185178399086,0,0,0,0.33616146445274353,0.6262355446815491,0,0,0,0,0.3718147575855255,0,0,0,0,0,0,0,0,0.22907720506191254,0.36779797077178955,0,0.14946283400058746,0,0,0,0,0,0,0.9284176826477051,0.9538838267326355,0,0.11837076395750046,0.32460251450538635,0.46853891015052795,0,0
Pain,0,0,0,0,0,0,0,0,0,0.38506653904914856,0.1671062558889389,0.2537771761417389,0.2061457633972168,0,0.26216334104537964,0.2049376517534256,0,0,0,0.3881319761276245,0.5936493873596191,0,0,0,0,0.31041109561920166,0,0,0,0,0,0,0,0,0.44047313928604126,0.6040095686912537,0,0,0,0,0,0,0,0,0.8814643025398254,0.9146972894668579,0,0.20354673266410828,0.38922348618507385,0.4641529321670532,0,0
Pain,0,0,0,0,0,0,0,0,0,0.4684332013130188,0.15136376023292542,0.21388816833496094,0.1522158682346344,0,0.1971091330051422,0.14572598040103912,0,0,0.1130005493760109,0.3684869706630707,0.6285616159439087,0,0,0,0,0.3117288649082184,0,0,0,0,0,0,0,0,0.41167011857032776,0.6017172336578369,0,0,0,0,0,0,0,0,0.8988384008407593,0.9196922779083252,0.10887734591960907,0.24014019966125488,0.49736860394477844,0.5705991983413696,0,0
Pain,0,0,0,0,0.10707034170627594,0,0,0,0,0.49130532145500183,0.20026500523090363,0.27919748425483704,0.2199518084526062,0,0.22304920852184296,0.1685275286436081,0,0,0,0.4413754940032959,0.6048899292945862,0,0,0,0,0.2956554591655731,0,0,0,0,0,0,0,0,0.4167451858520508,0.6066598892211914,0,0,0,0,0,0,0,0,0.8869140148162842,0.9026364088058472,0.12875455617904663,0.30954238772392273,0.5455657243728638,0.5990989804267883,0,0
Pain,0,0.1056169643998146,0,0,0,0,0,0,0,0.4456981122493744,0.20665235817432404,0.3469982147216797,0.28308144211769104,0,0.16865189373493195,0.12378425896167755,0,0,0,0.3614868223667145,0.6619950532913208,0,0,0,0,0.2615725100040436,0,0,0,0,0,0,0,0,0.482676237821579,0.6350775361061096,0,0.11943506449460983,0,0,0,0,0,0,0.900204598903656,0.9362341165542603,0,0.17953746020793915,0.5610417127609253,0.7033224105834961,0,0
Pain,0,0,0,0,0,0,0,0,0,0.44354715943336487,0.21765416860580444,0.3551861047744751,0.2976081073284149,0,0.16932879388332367,0.10850483179092407,0,0,0,0.34941568970680237,0.6464353799819946,0,0,0,0,0.2732100784778595,0,0,0,0,0,0,0,0,0.491725891828537,0.6476335525512695,0,0.13291944563388824,0,0,0,0,0,0,0.9037106037139893,0.9421928524971008,0,0.13385072350502014,0.5417131781578064,0.692083477973938,0,0
Pain,0,0,0,0,0,0,0,0,0,0.41684961318969727,0.20006489753723145,0.3217562735080719,0.2659735679626465,0,0.18962937593460083,0.12600302696228027,0,0,0,0.36834925413131714,0.622018575668335,0,0,0,0,0.2787815034389496,0,0,0,0,0,0,0,0,0.49996310472488403,0.6417185664176941,0,0.12936556339263916,0,0,0,0,0,0,0.8972659111022949,0.9394035339355469,0,0.13806892931461334,0.505334734916687,0.6663075685501099,0,0
Pain,0,0,0,0,0,0,0,0,0,0.4207143187522888,0.1992373913526535,0.3341722786426544,0.28111132979393005,0,0.1569274216890335,0.10486090183258057,0,0,0,0.37195008993148804,0.6469415426254272,0,0,0,0,0.31227555871009827,0,0,0,0,0,0,0,0,0.4353426694869995,0.5827239155769348,0,0.14104467630386353,0,0,0,0,0,0,0.8972799181938171,0.9411513805389404,0,0.14821013808250427,0.4332301914691925,0.623136579990387,0,0
Pain,0,0,0,0.12081059068441391,0,0,0,0,0,0.4174560308456421,0.211974635720253,0.32360899448394775,0.26969170570373535,0.11186881363391876,0,0,0,0,0,0.3781604468822479,0.6364229917526245,0,0,0,0,0.3153895437717438,0,0,0,0,0,0,0,0,0.4695042669773102,0.5969865322113037,0,0.1396130621433258,0,0,0,0,0,0,0.9026722311973572,0.9435973763465881,0,0.1400233805179596,0.37469539046287537,0.5583118200302124,0,0
Pain,0,0,0,0,0,0,0,0,0,0.445432186126709,0.2312656044960022,0.3637077808380127,0.3119446039199829,0.10991077870130539,0.106746144592762,0,0,0,0,0.37768423557281494,0.6093097925186157,0,0,0,0,0.3057395815849304,0,0,0,0,0,0,0,0,0.4643993377685547,0.6187751293182373,0,0.13633620738983154,0,0,0,0,0,0,0.9164084792137146,0.9474294185638428,0,0.1461862176656723,0.46136873960494995,0.5946100950241089,0,0
Pain,0,0,0,0.10394076257944107,0.1064501479268074,0,0,0,0,0.3915415406227112,0.19553613662719727,0.32913336157798767,0.2883034646511078,0,0.20030856132507324,0.13052432239055634,0,0,0,0.38122501969337463,0.6217474937438965,0,0,0,0,0.26664987206459045,0,0,0,0,0,0,0,0,0.5147781372070312,0.6650996208190918,0,0.12807691097259521,0,0,0,0,0,0,0.8920331001281738,0.9363555312156677,0,0.16003519296646118,0.504047691822052,0.6531323194503784,0,0
Pain,0,0,0,0,0.11735131591558456,0,0,0,0,0.37949901819229126,0.18358954787254333,0.32640960812568665,0.26556825637817383,0,0.1812817007303238,0.13327838480472565,0,0,0,0.3722551465034485,0.6604233980178833,0,0,0,0,0.2978241443634033,0,0,0,0,0,0,0,0,0.4564472436904907,0.593815803527832,0,0.12073569744825363,0,0,0,0,0,0,0.8948678374290466,0.9376975893974304,0,0.19096863269805908,0.441762775182724,0.5930103659629822,0,0
Pain,0,0,0,0,0,0,0,0,0,0.38866811990737915,0.18130339682102203,0.29272332787513733,0.2405737042427063,0,0.16818605363368988,0.12077048420906067,0,0,0,0.40723916888237,0.6530921459197998,0,0,0,0,0.27857711911201477,0,0,0,0,0,0,0,0,0.5336039066314697,0.664699375629425,0,0.14965379238128662,0,0,0,0,0,0,0.9012871384620667,0.9394432902336121,0.10111359506845474,0.17742353677749634,0.5102395415306091,0.6623122692108154,0,0
Pain,0,0,0,0,0.10895152390003204,0,0,0,0,0.3419898748397827,0.1505535989999771,0.2764758765697479,0.22169381380081177,0,0.19780386984348297,0.13972097635269165,0,0,0,0.40774625539779663,0.6560794115066528,0,0,0,0,0.2983036935329437,0,0,0,0,0,0,0,0,0.48890772461891174,0.6394175291061401,0,0.13108493387699127,0,0,0,0,0,0,0.9087508916854858,0.9420267343521118,0,0.17214863002300262,0.4300977885723114,0.5680230855941772,0,0
Pain,0,0,0,0,0,0,0,0,0,0.32828736305236816,0.1299939751625061,0.3035324811935425,0.24011771380901337,0,0.19795161485671997,0.14567722380161285,0,0,0,0.3773585855960846,0.6400066614151001,0,0,0,0,0.2752527594566345,0,0,0,0,0,0,0,0,0.5358781814575195,0.667621910572052,0,0.13332931697368622,0,0,0,0,0,0,0.8970053791999817,0.9342594146728516,0,0.17314359545707703,0.4217841625213623,0.5531536340713501,0,0
Pain,0,0,0,0,0.11217496544122696,0,0,0,0,0.35213685035705566,0.12882770597934723,0.3352421224117279,0.2585314214229584,0,0.19618654251098633,0.14566640555858612,0,0,0,0.3570918142795563,0.6629344820976257,0,0,0,0,0.2828993499279022,0,0,0,0,0,0,0,0,0.5116432905197144,0.649133026599884,0,0.12743957340717316,0,0,0,0,0,0,0.8824465274810791,0.9273244142532349,0,0.14259891211986542,0.39907553791999817,0.5426938533782959,0,0
Pain,0,0,0,0,0,0,0,0,0,0.407413125038147,0.20385941863059998,0.36207059025764465,0.3071935176849365,0,0.24697446823120117,0.18169400095939636,0,0,0,0.3873034417629242,0.6135326027870178,0,0,0,0,0.25761348009109497,0,0,0,0,0,0,0,0,0.5493735671043396,0.6854857206344604,0,0.16776566207408905,0,0,0,0,0,0,0.911558985710144,0.9518839120864868,0,0.11832264065742493,0.4428379535675049,0.6645022630691528,0,0
Pain,0,0,0,0,0,0,0,0,0,0.4124983251094818,0.18000595271587372,0.36989614367485046,0.3180612027645111,0,0.18181486427783966,0.12488919496536255,0,0,0,0.3793695271015167,0.6013649702072144,0,0,0,0,0.2499474436044693,0,0,0,0,0,0,0,0,0.5666845440864563,0.6998956203460693,0,0.14367897808551788,0,0,0,0,0,0,0.8982487916946411,0.9433167576789856,0,0.11726059764623642,0.5021758079528809,0.695115327835083,0,0
Pain,0,0,0,0,0,0,0,0,0,0.3473394513130188,0.15036843717098236,0.2759944200515747,0.23620128631591797,0,0.1978292614221573,0.1393745243549347,0,0,0,0.4272662103176117,0.5926545262336731,0,0,0,0,0.269309937953949,0,0,0,0,0,0,0,0,0.5704455971717834,0.7047706842422485,0,0.1423381268978119,0,0,0,0,0,0,0.9127989411354065,0.9437985420227051,0,0.15093913674354553,0.46456378698349,0.620510458946228,0,0
Pain,0,0,0,0.10453864932060242,0,0,0,0,0,0.35012710094451904,0.13866914808750153,0.28818368911743164,0.23126302659511566,0,0.20369012653827667,0.15369512140750885,0,0,0,0.39210453629493713,0.650409460067749,0,0,0,0,0.31957152485847473,0,0,0,0,0,0,0,0,0.4510217308998108,0.57972252368927,0,0.11418857425451279,0,0,0,0,0,0,0.9060022234916687,0.9381870031356812,0.10026466101408005,0.1909666806459427,0.357497900724411,0.481231689453125,0,0
Pain,0,0,0,0,0,0,0,0,0,0.3335927724838257,0.1491105705499649,0.285558819770813,0.23525792360305786,0,0.2227863073348999,0.16808396577835083,0,0,0,0.38645869493484497,0.6122655868530273,0,0,0,0,0.2994832396507263,0,0,0,0,0,0,0,0,0.4837643504142761,0.6163345575332642,0,0.1327330470085144,0,0,0,0,0,0,0.9083458781242371,0.9394553899765015,0,0.15959161520004272,0.40174731612205505,0.5240681171417236,0,0
Pain,0,0,0,0,0,0,0,0,0,0.36272144317626953,0.14253489673137665,0.3306885361671448,0.2619277536869049,0,0.19704854488372803,0.14867228269577026,0,0,0,0.3421049118041992,0.6285465955734253,0,0,0,0,0.26784223318099976,0,0,0,0,0,0,0,0,0.504980206489563,0.6264708042144775,0,0.12946732342243195,0,0,0,0,0,0,0.8790650367736816,0.928945779800415,0,0.1585504412651062,0.4587280750274658,0.613489031791687,0,0
Pain,0,0,0,0.10408391058444977,0.11805570125579834,0,0,0,0,0.41319745779037476,0.1600712388753891,0.3144126832485199,0.2602349817752838,0.14116956293582916,0,0,0.1037079468369484,0,0,0.4089054465293884,0.5872687101364136,0,0,0,0,0.27461475133895874,0,0,0,0,0,0,0,0,0.5253887176513672,0.6533589363098145,0,0.14124810695648193,0,0,0,0,0,0,0.9052688479423523,0.9396134614944458,0.10654137283563614,0.16843920946121216,0.40081024169921875,0.5845819711685181,0,0
Pain,0,0,0,0,0,0,0,0,0,0.3757980763912201,0.14996309578418732,0.2767386734485626,0.22501367330551147,0,0.15209320187568665,0.10592491179704666,0,0,0,0.3949587047100067,0.6152462959289551,0,0,0,0,0.2735230624675751,0,0,0,0,0,0,0,0,0.5129372477531433,0.6509401798248291,0,0.12882500886917114,0,0,0,0,0,0,0.8941233158111572,0.926796019077301,0,0.1882711797952652,0.4949553608894348,0.6025339365005493,0,0
Pain,0,0,0,0,0.1284751147031784,0,0,0,0,0.3435072898864746,0.13312241435050964,0.289485365152359,0.236689493060112,0,0.17500707507133484,0.12550638616085052,0,0,0,0.3863166868686676,0.614033579826355,0,0,0,0,0.28981053829193115,0,0,0,0,0,0,0,0,0.5052589774131775,0.642341136932373,0,0.11985037475824356,0,0,0,0,0,0,0.8923296928405762,0.9320861101150513,0,0.181863471865654,0.3566754460334778,0.5027207136154175,0,0
Pain,0,0,0,0,0.1334887444972992,0,0,0,0,0.38336238265037537,0.18141935765743256,0.30760252475738525,0.255970299243927,0,0.2158069759607315,0.13671192526817322,0,0,0,0.3452196419239044,0.6663957834243774,0,0,0,0,0.27493253350257874,0,0,0,0,0,0,0,0,0.4616132080554962,0.6008211374282837,0,0.12280016392469406,0,0,0,0,0,0,0.8796504735946655,0.9364364147186279,0,0.14459672570228577,0.37223610281944275,0.5876312255859375,0,0
Pain,0,0,0,0,0.12366978824138641,0,0,0,0,0.3343552052974701,0.1830938309431076,0.30126065015792847,0.25425615906715393,0,0.27364856004714966,0.21035785973072052,0,0,0,0.39017820358276367,0.6211646795272827,0,0,0,0,0.2595275640487671,0,0,0,0,0,0,0,0,0.5593151450157166,0.7124852538108826,0,0,0,0,0,0,0,0,0.8882672786712646,0.932475745677948,0,0.21542054414749146,0.3648461699485779,0.5169433355331421,0,0
Pain,0,0,0,0,0,0,0,0,0,0.3793991506099701,0.17581979930400848,0.2930847406387329,0.24889256060123444,0,0.20749999582767487,0.15336184203624725,0,0,0,0.3786478042602539,0.6220862865447998,0,0,0,0,0.2520660161972046,0,0,0,0,0,0,0,0,0.550976037979126,0.712865948677063,0,0.12046592682600021,0,0,0,0,0,0,0.8853465914726257,0.9300565719604492,0,0.23428815603256226,0.48835211992263794,0.6336515545845032,0,0
Pain,0,0,0,0,0,0,0,0,0,0.3782798647880554,0.13293872773647308,0.27448466420173645,0.1944919377565384,0,0.2659054398536682,0.2137858271598816,0,0,0,0.35663074254989624,0.6507678031921387,0,0,0,0,0.23233215510845184,0,0,0,0,0,0,0,0,0.5406123399734497,0.6678280234336853,0,0.12073682993650436,0,0,0,0,0,0,0.8782275319099426,0.9206459522247314,0,0.19770610332489014,0.5323514938354492,0.671166181564331,0,0
Pain,0,0,0,0,0.12385239452123642,0,0,0,0,0.3442108631134033,0.13854826986789703,0.2938448190689087,0.2330487221479416,0,0.28237444162368774,0.2233780026435852,0,0,0,0.36721986532211304,0.6324519515037537,0,0,0,0,0.2775278389453888,0,0,0,0,0,0,0,0,0.46804484724998474,0.6143054962158203,0,0.10426294058561325,0,0,0,0,0,0,0.8623167276382446,0.912625253200531,0,0.1878717541694641,0.4055052697658539,0.5311015248298645,0,0
Pain,0,0,0,0,0,0,0,0,0,0.3359563946723938,0.1008266806602478,0.3012121319770813,0.24456092715263367,0,0.21271894872188568,0.15853126347064972,0,0,0,0.3790212571620941,0.5824422836303711,0,0,0,0,0.2719810903072357,0,0,0,0,0,0,0,0,0.4872671961784363,0.620966374874115,0,0.1221536323428154,0,0,0,0,0,0,0.8851411938667297,0.9326093196868896,0,0.18072545528411865,0.4329845905303955,0.5852906107902527,0,0
Pain,0,0,0,0.1061796322464943,0.11564803123474121,0,0,0,0,0.37510979175567627,0.16619542241096497,0.3051378130912781,0.26905789971351624,0,0.1969166398048401,0.14289255440235138,0,0,0,0.40696629881858826,0.5616283416748047,0,0,0,0,0.2749946117401123,0,0,0,0,0,0,0,0,0.49464938044548035,0.6284413933753967,0,0.12377901375293732,0,0,0,0,0,0,0.8965260982513428,0.9454996585845947,0,0.18144722282886505,0.421540230512619,0.6011331081390381,0,0
Pain,0,0,0,0.10359084606170654,0.11151678115129471,0,0,0,0,0.39052706956863403,0.15964114665985107,0.2860887050628662,0.23721139132976532,0,0.1599900722503662,0.11130572110414505,0,0,0,0.3775768280029297,0.6318522691726685,0,0,0,0,0.3210432231426239,0,0,0,0,0,0,0,0,0.4219069182872772,0.5650761127471924,0,0.13896970450878143,0,0,0,0,0,0,0.8954428434371948,0.944248616695404,0,0.18710288405418396,0.3025178909301758,0.4842899739742279,0,0
Pain,0,0,0,0.1348271667957306,0.13152457773685455,0,0,0,0,0.41150346398353577,0.1898881196975708,0.2802814245223999,0.235948845744133,0,0.11115153133869171,0,0,0,0,0.41475149989128113,0.6418628692626953,0,0,0,0,0.33273276686668396,0,0,0,0,0,0,0,0,0.3840380311012268,0.5103263854980469,0,0.13109374046325684,0,0,0,0,0,0,0.893061101436615,0.9434961676597595,0,0.1875787377357483,0.2383493334054947,0.42577144503593445,0,0
Pain,0,0,0,0,0,0,0,0,0,0.4510626494884491,0.2388775795698166,0.27752307057380676,0.245112806558609,0,0.19028548896312714,0.14401796460151672,0,0,0,0.47448277473449707,0.6062283515930176,0,0,0,0,0.2597450017929077,0,0,0,0,0,0,0,0,0.5720368027687073,0.7147820591926575,0,0.1017242819070816,0,0,0,0,0,0,0.8984764814376831,0.9344131350517273,0,0.2563621401786804,0.4773311913013458,0.6378462910652161,0,0
Pain,0,0,0,0,0,0,0,0,0,0.4121554493904114,0.152703657746315,0.24684621393680573,0.20085443556308746,0,0.21415098011493683,0.1577330082654953,0,0,0,0.40413790941238403,0.5861270427703857,0,0,0,0,0.2602115571498871,0,0,0,0,0,0,0,0,0.5238074064254761,0.6450669765472412,0,0.11060477048158646,0,0,0,0,0,0,0.89478999376297,0.9212101697921753,0,0.22586029767990112,0.4530962407588959,0.5278993248939514,0,0
Pain,0,0,0,0.11172416061162949,0.1466134935617447,0,0,0,0,0.4264722764492035,0.17997677624225616,0.29289889335632324,0.23007042706012726,0,0.12475352734327316,0,0,0,0,0.3583969175815582,0.6405094265937805,0,0,0,0,0.3108513355255127,0,0,0,0,0,0,0,0,0.46326613426208496,0.6328914761543274,0,0.1377924680709839,0,0,0,0,0,0,0.9075365662574768,0.942634105682373,0,0.214861199259758,0.3112258017063141,0.4683309495449066,0,0
Pain,0,0,0,0,0.10410778224468231,0,0,0,0,0.4452052414417267,0.19947592914104462,0.2804945409297943,0.2254345864057541,0,0.11871395260095596,0,0,0,0,0.3707437813282013,0.6247051358222961,0,0,0,0,0.3231370449066162,0,0,0,0,0,0,0,0,0.4038071632385254,0.5719093084335327,0,0.16810008883476257,0,0,0,0,0,0,0.9274073243141174,0.958168625831604,0,0.17876332998275757,0.31286513805389404,0.48452457785606384,0,0
Pain,0,0,0,0.18162734806537628,0.21091042459011078,0,0,0,0,0.4291885197162628,0.18530131876468658,0.31588903069496155,0.26349514722824097,0.12479639798402786,0.10374905169010162,0,0,0,0,0.37280482053756714,0.591341495513916,0,0,0,0,0.33151206374168396,0,0,0,0,0,0,0,0,0.42691490054130554,0.5802866220474243,0,0.13261643052101135,0,0,0,0,0,0,0.907783567905426,0.9480257034301758,0,0.2533351480960846,0.285383403301239,0.43174517154693604,0,0
Pain,0,0,0,0.14262568950653076,0.10704135149717331,0,0,0,0,0.37648528814315796,0.1743164211511612,0.25456762313842773,0.21929830312728882,0.11530187726020813,0,0,0,0,0,0.395853191614151,0.6335800886154175,0,0,0,0,0.3426806628704071,0,0,0,0,0,0,0,0,0.4323587119579315,0.551904559135437,0,0.10985492169857025,0,0,0,0,0,0,0.8963555693626404,0.943293571472168,0,0.2445235252380371,0.24516454339027405,0.4049100875854492,0,0
Pain,0,0,0,0.12151140719652176,0.10539211332798004,0,0,0,0,0.39666908979415894,0.1568065732717514,0.2706766128540039,0.2137112021446228,0,0.16868528723716736,0.1111568734049797,0,0,0,0.3319070339202881,0.633770227432251,0,0,0,0,0.2881365120410919,0,0,0,0,0,0,0,0,0.43687209486961365,0.5618540048599243,0,0.10594438016414642,0,0,0,0,0,0,0.8817236423492432,0.9322285652160645,0,0.2094215601682663,0.40601983666419983,0.5593082904815674,0,0
Pain,0,0,0,0.13170821964740753,0.16039498150348663,0,0,0,0,0.3742206394672394,0.13431788980960846,0.2732866704463959,0.22516144812107086,0,0.21190106868743896,0.14611469209194183,0,0,0,0.3762870728969574,0.5912916660308838,0,0,0,0,0.24380774796009064,0,0,0,0,0,0,0,0,0.5052444934844971,0.6637269258499146,0,0,0,0,0,0,0,0,0.8578464388847351,0.9082710146903992,0,0.26402518153190613,0.45551127195358276,0.5639951229095459,0,0
Pain,0,0,0,0.10581322759389877,0.1263972669839859,0,0,0,0,0.3612510561943054,0.1349179595708847,0.263657808303833,0.21152424812316895,0,0.22673921287059784,0.17486374080181122,0,0,0,0.4007505774497986,0.6297740936279297,0,0,0,0,0.26103100180625916,0,0,0,0,0,0,0,0,0.49558472633361816,0.6510905623435974,0,0,0,0,0,0,0,0,0.8704613447189331,0.9149907231330872,0,0.2565896809101105,0.42457014322280884,0.5661519765853882,0,0
Pain,0,0,0,0.11319614946842194,0.1732684075832367,0,0,0,0,0.34707966446876526,0.1369655579328537,0.2578391432762146,0.21309974789619446,0,0.24903112649917603,0.19357511401176453,0,0,0,0.4133877754211426,0.598608672618866,0,0,0,0,0.27822765707969666,0,0,0,0,0,0,0,0,0.4677684009075165,0.6376463174819946,0,0,0,0,0,0,0,0,0.8777082562446594,0.9170653820037842,0,0.25602996349334717,0.41560477018356323,0.5248872637748718,0,0
Pain,0,0,0,0,0,0,0,0,0,0.38241302967071533,0.1687205731868744,0.312966525554657,0.2661520540714264,0,0.1588774174451828,0.10815855115652084,0,0,0,0.3631693422794342,0.6361572742462158,0,0,0,0,0.27049538493156433,0,0,0,0,0,0,0,0,0.5127959251403809,0.6670248508453369,0,0.1289823055267334,0,0,0,0,0,0,0.8887128233909607,0.9390861392021179,0,0.17393125593662262,0.38546544313430786,0.5836229920387268,0,0
Pain,0,0,0,0.1725040227174759,0.13321109116077423,0,0,0,0,0.3579360842704773,0.1483132541179657,0.2949140667915344,0.25710099935531616,0,0.12354068458080292,0,0,0,0,0.3768390715122223,0.6086378693580627,0,0,0,0,0.26342275738716125,0,0,0,0,0,0,0,0,0.575423538684845,0.7017631530761719,0,0.1160535216331482,0,0,0,0,0,0,0.8930462002754211,0.9402655363082886,0,0.1917029768228531,0.38162916898727417,0.5739363431930542,0,0
Pain,0,0,0,0.22940438985824585,0.15290482342243195,0.11732329428195953,0,0,0,0.32049018144607544,0.11275249719619751,0.2459852546453476,0.21927200257778168,0.10934988409280777,0.10072720795869827,0,0,0,0,0.43772080540657043,0.5678547024726868,0,0,0,0,0.3195367753505707,0,0,0,0,0,0,0,0,0.4586237072944641,0.5797374248504639,0,0.11431223154067993,0,0,0,0,0,0,0.9128187894821167,0.9439886212348938,0.12607675790786743,0.2489592432975769,0.2893050014972687,0.42248809337615967,0,0
Pain,0,0,0,0.14505508542060852,0,0,0,0,0,0.3315538763999939,0.1283939778804779,0.24240241944789886,0.21668118238449097,0,0.13873527944087982,0,0,0,0,0.4509255290031433,0.5789481997489929,0,0,0,0,0.31314268708229065,0,0,0,0,0,0,0,0,0.44200897216796875,0.5970979332923889,0,0.11998337507247925,0,0,0,0,0,0,0.9061389565467834,0.9339069128036499,0,0.2441149652004242,0.34804368019104004,0.4636613130569458,0,0
Pain,0,0,0,0.12209733575582504,0,0,0,0,0,0.3682316839694977,0.12511326372623444,0.21775422990322113,0.1771569699048996,0,0.22716476023197174,0.15957117080688477,0,0,0,0.37247464060783386,0.5752074122428894,0,0,0,0,0.2759959101676941,0,0,0,0,0,0,0,0,0.5193504095077515,0.6722704172134399,0,0.14225272834300995,0,0,0,0,0,0,0.907636284828186,0.9324375987052917,0,0.25365835428237915,0.42448991537094116,0.5057897567749023,0,0
Pain,0,0,0,0,0,0,0,0,0,0.3758660554885864,0.18987327814102173,0.2845912277698517,0.23699791729450226,0,0.16153758764266968,0.11052025109529495,0,0,0,0.37648236751556396,0.5800053477287292,0,0,0,0,0.23736964166164398,0,0,0,0,0,0,0,0,0.5540655851364136,0.6951720118522644,0,0.15247151255607605,0,0,0,0,0,0,0.8839245438575745,0.9386095404624939,0,0.1680237501859665,0.43433907628059387,0.6329996585845947,0,0
Pain,0,0,0,0.22015023231506348,0.23327814042568207,0.12230990082025528,0,0,0,0.30003616213798523,0.11738994717597961,0.2269992232322693,0.1974393129348755,0,0.19033007323741913,0.13570886850357056,0,0,0,0.4235520362854004,0.5737389922142029,0,0,0,0,0.2768831253051758,0,0,0,0,0,0,0,0,0.5446081757545471,0.682352602481842,0,0.10245761275291443,0,0,0,0,0,0,0.8824277520179749,0.9173052906990051,0.11682727187871933,0.30773821473121643,0.4401775300502777,0.570176362991333,0,0
Pain,0,0,0,0.19871938228607178,0.17561011016368866,0.10021281987428665,0,0,0,0.3173990249633789,0.13045838475227356,0.24658054113388062,0.21760793030261993,0.10532370954751968,0.11069466918706894,0,0,0,0,0.4088349938392639,0.5788282155990601,0,0,0,0,0.31597745418548584,0,0,0,0,0,0,0,0,0.46053510904312134,0.5819153785705566,0,0.13488095998764038,0,0,0,0,0,0,0.8952345848083496,0.9301009178161621,0,0.23564642667770386,0.2873033583164215,0.42045190930366516,0,0
Pain,0,0,0,0.11713171005249023,0.10992854088544846,0,0,0,0,0.31884559988975525,0.1849697381258011,0.26343855261802673,0.23305614292621613,0,0.11049868911504745,0,0,0,0,0.4054744839668274,0.6292959451675415,0,0,0,0,0.3431018590927124,0,0,0,0,0,0,0,0,0.3838057518005371,0.5208056569099426,0,0.1362568885087967,0,0,0,0,0,0,0.891922116279602,0.9320898652076721,0,0.22747528553009033,0.30857181549072266,0.45258912444114685,0,0
Pain,0,0,0,0,0.14040429890155792,0,0,0,0,0.35401391983032227,0.1615547090768814,0.24509787559509277,0.2044137865304947,0,0.16911455988883972,0.11512075364589691,0,0,0,0.3998408019542694,0.6214793920516968,0,0,0,0,0.2935533821582794,0,0,0,0,0,0,0,0,0.47155675292015076,0.6269159317016602,0,0.11190245300531387,0,0,0,0,0,0,0.9008116722106934,0.9298272132873535,0,0.22191421687602997,0.38934120535850525,0.4834235906600952,0,0
Pain,0,0,0,0,0.1101495698094368,0,0,0,0,0.36739152669906616,0.1701141595840454,0.2627178430557251,0.22426657378673553,0,0.11349229514598846,0,0,0,0,0.40472412109375,0.6200191974639893,0,0,0,0,0.3083357810974121,0,0,0,0,0,0,0,0,0.45739638805389404,0.5983433723449707,0,0.11140494048595428,0,0,0,0,0,0,0.9046540856361389,0.9332712292671204,0,0.21030788123607635,0.35075071454048157,0.4603850543498993,0,0
Pain,0,0,0,0.11459115892648697,0,0,0,0,0,0.37696781754493713,0.1845259666442871,0.2803075909614563,0.24209854006767273,0,0.11592642962932587,0,0,0,0,0.36472636461257935,0.6182676553726196,0,0,0,0,0.32946640253067017,0,0,0,0,0,0,0,0,0.4036972224712372,0.5301812887191772,0,0.12290281057357788,0,0,0,0,0,0,0.8989753127098083,0.9392340183258057,0,0.18231943249702454,0.31972113251686096,0.4601449966430664,0,0
Pain,0,0,0,0.11343372613191605,0.10184257477521896,0,0,0,0,0.4075325131416321,0.13215284049510956,0.27099549770355225,0.22104953229427338,0,0.1944684237241745,0.14027456939220428,0,0,0,0.39688658714294434,0.6130698323249817,0,0,0,0,0.28332552313804626,0,0,0,0,0,0,0,0,0.4715092182159424,0.6189326047897339,0,0.10972468554973602,0,0,0,0,0,0,0.8946042656898499,0.9320731163024902,0,0.24927246570587158,0.44434264302253723,0.5929137468338013,0,0
Pain,0,0,0,0.14889006316661835,0.2217503935098648,0,0,0,0,0.3711164593696594,0.15575069189071655,0.2554425299167633,0.22268415987491608,0,0.12392351031303406,0,0,0,0,0.4330374002456665,0.5901572704315186,0,0,0,0,0.30587881803512573,0,0,0,0,0,0,0,0,0.4380471110343933,0.596439778804779,0,0.11349311470985413,0,0,0,0,0,0,0.9143573045730591,0.9323657155036926,0.1514941304922104,0.25352656841278076,0.46006035804748535,0.5852774977684021,0,0
Pain,0,0,0,0.14116805791854858,0.15163004398345947,0,0,0,0,0.3574187457561493,0.1291130781173706,0.27889370918273926,0.23630206286907196,0,0.22259469330310822,0.16398659348487854,0,0,0,0.41279828548431396,0.5705748200416565,0,0,0,0,0.2940734028816223,0,0,0,0,0,0,0,0,0.4716830849647522,0.6174395084381104,0,0.1096639335155487,0,0,0,0,0,0,0.900959849357605,0.9292837381362915,0,0.22688999772071838,0.3634799122810364,0.4700167775154114,0,0
Pain,0,0,0,0,0.10973851382732391,0,0,0,0,0.3807394504547119,0.16593246161937714,0.2552766501903534,0.21824777126312256,0,0.17670786380767822,0.12461817264556885,0,0,0,0.4168670177459717,0.6175239086151123,0,0,0,0,0.2974843978881836,0,0,0,0,0,0,0,0,0.437683641910553,0.5996522903442383,0,0.11657325178384781,0,0,0,0,0,0,0.9011300802230835,0.932874321937561,0,0.18862923979759216,0.3726562559604645,0.5189337730407715,0,0
Pain,0,0,0,0.10337844491004944,0,0,0,0,0,0.38750332593917847,0.18488726019859314,0.2844177782535553,0.2541470229625702,0,0.10447731614112854,0,0,0,0,0.4049232006072998,0.597933292388916,0,0,0,0,0.3149755299091339,0,0,0,0,0,0,0,0,0.4028693437576294,0.5302567481994629,0,0.12325489521026611,0,0,0,0,0,0,0.8962896466255188,0.9325269460678101,0,0.1189265325665474,0.403302937746048,0.554695725440979,0,0
Pain,0,0,0,0,0.11661744862794876,0,0,0,0,0.36279481649398804,0.14483928680419922,0.24058476090431213,0.20402151346206665,0,0.22786584496498108,0.1774187833070755,0,0,0,0.43470534682273865,0.5853663682937622,0,0,0,0,0.30482569336891174,0,0,0,0,0,0,0,0,0.44041919708251953,0.5888603925704956,0,0.11221704632043839,0,0,0,0,0,0,0.9035436511039734,0.9336155652999878,0,0.22315888106822968,0.3623431622982025,0.4701022803783417,0,0
Pain,0,0,0,0,0,0,0,0,0,0.35401156544685364,0.16238711774349213,0.28046318888664246,0.23965571820735931,0,0.1427602618932724,0.10179515182971954,0,0,0,0.3873465955257416,0.6238120794296265,0,0,0,0,0.31871041655540466,0,0,0,0,0,0,0,0,0.4492684602737427,0.5863572359085083,0,0.12775102257728577,0,0,0,0,0,0,0.906580924987793,0.9372191429138184,0,0.1747809648513794,0.41633644700050354,0.5376958250999451,0,0
Pain,0,0,0,0,0.10543379932641983,0,0,0,0,0.3941587507724762,0.15025076270103455,0.24565668404102325,0.18812295794487,0,0.27766233682632446,0.23007608950138092,0,0,0,0.3987039029598236,0.6109236478805542,0,0,0,0,0.2974628508090973,0,0,0,0,0,0,0,0,0.45933449268341064,0.6059504747390747,0,0.11290902644395828,0,0,0,0,0,0,0.8876117467880249,0.9175021648406982,0,0.2137187123298645,0.4111216068267822,0.5064396858215332,0,0
Pain,0,0,0,0,0.1019873395562172,0,0,0,0,0.37654364109039307,0.16032452881336212,0.2811969220638275,0.2130337804555893,0,0.21993890404701233,0.1677258014678955,0,0,0,0.3378834128379822,0.6321448087692261,0,0,0,0,0.2883564829826355,0,0,0,0,0,0,0,0,0.4421156048774719,0.5863943099975586,0,0.11255199462175369,0,0,0,0,0,0,0.8728526830673218,0.9228841066360474,0,0.16328854858875275,0.3789522349834442,0.48980483412742615,0,0
Pain,0,0,0,0,0,0,0,0,0,0.3820715844631195,0.16851817071437836,0.2993276119232178,0.2415936440229416,0,0.22269411385059357,0.16665497422218323,0,0,0,0.3399953842163086,0.6352435350418091,0,0,0,0,0.30525490641593933,0,0,0,0,0,0,0,0,0.3796149492263794,0.5309604406356812,0,0.12658941745758057,0,0,0,0,0,0,0.8803948760032654,0.9321786165237427,0,0.16058045625686646,0.3503750264644623,0.5138001441955566,0,0
Pain,0,0,0,0,0,0,0,0,0,0.3572694957256317,0.19675567746162415,0.29881051182746887,0.2597263753414154,0,0.2044861614704132,0.1495930403470993,0,0,0,0.37488842010498047,0.614122211933136,0,0,0,0,0.32914894819259644,0,0,0,0,0,0,0,0,0.3346611559391022,0.5010276436805725,0,0.10962746292352676,0,0,0,0,0,0,0.881658673286438,0.9269168376922607,0,0.1863422840833664,0.3704856336116791,0.49361997842788696,0,0
Pain,0,0,0,0,0.14413581788539886,0,0,0,0,0.37929749488830566,0.1714697629213333,0.3038487434387207,0.24647721648216248,0,0.20179234445095062,0.14321398735046387,0,0,0,0.36882439255714417,0.6341056823730469,0,0,0,0,0.289461612701416,0,0,0,0,0,0,0,0,0.46101102232933044,0.6313455104827881,0,0,0,0,0,0,0,0,0.8914641737937927,0.9256254434585571,0,0.21690954267978668,0.4132046103477478,0.489250510931015,0,0
Pain,0,0,0,0,0,0,0,0,0,0.3649996519088745,0.14013636112213135,0.2726046144962311,0.21349583566188812,0,0.153707817196846,0.11135230958461761,0,0,0,0.3705812692642212,0.6360230445861816,0,0,0,0,0.287606805562973,0,0,0,0,0,0,0,0,0.45385244488716125,0.5961885452270508,0,0.11696287244558334,0,0,0,0,0,0,0.8901382684707642,0.9246408343315125,0,0.16505353152751923,0.4389359951019287,0.5224676132202148,0,0
Pain,0,0,0,0.10424292832612991,0.11205413937568665,0,0,0,0,0.35941410064697266,0.15485359728336334,0.28583067655563354,0.23761487007141113,0,0.20314635336399078,0.14707961678504944,0,0,0,0.3785131275653839,0.6070980429649353,0,0,0,0,0.3068385124206543,0,0,0,0,0,0,0,0,0.42553892731666565,0.5610642433166504,0,0.12413091957569122,0,0,0,0,0,0,0.9008057117462158,0.937944769859314,0,0.17579779028892517,0.39542219042778015,0.5201131105422974,0,0
Pain,0,0,0,0,0,0,0,0,0,0.34503185749053955,0.1498246043920517,0.2961931526660919,0.24574454128742218,0,0.16258080303668976,0.1181720569729805,0,0,0,0.37691730260849,0.614698588848114,0,0,0,0,0.2872227132320404,0,0,0,0,0,0,0,0,0.45116540789604187,0.5817553997039795,0,0.12965825200080872,0,0,0,0,0,0,0.8965281844139099,0.9356501698493958,0,0.15722370147705078,0.42893457412719727,0.5772782564163208,0,0
Pain,0,0,0,0,0.10587204247713089,0,0,0,0,0.3653935194015503,0.1476694792509079,0.30067235231399536,0.24887675046920776,0,0.19065746665000916,0.13602186739444733,0,0,0,0.35039278864860535,0.5745618343353271,0,0,0,0,0.2854645550251007,0,0,0,0,0,0,0,0,0.4694545269012451,0.6174166202545166,0,0.13704422116279602,0,0,0,0,0,0,0.8924446105957031,0.9387668371200562,0,0.1749151647090912,0.3933258354663849,0.543678879737854,0,0
Pain,0,0,0,0,0.12111499160528183,0,0,0,0,0.4123833477497101,0.2891393005847931,0.30107972025871277,0.26648640632629395,0,0.17777451872825623,0.1213473454117775,0,0,0,0.375886470079422,0.5752367973327637,0,0,0,0,0.31552189588546753,0,0,0,0,0,0,0,0,0.42639607191085815,0.5976659655570984,0,0.13647310435771942,0,0,0,0,0,0,0.8992183804512024,0.9391348361968994,0,0.21921850740909576,0.34144914150238037,0.5118973851203918,0,0
Pain,0,0,0,0,0,0,0,0,0,0.3944399654865265,0.1890186369419098,0.3214919865131378,0.2834698259830475,0,0.2648507356643677,0.20081865787506104,0,0,0,0.3591832220554352,0.5850021243095398,0,0,0,0,0.29020148515701294,0,0,0,0,0,0,0,0,0.41782426834106445,0.5940029621124268,0,0.1405763477087021,0,0,0,0,0,0,0.890407919883728,0.9343811869621277,0,0.1833803802728653,0.4399178624153137,0.6020635962486267,0,0
Pain,0,0,0,0,0,0,0,0,0,0.4164549708366394,0.1452299952507019,0.22883719205856323,0.18383696675300598,0,0.15298707783222198,0.11119680106639862,0,0,0,0.41680285334587097,0.6067265272140503,0,0,0,0,0.2908698320388794,0,0,0,0,0,0,0,0,0.4411813020706177,0.6208412647247314,0,0.1005440354347229,0,0,0,0,0,0,0.8857403993606567,0.9147804379463196,0.11523941159248352,0.28858888149261475,0.4557919204235077,0.558324933052063,0,0
Pain,0,0,0,0,0,0,0,0,0,0.41121238470077515,0.15862677991390228,0.25385618209838867,0.20020200312137604,0,0.2633660137653351,0.20476359128952026,0,0,0,0.39835628867149353,0.5993235111236572,0,0,0,0,0.22238507866859436,0,0,0,0,0,0,0,0,0.5874646902084351,0.7281693816184998,0,0.12269449234008789,0,0,0,0,0,0,0.8864233493804932,0.918361246585846,0,0.2162104994058609,0.583188533782959,0.6744959950447083,0,0
Pain,0,0,0,0,0,0,0,0,0,0.345184326171875,0.15283021330833435,0.24532896280288696,0.19495290517807007,0,0.24463407695293427,0.1825084537267685,0,0,0,0.3497972786426544,0.6445885896682739,0,0,0,0,0.2655310332775116,0,0,0,0,0,0,0,0,0.4853106141090393,0.6283590793609619,0,0.12188975512981415,0,0,0,0,0,0,0.8863713145256042,0.9254916310310364,0,0.16480126976966858,0.4484691023826599,0.572617769241333,0,0
Pain,0,0,0,0,0,0,0,0,0,0.3488472104072571,0.12657354772090912,0.26680269837379456,0.21304500102996826,0,0.23722417652606964,0.18809793889522552,0,0,0,0.3735872805118561,0.604249119758606,0,0,0,0,0.2833459675312042,0,0,0,0,0,0,0,0,0.45599836111068726,0.5917682647705078,0,0.10371701419353485,0,0,0,0,0,0,0.8864564299583435,0.9171608686447144,0,0.1804545819759369,0.46294939517974854,0.5398171544075012,0,0
Pain,0,0,0,0.1015443280339241,0.15490636229515076,0,0,0,0,0.35950472950935364,0.20077913999557495,0.24597284197807312,0.19653430581092834,0,0.20200353860855103,0.14272849261760712,0,0,0,0.355794757604599,0.593623161315918,0,0,0,0,0.33464813232421875,0,0,0,0,0,0,0,0,0.42104285955429077,0.5900449752807617,0,0.13895218074321747,0,0,0,0,0,0,0.9283126592636108,0.9544427990913391,0,0.1703214794397354,0.31184208393096924,0.46504250168800354,0,0
Pain,0,0,0,0.1254325807094574,0.14034153521060944,0,0,0,0,0.3664133548736572,0.14223386347293854,0.2552815079689026,0.2006518840789795,0,0.12455683201551437,0,0,0,0,0.373515784740448,0.6125662326812744,0,0,0,0,0.3527422249317169,0,0,0,0,0,0,0,0,0.3426930606365204,0.49611467123031616,0,0.11809796094894409,0,0,0,0,0,0,0.9074039459228516,0.9389516115188599,0,0.2000187635421753,0.28936895728111267,0.43226319551467896,0,0
Pain,0,0,0,0.15395142138004303,0.13984380662441254,0,0,0,0,0.3730699419975281,0.16244708001613617,0.25596103072166443,0.21035528182983398,0,0.10163488239049911,0,0,0,0,0.3684849143028259,0.647216260433197,0,0,0,0,0.35066521167755127,0,0,0,0,0,0,0,0,0.32557615637779236,0.4362563490867615,0,0.12230605632066727,0,0,0,0,0,0,0.8845645189285278,0.9358198046684265,0,0.20077422261238098,0.23264005780220032,0.4155319631099701,0,0
Pain,0,0,0,0.10878445953130722,0.1148306280374527,0,0,0,0,0.3845265805721283,0.1539757251739502,0.2808254659175873,0.22871197760105133,0,0.20879943668842316,0.1495898962020874,0,0,0,0.3624413013458252,0.5954011678695679,0,0,0,0,0.2773417830467224,0,0,0,0,0,0,0,0,0.48603004217147827,0.6223770380020142,0,0.12137079983949661,0,0,0,0,0,0,0.8803457617759705,0.9324650168418884,0,0.16662229597568512,0.32591068744659424,0.516148567199707,0,0
Pain,0,0,0,0,0,0,0,0,0,0.35651111602783203,0.1725234091281891,0.3016553223133087,0.25594988465309143,0,0.2738631069660187,0.21121665835380554,0,0,0,0.34553003311157227,0.6231493949890137,0,0,0,0,0.25469347834587097,0,0,0,0,0,0,0,0,0.5180119276046753,0.6799421310424805,0,0.1027606874704361,0,0,0,0,0,0,0.8773081302642822,0.9269881844520569,0,0.19376005232334137,0.3812032639980316,0.5286837220191956,0,0
Pain,0,0,0,0,0,0,0,0,0,0.3782738745212555,0.18009355664253235,0.2725473940372467,0.2282683253288269,0,0.1611238270998001,0.10892637073993683,0,0,0,0.33868876099586487,0.6226723194122314,0,0,0,0,0.28787365555763245,0,0,0,0,0,0,0,0,0.44059354066848755,0.5860971212387085,0,0.12356772273778915,0,0,0,0,0,0,0.8830091953277588,0.9339122176170349,0,0.17095154523849487,0.32613831758499146,0.474971204996109,0,0
Pain,0,0,0,0,0,0,0,0,0,0.35731878876686096,0.12213228642940521,0.2508319318294525,0.1981811821460724,0,0.27218571305274963,0.2172325998544693,0,0,0,0.37278082966804504,0.6032990217208862,0,0,0,0,0.28037509322166443,0,0,0,0,0,0,0,0,0.4626712203025818,0.6200806498527527,0,0,0,0,0,0,0,0,0.8905001878738403,0.925541877746582,0,0.20971985161304474,0.3378165662288666,0.4616584777832031,0,0
Pain,0,0,0,0,0.12324730306863785,0,0,0,0,0.4181228578090668,0.15779228508472443,0.2880932092666626,0.22405023872852325,0,0.21537628769874573,0.1684521734714508,0,0,0,0.352340430021286,0.6203633546829224,0,0,0,0,0.25205764174461365,0,0,0,0,0,0,0,0,0.4925084710121155,0.6271786689758301,0,0.11413680762052536,0,0,0,0,0,0,0.873806893825531,0.9247753024101257,0,0.1773209273815155,0.38197222352027893,0.5516477823257446,0,0
Pain,0,0,0,0.10812707245349884,0.11818094551563263,0,0,0,0,0.3732367157936096,0.16146141290664673,0.2790883183479309,0.23933444917201996,0,0.14302118122577667,0.10255546867847443,0,0,0,0.3892495334148407,0.6018981337547302,0,0,0,0,0.2979966700077057,0,0,0,0,0,0,0,0,0.467815637588501,0.5970593690872192,0,0.11745671182870865,0,0,0,0,0,0,0.892080545425415,0.9362215995788574,0,0.17724274098873138,0.36636292934417725,0.5376410484313965,0,0
Pain,0,0,0,0,0.12238489836454391,0,0,0,0,0.3766440153121948,0.1547185629606247,0.27012598514556885,0.22375081479549408,0,0.15465810894966125,0.11274831742048264,0,0,0,0.4038607180118561,0.5885680913925171,0,0,0,0,0.28438693284988403,0,0,0,0,0,0,0,0,0.45718106627464294,0.5970391631126404,0,0.11162684112787247,0,0,0,0,0,0,0.8883337378501892,0.9284643530845642,0,0.20884969830513,0.36644670367240906,0.49294009804725647,0,0
Pain,0,0,0,0,0,0,0,0,0,0.3895667791366577,0.15176400542259216,0.2231471985578537,0.1663418859243393,0,0.2675701379776001,0.1994057297706604,0,0,0,0.3390742242336273,0.6048335433006287,0,0,0,0,0.31478118896484375,0,0,0,0,0,0,0,0,0.40533313155174255,0.5453792214393616,0,0.16738155484199524,0,0,0,0,0,0,0.9092567563056946,0.9488140940666199,0,0.15984001755714417,0.2796909213066101,0.41459813714027405,0,0
Pain,0,0,0,0,0.12582458555698395,0,0,0,0,0.38390326499938965,0.1765376329421997,0.2234780192375183,0.19169704616069794,0,0.16631756722927094,0.10833647102117538,0,0,0,0.3868750333786011,0.5676211714744568,0,0,0,0,0.29983586072921753,0,0,0,0,0,0,0,0,0.42547670006752014,0.594760537147522,0,0.12730196118354797,0,0,0,0,0,0,0.9023189544677734,0.9350129961967468,0,0.22719711065292358,0.3432193100452423,0.4792059361934662,0,0
Pain,0,0,0,0,0.14002548158168793,0,0,0,0,0.3996939957141876,0.23067604005336761,0.2615543603897095,0.23299305140972137,0,0.1868535578250885,0.13794592022895813,0,0,0,0.42987319827079773,0.6196669936180115,0,0,0,0,0.2406855821609497,0,0,0,0,0,0,0,0,0.5885546803474426,0.7213269472122192,0,0.11287964880466461,0,0,0,0,0,0,0.8849385976791382,0.9234288334846497,0,0.2007211446762085,0.4466806948184967,0.5809401273727417,0,0
Pain,0,0,0,0,0.13666042685508728,0,0,0,0,0.42770877480506897,0.18514950573444366,0.26998454332351685,0.22682271897792816,0,0.23100747168064117,0.18252871930599213,0,0,0,0.4141070544719696,0.5770176649093628,0,0,0,0,0.24511729180812836,0,0,0,0,0,0,0,0,0.5369256734848022,0.6949084997177124,0,0.10445202887058258,0,0,0,0,0,0,0.8580670356750488,0.9030648469924927,0,0.22708933055400848,0.5027137994766235,0.632122278213501,0,0
Pain,0,0,0,0,0.1000373363494873,0,0,0,0,0.3762893080711365,0.13768242299556732,0.2715083360671997,0.20190756022930145,0,0.20935167372226715,0.16559360921382904,0,0,0,0.37662363052368164,0.6654201745986938,0,0,0,0,0.2609882056713104,0,0,0,0,0,0,0,0,0.471150279045105,0.6362028121948242,0,0.10227372497320175,0,0,0,0,0,0,0.8627415299415588,0.9115129709243774,0,0.22338014841079712,0.4600392282009125,0.5818043947219849,0,0
Pain,0,0,0,0,0.10301484167575836,0,0,0,0,0.3622974455356598,0.1394217610359192,0.2693435847759247,0.20510751008987427,0,0.17985159158706665,0.13414520025253296,0,0,0,0.38105180859565735,0.6263262033462524,0,0,0,0,0.28520190715789795,0,0,0,0,0,0,0,0,0.4185602068901062,0.5830448269844055,0,0.11343897879123688,0,0,0,0,0,0,0.8826687932014465,0.921086311340332,0,0.20285269618034363,0.44523850083351135,0.5401382446289062,0,0
Pain,0,0,0,0,0,0,0,0,0,0.36194634437561035,0.18691207468509674,0.3182438611984253,0.2654343843460083,0,0.18680378794670105,0.13623088598251343,0,0,0,0.3574824333190918,0.6446599960327148,0,0,0,0,0.2982834279537201,0,0,0,0,0,0,0,0,0.4516250789165497,0.5970635414123535,0,0.13575008511543274,0,0,0,0,0,0,0.8847642540931702,0.9339033961296082,0,0.17506295442581177,0.4020718038082123,0.5505968332290649,0,0
Pain,0,0,0,0.10372848808765411,0.11763209849596024,0,0,0,0,0.3173411786556244,0.14925186336040497,0.2930920124053955,0.24522271752357483,0,0.1743544340133667,0.1252792328596115,0,0,0,0.34650206565856934,0.6359393000602722,0,0,0,0,0.30158329010009766,0,0,0,0,0,0,0,0,0.47210508584976196,0.6031947135925293,0,0.10962222516536713,0,0,0,0,0,0,0.8890256285667419,0.9325709342956543,0,0.18399521708488464,0.34922313690185547,0.4796164929866791,0,0
Pain,0,0,0,0,0,0,0,0,0,0.38212984800338745,0.22035928070545197,0.3049512207508087,0.25775131583213806,0,0.33211424946784973,0.2285468429327011,0,0,0,0.31407177448272705,0.6236034631729126,0,0,0,0,0.2987833619117737,0,0,0,0,0,0,0,0,0.3910408318042755,0.5430235862731934,0,0.15904733538627625,0,0,0,0,0,0,0.9088984727859497,0.9537771344184875,0,0,0.3271394968032837,0.5774911642074585,0,0
Pain,0,0,0,0,0.11636623740196228,0,0,0,0,0.35394299030303955,0.14420893788337708,0.29548707604408264,0.2300378978252411,0,0.17042140662670135,0.12859416007995605,0,0,0,0.31409552693367004,0.639790415763855,0,0,0,0,0.25986266136169434,0,0,0,0,0,0,0,0,0.49043333530426025,0.6431676149368286,0,0.10108818113803864,0,0,0,0,0,0,0.8564215898513794,0.9147439002990723,0,0.18567240238189697,0.38733822107315063,0.5407223701477051,0,0
Pain,0,0,0,0,0,0,0,0,0,0.3433009386062622,0.13561081886291504,0.28662988543510437,0.24244119226932526,0,0.27347686886787415,0.22000660002231598,0,0,0,0.3617837727069855,0.5554426312446594,0,0,0,0,0.2707851529121399,0,0,0,0,0,0,0,0,0.4888466000556946,0.6524454355239868,0,0.1032719761133194,0,0,0,0,0,0,0.8878875970840454,0.9281189441680908,0,0.20970173180103302,0.4189431071281433,0.542850136756897,0,0
Pain,0,0,0,0.150729238986969,0.10845346003770828,0,0,0,0,0.3648500144481659,0.18308107554912567,0.26564404368400574,0.2221456915140152,0,0.17996925115585327,0.14402733743190765,0,0,0,0.3771207630634308,0.6213854551315308,0,0,0,0,0.2652426064014435,0,0,0,0,0,0,0,0,0.5244020223617554,0.6508196592330933,0,0.10003050416707993,0,0,0,0,0,0,0.8715072870254517,0.9154879450798035,0,0.24498343467712402,0.4187081754207611,0.5674660205841064,0,0
Pain,0,0,0,0.10632862895727158,0,0,0,0,0,0.38373878598213196,0.12738639116287231,0.26557815074920654,0.1980259269475937,0,0.17403985559940338,0.13149428367614746,0,0,0,0.36075878143310547,0.6362480521202087,0,0,0,0,0.27654218673706055,0,0,0,0,0,0,0,0,0.46167653799057007,0.6028525233268738,0,0,0,0,0,0,0,0,0.8626013994216919,0.9114324450492859,0,0.2445237785577774,0.3763222098350525,0.5053457617759705,0,0
Pain,0,0,0,0,0,0,0,0,0,0.36411619186401367,0.18131907284259796,0.3238055408000946,0.26851537823677063,0,0.17634615302085876,0.1305328607559204,0,0,0,0.3299326002597809,0.6417197585105896,0,0,0,0,0.2679995894432068,0,0,0,0,0,0,0,0,0.4991840720176697,0.6470907926559448,0,0.14465169608592987,0,0,0,0,0,0,0.8894209265708923,0.9400340914726257,0,0.1565748155117035,0.41697239875793457,0.6228421926498413,0,0
Pain,0,0,0,0,0,0,0,0,0,0.41607192158699036,0.18221136927604675,0.3067037761211395,0.24362292885780334,0,0.18815703690052032,0.1311277151107788,0,0,0,0.3263925313949585,0.6326936483383179,0,0,0,0,0.3019007742404938,0,0,0,0,0,0,0,0,0.4823470711708069,0.6579937934875488,0,0.12644191086292267,0,0,0,0,0,0,0.8884743452072144,0.9364956617355347,0,0.22917145490646362,0.28770580887794495,0.44040369987487793,0,0
Pain,0,0,0,0,0,0,0,0,0,0.4096030592918396,0.16916276514530182,0.26242226362228394,0.204431414604187,0,0.2745243012905121,0.20952486991882324,0,0,0,0.3275427222251892,0.6294124126434326,0,0,0,0,0.2616691589355469,0,0,0,0,0,0,0,0,0.5047301054000854,0.669386625289917,0,0.11803486943244934,0,0,0,0,0,0,0.8713960647583008,0.9270111322402954,0,0.24983364343643188,0.2921897768974304,0.4294707477092743,0,0
Pain,0,0,0,0.11934442073106766,0.11364336311817169,0,0,0,0,0.4309871196746826,0.16341465711593628,0.2298850119113922,0.1717981994152069,0,0.26506108045578003,0.19674484431743622,0,0,0,0.3758103847503662,0.6057921648025513,0,0,0,0,0.27102407813072205,0,0,0,0,0,0,0,0,0.4884481728076935,0.6191971898078918,0,0.10935647785663605,0,0,0,0,0,0,0.8625826239585876,0.9089781641960144,0,0.33835357427597046,0.3268294632434845,0.412317156791687,0,0
Pain,0,0,0,0.11460365355014801,0.10038534551858902,0,0,0,0,0.4075651466846466,0.1605069488286972,0.24259614944458008,0.19339998066425323,0,0.2804180681705475,0.21868248283863068,0,0,0,0.4172021150588989,0.6211482286453247,0,0,0,0,0.3083488941192627,0,0,0,0,0,0,0,0,0.43020710349082947,0.6010521650314331,0,0,0,0,0,0,0,0,0.8992239236831665,0.9175559282302856,0.10423611104488373,0.28074631094932556,0.43699008226394653,0.49011704325675964,0,0
Pain,0,0,0,0,0,0,0,0,0,0.36640608310699463,0.1727943867444992,0.30220910906791687,0.24554412066936493,0,0.230290025472641,0.17396289110183716,0,0,0,0.38293060660362244,0.6241332292556763,0,0,0,0,0.28925350308418274,0,0,0,0,0,0,0,0,0.46661537885665894,0.6302640438079834,0,0,0,0,0,0,0,0,0.8793568015098572,0.9236379265785217,0,0.2299039512872696,0.4041725993156433,0.5099213123321533,0,0
Pain,0,0,0,0.10313556343317032,0.13423241674900055,0,0,0,0,0.3509746789932251,0.17100609838962555,0.2651917040348053,0.21940580010414124,0,0.3625122010707855,0.29457196593284607,0,0,0,0.3424393832683563,0.6275557279586792,0,0,0,0,0.3069973289966583,0,0,0,0,0,0,0,0,0.35958757996559143,0.5284440517425537,0,0,0,0,0,0,0,0,0.8773782253265381,0.9245178699493408,0,0.1877284049987793,0.3409976065158844,0.46483656764030457,0,0
Pain,0,0,0,0.13692136108875275,0.1802884340286255,0,0,0,0,0.3738786578178406,0.17483432590961456,0.24278023838996887,0.19741278886795044,0,0.13379105925559998,0,0,0,0,0.38206252455711365,0.582811176776886,0,0,0,0,0.33654695749282837,0,0,0,0,0,0,0,0,0.3995979428291321,0.5683923363685608,0,0.14626841247081757,0,0,0,0,0,0,0.918573796749115,0.9473280906677246,0,0.1690991371870041,0.25446420907974243,0.4107150137424469,0,0
Pain,0,0,0,0,0,0,0,0,0,0.3988519012928009,0.16918258368968964,0.2861805856227875,0.24118775129318237,0,0.13801418244838715,0,0,0,0,0.36162257194519043,0.6107317805290222,0,0,0,0,0.3232499063014984,0,0,0,0,0,0,0,0,0.3973931670188904,0.5343711972236633,0,0.13488329946994781,0,0,0,0,0,0,0.9046674370765686,0.946760356426239,0,0.14178669452667236,0.3532218039035797,0.546044647693634,0,0
Pain,0,0,0,0.24360933899879456,0.29532667994499207,0.12433374673128128,0,0,0,0.31074875593185425,0.1225629597902298,0.21115954220294952,0.18998350203037262,0,0.21326608955860138,0.14639653265476227,0,0,0,0.4705398678779602,0.567697286605835,0,0,0,0,0.3048124611377716,0,0,0,0,0,0,0,0,0.48682504892349243,0.6454696655273438,0,0,0,0,0,0,0,0,0.903986394405365,0.9274128675460815,0.17235907912254333,0.3529672622680664,0.45015719532966614,0.5788675546646118,0,0
Pain,0,0,0,0.15830658376216888,0.19568181037902832,0,0,0,0,0.3357723653316498,0.12471084296703339,0.22628167271614075,0.19365859031677246,0,0.14983925223350525,0.10191657394170761,0,0,0,0.4373835027217865,0.5784432291984558,0,0,0,0,0.3063582479953766,0,0,0,0,0,0,0,0,0.5315337181091309,0.672498345375061,0,0,0,0,0,0,0,0,0.9041596055030823,0.9310469031333923,0.10818752646446228,0.3102797865867615,0.3509030342102051,0.473248153924942,0,0
Pain,0,0,0,0,0.10333316028118134,0,0,0,0,0.3515991270542145,0.16589611768722534,0.22064131498336792,0.16532722115516663,0,0.2366989403963089,0.1845995932817459,0,0,0.10722511261701584,0.39080390334129333,0.65752112865448,0,0,0,0,0.2969653010368347,0,0,0,0,0,0,0,0,0.4500253200531006,0.5989962816238403,0,0,0,0,0,0,0,0,0.8759350180625916,0.9187670946121216,0,0.2574399411678314,0.3843570053577423,0.5139740705490112,0,0
Pain,0,0,0,0,0,0,0,0,0,0.3660779297351837,0.17369642853736877,0.18885330855846405,0.16227194666862488,0,0.25185272097587585,0.19786465167999268,0,0,0.10547524690628052,0.43050751090049744,0.6159799695014954,0,0,0,0,0.29219841957092285,0,0,0,0,0,0,0,0,0.4573502540588379,0.6329848766326904,0,0,0,0,0,0,0,0,0.8841676115989685,0.9106227159500122,0,0.2854832112789154,0.4512355327606201,0.5098424553871155,0,0
Pain,0,0,0,0.118990957736969,0.12746743857860565,0,0,0,0,0.3853871524333954,0.17891345918178558,0.24013414978981018,0.21001574397087097,0,0.22262409329414368,0.166190966963768,0,0,0,0.37262824177742004,0.5853490233421326,0,0,0,0,0.31914517283439636,0,0,0,0,0,0,0,0,0.4347051978111267,0.5977413654327393,0,0.1061602234840393,0,0,0,0,0,0,0.8862907290458679,0.9283477067947388,0,0.25044727325439453,0.33922165632247925,0.469566285610199,0,0
Pain,0,0,0,0.1444457322359085,0,0,0,0,0,0.3700445294380188,0.185061514377594,0.2789806127548218,0.2447521835565567,0,0.17148204147815704,0.11872997134923935,0,0,0,0.3693956136703491,0.5984874963760376,0,0,0,0,0.33079198002815247,0,0,0,0,0,0,0,0,0.4160093665122986,0.5629389882087708,0,0.10569687932729721,0,0,0,0,0,0,0.8898119330406189,0.933803141117096,0,0.18343473970890045,0.29913052916526794,0.4254036247730255,0,0
Pain,0,0,0,0.20029234886169434,0.1664174646139145,0.13872286677360535,0,0,0,0.4087327718734741,0.23190054297447205,0.3051096498966217,0.268380343914032,0,0.23238174617290497,0.16896164417266846,0,0,0,0.4526013433933258,0.6077221035957336,0,0,0,0,0.2663126587867737,0,0,0,0,0,0,0,0,0.5412046313285828,0.72752845287323,0,0,0,0,0,0,0,0,0.9008443355560303,0.9257795810699463,0,0.24307163059711456,0.5376520156860352,0.6348928213119507,0,0
Pain,0,0,0,0.15504150092601776,0.14449924230575562,0.1000160202383995,0,0,0,0.41309916973114014,0.20749780535697937,0.30760458111763,0.259501188993454,0,0.15486042201519012,0.10578247904777527,0,0,0,0.3938380479812622,0.6417394876480103,0,0,0,0,0.3303709626197815,0,0,0,0,0,0,0,0,0.4147678017616272,0.5558563470840454,0,0.11159425973892212,0,0,0,0,0,0,0.904270589351654,0.9407511949539185,0,0.1608954668045044,0.26519858837127686,0.4144268333911896,0,0
Pain,0,0,0,0.12766201794147491,0,0,0,0,0,0.4162091910839081,0.1608150601387024,0.2701709270477295,0.21711041033267975,0,0.1836138814687729,0.11104917526245117,0,0,0,0.3503074645996094,0.6144210696220398,0,0,0,0,0.34072646498680115,0,0,0,0,0,0,0,0,0.4213835299015045,0.5715450048446655,0,0.12500815093517303,0,0,0,0,0,0,0.896975576877594,0.9345665574073792,0,0.24720758199691772,0.2940773367881775,0.410225510597229,0,0
Pain,0,0,0,0,0,0,0,0,0,0.3840612471103668,0.17119015753269196,0.28283488750457764,0.22419078648090363,0,0.2372768223285675,0.177766352891922,0,0,0,0.33121728897094727,0.6082824468612671,0,0,0,0,0.2850978374481201,0,0,0,0,0,0,0,0,0.49415549635887146,0.6491503715515137,0,0.14340254664421082,0,0,0,0,0,0,0.8892418146133423,0.9351719617843628,0,0.2083454728126526,0.3026087284088135,0.47504934668540955,0,0
Pain,0,0,0,0.1328175961971283,0.14250625669956207,0,0,0,0,0.3697560727596283,0.15492023527622223,0.2786732614040375,0.22049503028392792,0,0.2736191153526306,0.20724612474441528,0,0,0,0.33888664841651917,0.5736523270606995,0,0,0,0,0.28335049748420715,0,0,0,0,0,0,0,0,0.5045117139816284,0.6727120876312256,0,0,0,0,0,0,0,0,0.8723047375679016,0.913263201713562,0.10058680921792984,0.31642696261405945,0.31691357493400574,0.4414994716644287,0,0
Pain,0,0,0,0,0,0,0,0,0,0.3792421221733093,0.1952570676803589,0.3305182158946991,0.27953609824180603,0,0.15251581370830536,0.11034287512302399,0,0,0,0.3256818950176239,0.6085038185119629,0,0,0,0,0.2693953216075897,0,0,0,0,0,0,0,0,0.5461499691009521,0.6990257501602173,0,0.12483928352594376,0,0,0,0,0,0,0.8367786407470703,0.9162939786911011,0,0.24344536662101746,0.2556183934211731,0.4415816366672516,0,0
Pain,0,0,0,0.15319731831550598,0.17715194821357727,0.11656798422336578,0,0,0,0.3583153486251831,0.15407989919185638,0.2709333896636963,0.2301146686077118,0,0.1360015571117401,0.10391674190759659,0,0,0,0.3794582486152649,0.5772024393081665,0,0,0,0,0.302823930978775,0,0,0,0,0,0,0,0,0.49715283513069153,0.6649577617645264,0,0,0,0,0,0,0,0,0.8394308686256409,0.896988570690155,0,0.3540952503681183,0.21960489451885223,0.3498157262802124,0,0
Pain,0,0,0,0.15367040038108826,0.19855119287967682,0.14514996111392975,0,0,0,0.379048615694046,0.16624799370765686,0.23721851408481598,0.20237791538238525,0,0.22021080553531647,0.1583957076072693,0,0,0,0.403798371553421,0.5866330862045288,0,0,0,0,0.2692708373069763,0,0,0,0,0,0,0,0,0.5438919067382812,0.697922945022583,0,0,0,0,0,0,0,0,0.8426031470298767,0.878523051738739,0,0.42934978008270264,0.34458523988723755,0.40130117535591125,0,0
Pain,0,0,0,0,0,0,0,0,0,0.4696734845638275,0.20042040944099426,0.26799073815345764,0.2102653533220291,0,0.2755022644996643,0.21691980957984924,0,0,0,0.3916509449481964,0.6274744272232056,0,0,0,0,0.25100889801979065,0,0,0,0,0,0,0,0,0.509397029876709,0.6698967218399048,0,0,0,0,0,0,0,0,0.8748916387557983,0.9082321524620056,0,0.2859970033168793,0.5128070116043091,0.5708661079406738,0,0
Pain,0,0,0,0,0,0,0,0,0,0.4153255522251129,0.15349438786506653,0.3137224018573761,0.23682686686515808,0,0.22183604538440704,0.17536428570747375,0,0,0,0.3446149528026581,0.6380946040153503,0,0,0,0,0.2832389771938324,0,0,0,0,0,0,0,0,0.46310362219810486,0.6058417558670044,0,0,0,0,0,0,0,0,0.8803325295448303,0.9238227605819702,0,0.18779198825359344,0.4068688154220581,0.5020017623901367,0,0
Pain,0,0,0,0,0,0,0,0,0,0.3472766578197479,0.13376472890377045,0.24965743720531464,0.19037193059921265,0,0.29642102122306824,0.2398986667394638,0,0,0,0.33505967259407043,0.6200484037399292,0,0,0,0,0.28885626792907715,0,0,0,0,0,0,0,0,0.5181624889373779,0.6649035215377808,0,0.102290078997612,0,0,0,0,0,0,0.8679510951042175,0.9229679107666016,0,0.18482941389083862,0.2593424916267395,0.35997331142425537,0,0
Pain,0,0,0,0.1383465826511383,0,0,0,0,0,0.4261685907840729,0.15802299976348877,0.3354094624519348,0.26165494322776794,0,0.15023912489414215,0,0,0,0,0.3019275963306427,0.6260552406311035,0,0,0,0,0.29655152559280396,0,0,0,0,0,0,0,0,0.48712095618247986,0.6685621738433838,0,0.12060363590717316,0,0,0,0,0,0,0.8674124479293823,0.9265758395195007,0,0.21751882135868073,0.28850457072257996,0.41461336612701416,0,0
Pain,0,0,0,0.15105605125427246,0.12075788527727127,0,0,0,0,0.4065166413784027,0.1731644868850708,0.3238004148006439,0.2566291093826294,0,0.1588895469903946,0.1124938428401947,0,0,0,0.3230607211589813,0.6317623853683472,0,0,0,0,0.2901349365711212,0,0,0,0,0,0,0,0,0.49591028690338135,0.6628608703613281,0,0.12393579632043839,0,0,0,0,0,0,0.8665582537651062,0.9285901784896851,0,0.26200902462005615,0.2428324967622757,0.3858480453491211,0,0
Pain,0,0,0,0.1148441955447197,0,0,0,0,0,0.44200974702835083,0.1785309761762619,0.2931074798107147,0.23022162914276123,0,0.19302429258823395,0.14599482715129852,0,0,0,0.37053099274635315,0.6220995783805847,0,0,0,0,0.2502516806125641,0,0,0,0,0,0,0,0,0.4770541191101074,0.6362180709838867,0,0.1210470050573349,0,0,0,0,0,0,0.881931722164154,0.9257396459579468,0,0.25992143154144287,0.4871489703655243,0.6030058860778809,0,0
Pain,0,0,0,0,0,0,0,0,0,0.4636029303073883,0.1978653073310852,0.31784865260124207,0.2643645107746124,0,0.24663697183132172,0.18344442546367645,0,0,0,0.3621327579021454,0.6305465698242188,0,0,0,0,0.3083482086658478,0,0,0,0,0,0,0,0,0.37173429131507874,0.5041928291320801,0,0.13998113572597504,0,0,0,0,0,0,0.9054688215255737,0.9435415267944336,0,0.16998997330665588,0.4571783244609833,0.6412076950073242,0,0
Pain,0,0,0,0.15354695916175842,0.1677222102880478,0,0,0,0,0.4083404541015625,0.14756517112255096,0.25669777393341064,0.20808717608451843,0,0.20882448554039001,0.15243104100227356,0,0,0,0.4417415261268616,0.6038962602615356,0,0,0,0,0.30753183364868164,0,0,0,0,0,0,0,0,0.48941436409950256,0.6549407243728638,0,0,0,0,0,0,0,0,0.9085149765014648,0.9230356812477112,0.17893794178962708,0.31184008717536926,0.5049552917480469,0.6171169281005859,0,0
Pain,0,0,0,0,0,0,0,0,0,0.4221818745136261,0.20067216455936432,0.2570810317993164,0.2186439335346222,0,0.15683890879154205,0.10376687347888947,0,0,0,0.41426947712898254,0.5963348150253296,0,0,0,0,0.2757938504219055,0,0,0,0,0,0,0,0,0.502454400062561,0.6605203747749329,0,0.1108160987496376,0,0,0,0,0,0,0.8904067277908325,0.9226037859916687,0,0.2119007557630539,0.46410420536994934,0.5964794754981995,0,0
Pain,0,0,0,0.10771837830543518,0.119456946849823,0,0,0,0,0.3733026385307312,0.1504335105419159,0.2632178068161011,0.22081808745861053,0,0.18996787071228027,0.13160383701324463,0,0,0,0.4144877791404724,0.600733757019043,0,0,0,0,0.2911689281463623,0,0,0,0,0,0,0,0,0.47972342371940613,0.6357982158660889,0,0.11431945860385895,0,0,0,0,0,0,0.8995548486709595,0.9273349642753601,0.10821840912103653,0.2202177345752716,0.5008875131607056,0.621647834777832,0,0
Pain,0,0,0,0.13676807284355164,0.11889676004648209,0,0,0,0,0.35926738381385803,0.16302213072776794,0.3022831082344055,0.2593870759010315,0,0.14161694049835205,0,0,0,0,0.38315415382385254,0.6059848070144653,0,0,0,0,0.28388339281082153,0,0,0,0,0,0,0,0,0.518972635269165,0.6487711668014526,0,0.12342669069766998,0,0,0,0,0,0,0.8896462917327881,0.928706169128418,0,0.179165780544281,0.503772497177124,0.6479992866516113,0,0
Pain,0,0,0,0.11848172545433044,0,0,0,0,0,0.38029175996780396,0.15270490944385529,0.28302425146102905,0.23297956585884094,0,0.15975333750247955,0.11452595144510269,0,0,0,0.37512898445129395,0.6287047863006592,0,0,0,0,0.2956046760082245,0,0,0,0,0,0,0,0,0.4527156949043274,0.6184307336807251,0,0.14457844197750092,0,0,0,0,0,0,0.909274160861969,0.9425570964813232,0,0.20415273308753967,0.4687509536743164,0.6065881252288818,0,0
Pain,0,0,0,0.10182604193687439,0.1336987018585205,0,0,0,0,0.3464740216732025,0.14451248943805695,0.25436103343963623,0.20616427063941956,0,0.17645448446273804,0.12407506257295609,0,0,0,0.3704525828361511,0.6258760094642639,0,0,0,0,0.3062443733215332,0,0,0,0,0,0,0,0,0.4907595217227936,0.6195945739746094,0,0.134147509932518,0,0,0,0,0,0,0.9052765369415283,0.9424925446510315,0,0.2032545804977417,0.39996495842933655,0.558855414390564,0,0
Pain,0,0,0,0,0,0,0,0,0,0.42773663997650146,0.17523489892482758,0.2834213078022003,0.20897535979747772,0,0.1783791184425354,0.11984319984912872,0,0,0,0.3780072033405304,0.6713901162147522,0,0,0,0,0.27490249276161194,0,0,0,0,0,0,0,0,0.5055625438690186,0.647356390953064,0,0.1500888466835022,0,0,0,0,0,0,0.9070062041282654,0.9488650560379028,0,0.1577402800321579,0.5086284875869751,0.6932143568992615,0,0
Pain,0,0,0,0,0,0,0,0,0,0.38014137744903564,0.15692661702632904,0.2702160179615021,0.22137372195720673,0,0.20665819942951202,0.144050732254982,0,0,0,0.3884434401988983,0.6238159537315369,0,0,0,0,0.2807265520095825,0,0,0,0,0,0,0,0,0.535835862159729,0.6821432113647461,0,0.11798644810914993,0,0,0,0,0,0,0.9008421897888184,0.9336109161376953,0,0.2436598837375641,0.4473719596862793,0.5692954063415527,0,0
Pain,0,0,0,0,0.11308370530605316,0,0,0,0,0.37811800837516785,0.17003414034843445,0.30615562200546265,0.25378209352493286,0,0.1898709237575531,0.13302913308143616,0,0,0,0.3583027422428131,0.6200838088989258,0,0,0,0,0.26658111810684204,0,0,0,0,0,0,0,0,0.6189270615577698,0.7442502975463867,0,0.14888116717338562,0,0,0,0,0,0,0.9100287556648254,0.9472604990005493,0,0.20473961532115936,0.43564683198928833,0.608025312423706,0,0
Pain,0,0,0,0.11248677968978882,0.10772745311260223,0,0,0,0,0.3690180480480194,0.12771080434322357,0.22964298725128174,0.18417833745479584,0,0.21286021173000336,0.15167002379894257,0,0,0,0.38597339391708374,0.6124606132507324,0,0,0,0,0.27956295013427734,0,0,0,0,0,0,0,0,0.5883029103279114,0.7186356782913208,0,0.12292208522558212,0,0,0,0,0,0,0.8970068693161011,0.9315218329429626,0.11423660814762115,0.273917555809021,0.4321511387825012,0.5690417289733887,0,0
Pain,0,0,0,0,0.10369476675987244,0,0,0,0,0.38934171199798584,0.1656346470117569,0.2975165843963623,0.244348406791687,0,0.20733273029327393,0.15639518201351166,0,0,0,0.4080203175544739,0.6130021810531616,0,0,0,0,0.2755852937698364,0,0,0,0,0,0,0,0,0.5773578882217407,0.717591404914856,0,0.1470380276441574,0,0,0,0,0,0,0.9104819297790527,0.9422259330749512,0.10595953464508057,0.20911674201488495,0.48718416690826416,0.638986349105835,0,0
Pain,0,0,0,0,0,0,0,0,0,0.4032359719276428,0.1871906816959381,0.2935217022895813,0.2301168292760849,0,0.18611642718315125,0.1427076905965805,0,0,0,0.39681005477905273,0.6489465236663818,0,0,0,0,0.28033411502838135,0,0,0,0,0,0,0,0,0.49885910749435425,0.6444491147994995,0,0.14025646448135376,0,0,0,0,0,0,0.8954194188117981,0.9367276430130005,0,0.18359598517417908,0.47254613041877747,0.6208027601242065,0,0
Pain,0,0,0,0,0,0,0,0,0,0.3905547857284546,0.17285721004009247,0.26843488216400146,0.21210436522960663,0,0.18464267253875732,0.13302019238471985,0,0,0,0.37483546137809753,0.6320260763168335,0,0,0,0,0.2772756814956665,0,0,0,0,0,0,0,0,0.5437864065170288,0.6724824905395508,0,0.14623980224132538,0,0,0,0,0,0,0.8995329737663269,0.9408902525901794,0,0.17428724467754364,0.46954262256622314,0.6424632668495178,0,0
Pain,0,0,0,0,0,0,0,0,0,0.37647581100463867,0.15167009830474854,0.2632102966308594,0.20562662184238434,0,0.20146338641643524,0.14468257129192352,0,0,0,0.376018226146698,0.645708441734314,0,0,0,0,0.2795896828174591,0,0,0,0,0,0,0,0,0.5192533731460571,0.6587445735931396,0,0.13040567934513092,0,0,0,0,0,0,0.9060534834861755,0.9400291442871094,0,0.20168498158454895,0.4642578363418579,0.5901967287063599,0,0
Pain,0,0,0,0,0,0,0,0,0,0.35442307591438293,0.1484590470790863,0.2798759341239929,0.2131832242012024,0,0.28898802399635315,0.2231777012348175,0,0,0,0.37805286049842834,0.6430982947349548,0,0,0,0,0.27502939105033875,0,0,0,0,0,0,0,0,0.496243953704834,0.6552721261978149,0,0.1200496256351471,0,0,0,0,0,0,0.8875455260276794,0.9307007193565369,0,0.19605334103107452,0.44535937905311584,0.5929120779037476,0,0
Pain,0,0,0,0,0,0,0,0,0,0.3755466639995575,0.1506681740283966,0.28774675726890564,0.2227698415517807,0,0.24462451040744781,0.18691201508045197,0,0,0,0.3761990964412689,0.6230099201202393,0,0,0,0,0.2470262497663498,0,0,0,0,0,0,0,0,0.5772008299827576,0.7282083630561829,0,0.15316911041736603,0,0,0,0,0,0,0.900300145149231,0.9425951242446899,0,0.20803822576999664,0.5493508577346802,0.6958962678909302,0,0
Pain,0,0,0,0,0,0,0,0,0,0.4188492000102997,0.14767757058143616,0.2908530533313751,0.2180110216140747,0,0.20858991146087646,0.1497294008731842,0,0,0,0.3682698607444763,0.647408127784729,0,0,0,0,0.24910305440425873,0,0,0,0,0,0,0,0,0.5664342045783997,0.7186281681060791,0,0.1386745721101761,0,0,0,0,0,0,0.9091607332229614,0.9418123960494995,0.10897158086299896,0.2497107982635498,0.5586297512054443,0.6988306045532227,0,0
Pain,0,0.12049254029989243,0,0,0,0,0,0,0,0.3955771327018738,0.1552688032388687,0.26379382610321045,0.20788930356502533,0,0.2503262460231781,0.19137680530548096,0,0,0,0.4040965139865875,0.6475751399993896,0,0,0,0,0.23824919760227203,0,0,0,0,0,0,0,0,0.5514752864837646,0.7009992599487305,0,0.13734863698482513,0,0,0,0,0,0,0.9116814732551575,0.94569993019104,0.1119561567902565,0.21524232625961304,0.5386350154876709,0.7088782787322998,0,0
Pain,0,0,0,0,0,0,0,0,0,0.3842342793941498,0.1365271508693695,0.28694185614585876,0.2192152738571167,0,0.2489161640405655,0.1903412789106369,0,0,0,0.3773495852947235,0.6202372312545776,0,0,0,0,0.23029181361198425,0,0,0,0,0,0,0,0,0.5758571624755859,0.7136273384094238,0,0.12246523052453995,0,0,0,0,0,0,0.8940318822860718,0.93373042345047,0,0.21746650338172913,0.5286846160888672,0.6768078804016113,0,0
Pain,0,0,0,0,0.10081912577152252,0,0,0,0,0.3830166161060333,0.12892301380634308,0.2894681394100189,0.21899646520614624,0,0.21363091468811035,0.15039804577827454,0,0,0,0.3381686210632324,0.6888277530670166,0,0,0,0,0.28184932470321655,0,0,0,0,0,0,0,0,0.544362485408783,0.6563138961791992,0,0.14065615832805634,0,0,0,0,0,0,0.9028717875480652,0.9491498470306396,0,0.18733276426792145,0.3963054418563843,0.5926415920257568,0,0
Pain,0,0,0,0,0.10856356471776962,0,0,0,0,0.3730360269546509,0.13801050186157227,0.2819656431674957,0.2182600498199463,0,0.20924872159957886,0.14455200731754303,0,0,0,0.3391138017177582,0.6551791429519653,0,0,0,0,0.2908177673816681,0,0,0,0,0,0,0,0,0.5300126075744629,0.645147442817688,0,0.15596701204776764,0,0,0,0,0,0,0.9105907082557678,0.9512214064598083,0.10619958490133286,0.1822308748960495,0.39831429719924927,0.5957068204879761,0,0
Pain,0,0,0,0.1137077659368515,0.1276683509349823,0,0,0,0,0.369074285030365,0.1609211564064026,0.3044012188911438,0.23744900524616241,0,0.1833428144454956,0.1248803585767746,0,0,0,0.3379668593406677,0.6477370262145996,0,0,0,0,0.2872748374938965,0,0,0,0,0,0,0,0,0.5117155313491821,0.6382299661636353,0,0.14723870158195496,0,0,0,0,0,0,0.9095274806022644,0.9482256174087524,0.10317526757717133,0.14406582713127136,0.42541569471359253,0.606384813785553,0,0
Pain,0,0,0,0.10238224267959595,0.16268064081668854,0,0,0,0,0.3862813711166382,0.16640830039978027,0.3116121292114258,0.24914756417274475,0,0.2552214562892914,0.18406379222869873,0,0,0,0.367158442735672,0.6032575368881226,0,0,0,0,0.2897791862487793,0,0,0,0,0,0,0,0,0.5309972763061523,0.6697445511817932,0,0.14691147208213806,0,0,0,0,0,0,0.9203686714172363,0.953807532787323,0,0.170785054564476,0.39427968859672546,0.5597497224807739,0,0
Pain,0,0,0,0,0.1033274456858635,0,0,0,0,0.3969527781009674,0.17849022150039673,0.29313451051712036,0.23874591290950775,0,0.22004875540733337,0.15516753494739532,0,0,0,0.3710694909095764,0.6266334056854248,0,0,0,0,0.31338220834732056,0,0,0,0,0,0,0,0,0.5089855194091797,0.6450580358505249,0,0.15887238085269928,0,0,0,0,0,0,0.9222433567047119,0.9556256532669067,0,0.16293875873088837,0.3778228759765625,0.5567615032196045,0,0
Pain,0,0,0,0.11432131379842758,0.12111854553222656,0,0,0,0,0.4001471996307373,0.17497166991233826,0.30576321482658386,0.25746509432792664,0,0.1326403170824051,0,0,0,0,0.3813226521015167,0.6115625500679016,0,0,0,0,0.28244855999946594,0,0,0,0,0,0,0,0,0.5401914119720459,0.662180483341217,0,0.13918280601501465,0,0,0,0,0,0,0.9036180973052979,0.9463775753974915,0,0.1480558216571808,0.4280585050582886,0.6494364738464355,0,0
Pain,0,0,0,0,0,0,0,0,0,0.34365686774253845,0.13306888937950134,0.21858403086662292,0.18040090799331665,0,0.16202686727046967,0.11315933614969254,0,0,0,0.4199839234352112,0.5913567543029785,0,0,0,0,0.29333165287971497,0,0,0,0,0,0,0,0,0.5165252089500427,0.6493057012557983,0,0.13259249925613403,0,0,0,0,0,0,0.9063495993614197,0.943143904209137,0,0.1799955815076828,0.3976380228996277,0.5664756298065186,0,0
Pain,0,0,0,0,0.10245775431394577,0,0,0,0,0.4000276029109955,0.17607024312019348,0.32253438234329224,0.26464763283729553,0,0.18635298311710358,0.13329067826271057,0,0,0,0.3715027868747711,0.6544535160064697,0,0,0,0,0.29082027077674866,0,0,0,0,0,0,0,0,0.47363466024398804,0.614364504814148,0,0.15370061993598938,0,0,0,0,0,0,0.906950056552887,0.9511107206344604,0,0.14071427285671234,0.41132652759552,0.6391859650611877,0,0
Pain,0,0,0,0.11881985515356064,0.1447463184595108,0,0,0,0,0.3821218013763428,0.13370142877101898,0.29975104331970215,0.2414461374282837,0,0.21793067455291748,0.1580299288034439,0,0,0,0.377220094203949,0.6212273836135864,0,0,0,0,0.307274729013443,0,0,0,0,0,0,0,0,0.45417648553848267,0.583301842212677,0,0.14036349952220917,0,0,0,0,0,0,0.9162229299545288,0.9476785659790039,0,0.12220669537782669,0.4189668893814087,0.5863434076309204,0,0
Pain,0,0,0,0,0.11305226385593414,0,0,0,0,0.3493035137653351,0.1625211387872696,0.26972299814224243,0.2247859239578247,0,0.22373183071613312,0.16755177080631256,0,0,0,0.37614598870277405,0.6047547459602356,0,0,0,0,0.3002859354019165,0,0,0,0,0,0,0,0,0.4946956932544708,0.6246635913848877,0,0.1522194892168045,0,0,0,0,0,0,0.9202874302864075,0.9525975584983826,0,0.14667178690433502,0.4081276059150696,0.5764977931976318,0,0
Pain,0,0,0,0,0,0,0,0,0,0.39503103494644165,0.20814508199691772,0.3166518807411194,0.2612740099430084,0,0.20080916583538055,0.1464056670665741,0,0,0,0.3601043224334717,0.6125024557113647,0,0,0,0,0.2721603512763977,0,0,0,0,0,0,0,0,0.5807246565818787,0.7198184728622437,0,0.16038715839385986,0,0,0,0,0,0,0.9160817861557007,0.9506471753120422,0.10592459887266159,0.1640300303697586,0.46312713623046875,0.6483379602432251,0,0
Pain,0,0,0,0,0,0,0,0,0,0.3565487265586853,0.2212904393672943,0.29412615299224854,0.23993152379989624,0,0.25442925095558167,0.19587567448616028,0,0,0,0.4061700105667114,0.6324712634086609,0,0,0,0,0.29238224029541016,0,0,0,0,0,0,0,0,0.49834752082824707,0.654849648475647,0,0.14272701740264893,0,0,0,0,0,0,0.9056478142738342,0.9387840628623962,0,0.12923070788383484,0.42763620615005493,0.5680310726165771,0,0
Pain,0,0,0,0,0,0,0,0,0,0.3587530553340912,0.16288995742797852,0.28897395730018616,0.217665895819664,0,0.2683362066745758,0.2285802811384201,0,0,0,0.3326414227485657,0.65781569480896,0,0,0,0,0.2809964716434479,0,0,0,0,0,0,0,0,0.5106849670410156,0.651846170425415,0,0.12636448442935944,0,0,0,0,0,0,0.8908299207687378,0.9349828958511353,0,0.1414816677570343,0.42570191621780396,0.5866344571113586,0,0
Pain,0,0,0,0,0,0,0,0,0,0.34717580676078796,0.1729142963886261,0.2226984202861786,0.18509191274642944,0,0.32143890857696533,0.2503143548965454,0,0,0,0.3949567973613739,0.6224475502967834,0,0,0,0,0.29232606291770935,0,0,0,0,0,0,0,0,0.4963032901287079,0.6594491600990295,0,0.13324595987796783,0,0,0,0,0,0,0.9274615049362183,0.9488586783409119,0,0.19391264021396637,0.44105157256126404,0.5584150552749634,0,0
Pain,0,0.10932224988937378,0,0,0,0,0,0,0,0.38814252614974976,0.19310277700424194,0.3317452371120453,0.2721926271915436,0,0.23315034806728363,0.1788329929113388,0,0,0,0.35052797198295593,0.6300833225250244,0,0,0,0,0.25517892837524414,0,0,0,0,0,0,0,0,0.5731754302978516,0.7124234437942505,0,0.16368640959262848,0,0,0,0,0,0,0.9063240885734558,0.9476045966148376,0,0.13990452885627747,0.4880390465259552,0.6809788942337036,0,0
Pain,0,0,0,0,0,0,0,0,0,0.355967253446579,0.1497523933649063,0.2883586585521698,0.23579929769039154,0,0.21867915987968445,0.1611550897359848,0,0,0,0.35256311297416687,0.6205190420150757,0,0,0,0,0.2909879982471466,0,0,0,0,0,0,0,0,0.5334805250167847,0.6599825620651245,0,0.15484946966171265,0,0,0,0,0,0,0.914968729019165,0.9503836035728455,0,0.14808601140975952,0.4088788330554962,0.5918709635734558,0,0
Pain,0,0,0,0,0,0,0,0,0,0.372902512550354,0.16703537106513977,0.33064523339271545,0.27180948853492737,0,0.1814156472682953,0.13069406151771545,0,0,0,0.33743900060653687,0.6527918577194214,0,0,0,0,0.2732197046279907,0,0,0,0,0,0,0,0,0.582952618598938,0.7020787000656128,0,0.15580235421657562,0,0,0,0,0,0,0.9118146300315857,0.9510828852653503,0,0.1645180732011795,0.44418245553970337,0.6414512991905212,0,0
Pain,0,0,0,0,0.11248166859149933,0,0,0,0,0.4071963131427765,0.16308331489562988,0.30359020829200745,0.23876246809959412,0,0.20201024413108826,0.14225657284259796,0,0,0,0.341064453125,0.6213645935058594,0,0,0,0,0.2964905798435211,0,0,0,0,0,0,0,0,0.5364631414413452,0.6833946704864502,0,0.18683962523937225,0,0,0,0,0,0,0.9285750389099121,0.959226667881012,0,0.16906221210956573,0.3626025915145874,0.5494600534439087,0,0
Pain,0,0,0,0,0.11755947023630142,0,0,0,0,0.44276684522628784,0.2144346535205841,0.3210902810096741,0.2626175284385681,0,0.1644529402256012,0.10915403068065643,0,0,0,0.36024221777915955,0.6277673244476318,0,0,0,0,0.3064718544483185,0,0,0,0,0,0,0,0,0.5242311954498291,0.6622103452682495,0,0.1573496162891388,0,0,0,0,0,0,0.9225654602050781,0.9562064409255981,0,0.16881845891475677,0.3898860514163971,0.571148693561554,0,0
Pain,0,0,0,0.1365230828523636,0.15728960931301117,0,0,0,0,0.3931478261947632,0.13834214210510254,0.2721097767353058,0.2124544084072113,0,0.22557654976844788,0.167677104473114,0,0,0,0.3740234076976776,0.5871741771697998,0,0,0,0,0.27595895528793335,0,0,0,0,0,0,0,0,0.57958984375,0.7098095417022705,0,0.15723326802253723,0,0,0,0,0,0,0.9189196825027466,0.9494093656539917,0.15316440165042877,0.2426207810640335,0.4285561740398407,0.6189271211624146,0,0
Pain,0,0,0,0,0.12620854377746582,0,0,0,0,0.3904736638069153,0.21665725111961365,0.3285495638847351,0.27704042196273804,0,0.17654351890087128,0.13228747248649597,0,0,0,0.37802761793136597,0.6215192079544067,0,0,0,0,0.28509658575057983,0,0,0,0,0,0,0,0,0.5521253347396851,0.6965939402580261,0,0.16049028933048248,0,0,0,0,0,0,0.8955515027046204,0.9454923868179321,0,0.18267281353473663,0.3898540139198303,0.62271648645401,0,0
Pain,0,0,0,0.1025184765458107,0.12889854609966278,0,0,0,0,0.3875831961631775,0.1840522289276123,0.33627578616142273,0.2879043519496918,0,0.12472882121801376,0,0,0,0,0.3792131245136261,0.6205534934997559,0,0,0,0,0.2909303605556488,0,0,0,0,0,0,0,0,0.5641000270843506,0.6930131912231445,0,0.15011733770370483,0,0,0,0,0,0,0.9051896333694458,0.9452952146530151,0,0.18061432242393494,0.45355868339538574,0.639154314994812,0,0
Pain,0,0,0,0,0.11625516414642334,0,0,0,0,0.36185675859451294,0.16286681592464447,0.32476168870925903,0.26602232456207275,0,0.16333898901939392,0.11994042992591858,0,0,0,0.35941019654273987,0.6240001916885376,0,0,0,0,0.28108206391334534,0,0,0,0,0,0,0,0,0.5921558141708374,0.7241536378860474,0,0.13460588455200195,0,0,0,0,0,0,0.9061033725738525,0.9435926675796509,0,0.16666945815086365,0.43659234046936035,0.5995221138000488,0,0
Pain,0,0,0,0,0,0,0,0,0,0.3553798496723175,0.15573114156723022,0.30666205286979675,0.23983100056648254,0,0.17332468926906586,0.12266678363084793,0,0,0,0.3160092830657959,0.6605316996574402,0,0,0,0,0.2922460436820984,0,0,0,0,0,0,0,0,0.5492315292358398,0.6730572581291199,0,0.12924998998641968,0,0,0,0,0,0,0.897969663143158,0.9394410848617554,0,0.17686942219734192,0.4300404191017151,0.5924320816993713,0,0
Pain,0,0,0,0,0,0,0,0,0,0.3686447739601135,0.1842997670173645,0.32281965017318726,0.25574034452438354,0,0.2061685025691986,0.15510550141334534,0,0,0,0.3353287875652313,0.6662405729293823,0,0,0,0,0.29101622104644775,0,0,0,0,0,0,0,0,0.5217279195785522,0.6616364121437073,0,0.1438208967447281,0,0,0,0,0,0,0.8954375982284546,0.9468919038772583,0,0.15070180594921112,0.3816961348056793,0.5923924446105957,0,0
Pain,0,0,0,0,0.11053986847400665,0,0,0,0,0.4757687747478485,0.23155076801776886,0.3273460268974304,0.2634611427783966,0,0.17888516187667847,0.11852896213531494,0,0,0,0.32288968563079834,0.6115079522132874,0,0,0,0,0.30880776047706604,0,0,0,0,0,0,0,0,0.46191802620887756,0.6174979209899902,0,0.1829718053340912,0,0,0,0,0,0,0.9206048250198364,0.9570335149765015,0,0.11972504109144211,0.37902337312698364,0.5876268744468689,0,0
Pain,0,0,0,0,0.10217104107141495,0,0,0,0,0.43666601181030273,0.2121104747056961,0.34236204624176025,0.2900308072566986,0,0.18211527168750763,0.1108073815703392,0,0,0,0.3643929362297058,0.6070365905761719,0,0,0,0,0.27396732568740845,0,0,0,0,0,0,0,0,0.5689706802368164,0.6960214376449585,0,0.15343330800533295,0,0,0,0,0,0,0.9051864147186279,0.948706865310669,0,0.13116693496704102,0.4764789044857025,0.6657557487487793,0,0
Pain,0,0,0,0.141526460647583,0.1091485396027565,0,0,0,0,0.36829715967178345,0.12238621711730957,0.30036288499832153,0.24962322413921356,0,0.167864590883255,0.11376641690731049,0,0,0,0.38823431730270386,0.5656554102897644,0,0,0,0,0.27532753348350525,0,0,0,0,0,0,0,0,0.5894269943237305,0.7072266340255737,0,0.13806478679180145,0,0,0,0,0,0,0.9033492207527161,0.9403024911880493,0,0.17768070101737976,0.4331458806991577,0.5722371935844421,0,0
Pain,0,0,0,0.15063682198524475,0.15266859531402588,0,0,0,0,0.41959190368652344,0.1999216079711914,0.3420945703983307,0.2849500775337219,0,0.1270618438720703,0,0,0,0,0.3856409192085266,0.6120243668556213,0,0,0,0,0.29416656494140625,0,0,0,0,0,0,0,0,0.5296100378036499,0.6521726846694946,0,0.12653154134750366,0,0,0,0,0,0,0.8963039517402649,0.9407374262809753,0,0.18563121557235718,0.3846980333328247,0.5780327320098877,0,0
Pain,0,0,0,0,0.1087062880396843,0,0,0,0,0.42569801211357117,0.16888315975666046,0.30621588230133057,0.23617775738239288,0,0.19637037813663483,0.1443350911140442,0,0,0,0.3881201446056366,0.6255450248718262,0,0,0,0,0.28480228781700134,0,0,0,0,0,0,0,0,0.5233197212219238,0.6629224419593811,0,0.11671625822782516,0,0,0,0,0,0,0.8860129117965698,0.9297459125518799,0,0.24317927658557892,0.4531920850276947,0.5780504941940308,0,0
Pain,0,0,0,0,0,0,0,0,0,0.48089301586151123,0.17901170253753662,0.3532390594482422,0.24147368967533112,0,0.2660367488861084,0.17113257944583893,0,0,0,0.3322438597679138,0.6639171838760376,0,0,0,0,0.30417972803115845,0,0,0,0,0,0,0,0,0.4319262206554413,0.5654240846633911,0,0.12231393158435822,0,0,0,0,0,0,0.8840284943580627,0.9384473562240601,0,0.17227037250995636,0.4002017080783844,0.5881524085998535,0,0
Pain,0,0,0,0,0,0,0,0,0,0.4694272577762604,0.19405034184455872,0.34531325101852417,0.2241116464138031,0,0.3381587564945221,0.22722767293453217,0,0,0,0.3124689757823944,0.6232466697692871,0,0,0,0,0.2885088622570038,0,0,0,0,0,0,0,0,0.45040711760520935,0.6091529130935669,0,0.17041252553462982,0,0,0,0,0,0,0.9133298397064209,0.9515818357467651,0,0.14297005534172058,0.388578861951828,0.5623519420623779,0,0
Pain,0,0,0,0,0.1438339203596115,0,0,0,0,0.4814941883087158,0.22475920617580414,0.3399001657962799,0.22906678915023804,0,0.31341466307640076,0.16560879349708557,0,0,0,0.33963194489479065,0.577185869216919,0,0,0,0,0.33039355278015137,0,0,0,0,0,0,0,0,0.3787260055541992,0.556655764579773,0,0.22449374198913574,0,0,0,0,0,0,0.9376946687698364,0.965550422668457,0,0.13942496478557587,0.3634864389896393,0.5264660120010376,0,0
Pain,0,0,0,0.10810881108045578,0.13211195170879364,0,0,0,0,0.4381731450557709,0.16221340000629425,0.3356854021549225,0.27041298151016235,0,0.16006512939929962,0.10637422651052475,0,0,0,0.33535802364349365,0.546642541885376,0,0,0,0,0.35181188583374023,0,0,0,0,0,0,0,0,0.40641212463378906,0.563128650188446,0,0.19938963651657104,0,0,0,0,0,0,0.9381107687950134,0.9592452645301819,0,0.1634657382965088,0.3517998456954956,0.47351938486099243,0,0
Pain,0,0,0,0,0,0,0,0,0,0.46709078550338745,0.25617313385009766,0.36470234394073486,0.31411081552505493,0,0.1331745684146881,0,0,0,0,0.3525013029575348,0.6125196218490601,0,0,0,0,0.2900019586086273,0,0,0,0,0,0,0,0,0.5000598430633545,0.628166675567627,0,0.14341089129447937,0,0,0,0,0,0,0.8911805748939514,0.9457325339317322,0,0.10346333682537079,0.37845906615257263,0.5834448337554932,0,0
Pain,0,0,0,0,0,0,0,0,0,0.4397297501564026,0.229810431599617,0.3223166763782501,0.2686629891395569,0,0.1655089110136032,0.11124847084283829,0,0,0,0.33485642075538635,0.5949604511260986,0,0,0,0,0.3189011812210083,0,0,0,0,0,0,0,0,0.42572474479675293,0.5702600479125977,0,0.20554248988628387,0,0,0,0,0,0,0.9172080755233765,0.9529811143875122,0,0.10190780460834503,0.29368919134140015,0.4495464265346527,0,0
Pain,0,0,0,0.11358650773763657,0.12120449542999268,0,0,0,0,0.4352489709854126,0.1618012934923172,0.3637758791446686,0.293897807598114,0,0.13118143379688263,0,0,0,0,0.32646945118904114,0.5812029838562012,0,0,0,0,0.34722980856895447,0,0,0,0,0,0,0,0,0.3901729881763458,0.5405489206314087,0,0.1552935689687729,0,0,0,0,0,0,0.9158940315246582,0.9416105151176453,0,0.15277531743049622,0.3804056644439697,0.4575830399990082,0,0
Pain,0,0,0,0,0,0,0,0,0,0.42635396122932434,0.21061071753501892,0.3358335793018341,0.2828700840473175,0,0.1426273137331009,0,0,0,0,0.3399583399295807,0.6212970614433289,0,0,0,0,0.3243235945701599,0,0,0,0,0,0,0,0,0.42755064368247986,0.5662660002708435,0,0.17574778199195862,0,0,0,0,0,0,0.9228834509849548,0.9537937045097351,0,0.13232286274433136,0.4610716998577118,0.5972062349319458,0,0
Pain,0,0,0,0.11852048337459564,0.11487545818090439,0,0,0,0,0.4000047743320465,0.18588924407958984,0.29744619131088257,0.2566379904747009,0,0.19380070269107819,0.1407984048128128,0,0,0,0.4048604965209961,0.5810368657112122,0,0,0,0,0.27772802114486694,0,0,0,0,0,0,0,0,0.5541931390762329,0.6723906397819519,0,0.13264891505241394,0,0,0,0,0,0,0.8910757303237915,0.9329922199249268,0,0.15938082337379456,0.4507339298725128,0.598883867263794,0,0
Pain,0,0,0,0.1038191020488739,0,0,0,0,0,0.35740774869918823,0.18532119691371918,0.28898730874061584,0.2586820423603058,0,0.19164760410785675,0.13881433010101318,0,0,0,0.3859827518463135,0.5979551076889038,0,0,0,0,0.27449241280555725,0,0,0,0,0,0,0,0,0.5326882600784302,0.6553587913513184,0,0.12530529499053955,0,0,0,0,0,0,0.8893705010414124,0.9326832890510559,0,0.146399587392807,0.40731459856033325,0.544958233833313,0,0
Pain,0,0,0,0,0,0,0,0,0,0.38290223479270935,0.1640976369380951,0.30576783418655396,0.25255951285362244,0,0.1926402896642685,0.14051499962806702,0,0,0,0.3590392768383026,0.6079162359237671,0,0,0,0,0.27650052309036255,0,0,0,0,0,0,0,0,0.48876670002937317,0.6282307505607605,0,0.12466730177402496,0,0,0,0,0,0,0.8820989727973938,0.9293254613876343,0,0.16134890913963318,0.4165059030056,0.5614786148071289,0,0
Pain,0,0,0,0,0,0,0,0,0,0.38153350353240967,0.15276342630386353,0.2640852630138397,0.21083667874336243,0,0.1849881410598755,0.13428649306297302,0,0,0,0.37224432826042175,0.6267803907394409,0,0,0,0,0.28585055470466614,0,0,0,0,0,0,0,0,0.46047672629356384,0.6141754984855652,0,0.11597886681556702,0,0,0,0,0,0,0.8914182186126709,0.9289464950561523,0,0.158633753657341,0.4735788404941559,0.575980544090271,0,0
Pain,0,0,0,0,0.13621845841407776,0,0,0,0,0.40706539154052734,0.18157750368118286,0.29115721583366394,0.23108555376529694,0,0.25370413064956665,0.1920192539691925,0,0,0,0.35898661613464355,0.6727038621902466,0,0,0,0,0.28297755122184753,0,0,0,0,0,0,0,0,0.48335209488868713,0.5990445613861084,0,0.10621722042560577,0,0,0,0,0,0,0.8663196563720703,0.9282952547073364,0,0.1276823729276657,0.40390443801879883,0.5978715419769287,0,0
Pain,0,0,0,0,0.10364697873592377,0,0,0,0,0.4310361444950104,0.19905172288417816,0.2943902015686035,0.2376377284526825,0,0.22178466618061066,0.1574881374835968,0,0,0,0.36642318964004517,0.6407552361488342,0,0,0,0,0.295149564743042,0,0,0,0,0,0,0,0,0.4636736512184143,0.5973711013793945,0,0.13493065536022186,0,0,0,0,0,0,0.9012467861175537,0.9440597295761108,0,0.12527543306350708,0.42112213373184204,0.6015986204147339,0,0
Pain,0,0,0,0,0.10829530656337738,0,0,0,0,0.372997522354126,0.1831253319978714,0.2973233461380005,0.24710702896118164,0,0.1953875571489334,0.13828273117542267,0,0,0,0.3685898780822754,0.6099880337715149,0,0,0,0,0.2927859127521515,0,0,0,0,0,0,0,0,0.5369651913642883,0.6707359552383423,0,0.13713997602462769,0,0,0,0,0,0,0.9058183431625366,0.9433448910713196,0,0.14909285306930542,0.43117189407348633,0.5852278470993042,0,0
Pain,0,0,0,0,0.11085900664329529,0,0,0,0,0.40115493535995483,0.18508994579315186,0.3011311888694763,0.24787864089012146,0,0.187592551112175,0.1274861842393875,0,0,0,0.37527528405189514,0.582846462726593,0,0,0,0,0.3176993727684021,0,0,0,0,0,0,0,0,0.46086937189102173,0.600174069404602,0,0.15985383093357086,0,0,0,0,0,0,0.9116562604904175,0.9492147564888,0,0.1411283314228058,0.3510739505290985,0.5153506398200989,0,0
Pain,0,0,0,0,0,0,0,0,0,0.38368839025497437,0.20440728962421417,0.2901791036128998,0.25209367275238037,0,0.25296294689178467,0.1891036480665207,0,0,0,0.3854587972164154,0.5643302798271179,0,0,0,0,0.27362188696861267,0,0,0,0,0,0,0,0,0.5299060940742493,0.6870887279510498,0,0.1437363624572754,0,0,0,0,0,0,0.9089098572731018,0.9425975680351257,0,0.1350174993276596,0.46651408076286316,0.5996196269989014,0,0
Pain,0,0,0,0,0,0,0,0,0,0.4190811514854431,0.18805545568466187,0.30755922198295593,0.25517213344573975,0,0.23787742853164673,0.18086457252502441,0,0,0,0.3311081528663635,0.6230141520500183,0,0,0,0,0.2737696170806885,0,0,0,0,0,0,0,0,0.5384378433227539,0.6659374237060547,0,0.13936831057071686,0,0,0,0,0,0,0.8976372480392456,0.9371649622917175,0,0.1879434436559677,0.513534665107727,0.626560389995575,0,0
Pain,0,0,0,0,0.10911625623703003,0,0,0,0,0.40176084637641907,0.1932891458272934,0.26906076073646545,0.21535463631153107,0,0.21242326498031616,0.1475355625152588,0,0,0,0.37269434332847595,0.6434173583984375,0,0,0,0,0.301334023475647,0,0,0,0,0,0,0,0,0.48950767517089844,0.665621280670166,0,0.1307339072227478,0,0,0,0,0,0,0.904037356376648,0.9408307671546936,0,0.2117491066455841,0.44523516297340393,0.5878986716270447,0,0
Pain,0,0,0,0,0,0,0,0,0,0.39757040143013,0.17113953828811646,0.32409507036209106,0.2714788019657135,0,0.23827624320983887,0.1754402369260788,0,0,0,0.36653652787208557,0.6101484298706055,0,0,0,0,0.28924328088760376,0,0,0,0,0,0,0,0,0.5317811965942383,0.6708847284317017,0,0.13657577335834503,0,0,0,0,0,0,0.9122000336647034,0.9470853209495544,0.10424976795911789,0.1859307438135147,0.4309757947921753,0.5918285846710205,0,0
Pain,0,0,0,0,0,0,0,0,0,0.39634525775909424,0.17615094780921936,0.3395346999168396,0.27455008029937744,0,0.25220251083374023,0.18471184372901917,0,0,0,0.3725670278072357,0.6202248334884644,0,0,0,0,0.2581426799297333,0,0,0,0,0,0,0,0,0.5864030122756958,0.7168530225753784,0,0.14785078167915344,0,0,0,0,0,0,0.9009021520614624,0.9438616037368774,0,0.1525374799966812,0.47196462750434875,0.6180512309074402,0,0
Pain,0,0,0,0,0.11652802675962448,0,0,0,0,0.37819603085517883,0.1757899820804596,0.2805851697921753,0.22679869830608368,0,0.25426146388053894,0.2085583508014679,0,0,0,0.41143569350242615,0.5959432125091553,0,0,0,0,0.2707340717315674,0,0,0,0,0,0,0,0,0.5980104207992554,0.7449392080307007,0,0.11639878153800964,0,0,0,0,0,0,0.9065466523170471,0.930375874042511,0.11219966411590576,0.25245970487594604,0.5224687457084656,0.6023696660995483,0,0
Pain,0,0,0,0,0,0,0,0,0,0.3840635418891907,0.1573483943939209,0.30330997705459595,0.24360308051109314,0,0.1886778473854065,0.1394687294960022,0,0,0,0.37256112694740295,0.6102482676506042,0,0,0,0,0.26915454864501953,0,0,0,0,0,0,0,0,0.5812209248542786,0.7334780693054199,0,0.13569489121437073,0,0,0,0,0,0,0.9096062183380127,0.9408376812934875,0,0.2135615199804306,0.4844781458377838,0.6085776090621948,0,0
Pain,0,0,0,0,0,0,0,0,0,0.4196687340736389,0.2441282719373703,0.31336942315101624,0.2602784037590027,0,0.21440686285495758,0.149217888712883,0,0,0,0.35131120681762695,0.6213487982749939,0,0,0,0,0.2955487370491028,0,0,0,0,0,0,0,0,0.5117273330688477,0.6690754890441895,0,0.16398359835147858,0,0,0,0,0,0,0.9173110723495483,0.9535725116729736,0,0.17179203033447266,0.4126942455768585,0.6005553007125854,0,0
Pain,0,0,0,0,0,0,0,0,0,0.4195868968963623,0.18913023173809052,0.33608928322792053,0.276811808347702,0,0.26478028297424316,0.1905522644519806,0,0,0,0.3349393606185913,0.6009175181388855,0,0,0,0,0.26184630393981934,0,0,0,0,0,0,0,0,0.5406836271286011,0.7050011157989502,0,0.14624550938606262,0,0,0,0,0,0,0.9013604521751404,0.9427111744880676,0,0.17079836130142212,0.4635137915611267,0.6322654485702515,0,0
Pain,0,0,0,0,0,0,0,0,0,0.40785786509513855,0.19889941811561584,0.3029427230358124,0.2537568509578705,0,0.2165321707725525,0.15935218334197998,0,0,0,0.3906517028808594,0.6128430366516113,0,0,0,0,0.27773571014404297,0,0,0,0,0,0,0,0,0.5340917110443115,0.6804037094116211,0,0.12398727238178253,0,0,0,0,0,0,0.9076338410377502,0.9404271245002747,0,0.1597345918416977,0.447374165058136,0.5745049118995667,0,0
Pain,0,0,0,0.14705996215343475,0.1388629674911499,0,0,0,0,0.41805773973464966,0.1793704628944397,0.2881566882133484,0.23809532821178436,0,0.17061536014080048,0.1244848296046257,0,0,0,0.4263179302215576,0.5865976810455322,0,0,0,0,0.3046296536922455,0,0,0,0,0,0,0,0,0.5238007307052612,0.6668529510498047,0,0.12415193766355515,0,0,0,0,0,0,0.919835090637207,0.9402865767478943,0.13049344718456268,0.20927757024765015,0.4254462718963623,0.527583122253418,0,0
Pain,0,0,0,0.1114780455827713,0.16202585399150848,0,0,0,0,0.45011278986930847,0.24302317202091217,0.32429176568984985,0.2766832113265991,0.12671677768230438,0,0,0,0,0,0.4074614942073822,0.6146451234817505,0,0,0,0,0.29494714736938477,0,0,0,0,0,0,0,0,0.5356175899505615,0.672777533531189,0,0.14595824480056763,0,0,0,0,0,0,0.9035921096801758,0.9447396397590637,0,0.15814432501792908,0.42686036229133606,0.6112360954284668,0,0
Pain,0,0,0,0.11074350029230118,0.14541620016098022,0,0,0,0,0.44477590918540955,0.2242647111415863,0.31006866693496704,0.26924407482147217,0,0.11956235766410828,0,0,0,0,0.4107606112957001,0.5933539271354675,0,0,0,0,0.28392404317855835,0,0,0,0,0,0,0,0,0.556373119354248,0.6954692602157593,0,0.14064937829971313,0,0,0,0,0,0,0.9050428867340088,0.9434561729431152,0,0.1751282960176468,0.442727267742157,0.6035996675491333,0,0
Pain,0,0,0,0,0,0,0,0,0,0.4059807062149048,0.18157555162906647,0.2790566384792328,0.22493572533130646,0,0.15753063559532166,0.11029236018657684,0,0,0,0.40400928258895874,0.6146256923675537,0,0,0,0,0.26824334263801575,0,0,0,0,0,0,0,0,0.5888898968696594,0.730937123298645,0,0.13005635142326355,0,0,0,0,0,0,0.9191035628318787,0.9451786875724792,0.10448962450027466,0.21931985020637512,0.48239246010780334,0.6160613298416138,0,0
Pain,0,0,0,0,0.11136598140001297,0,0,0,0,0.43783262372016907,0.18944409489631653,0.2962788939476013,0.2335524559020996,0,0.16108642518520355,0.11957814544439316,0,0,0,0.4014798402786255,0.6042690277099609,0,0,0,0,0.2923068106174469,0,0,0,0,0,0,0,0,0.5176860094070435,0.6491401195526123,0,0.1348506510257721,0,0,0,0,0,0,0.9091008305549622,0.9503083825111389,0,0.17706573009490967,0.4355589747428894,0.6345917582511902,0,0
Pain,0,0.1075071394443512,0,0,0,0,0,0,0,0.42344629764556885,0.21176795661449432,0.30225688219070435,0.2474483847618103,0,0.16571779549121857,0.12141339480876923,0,0,0,0.38359856605529785,0.6408131718635559,0,0,0,0,0.3079618811607361,0,0,0,0,0,0,0,0,0.4845472276210785,0.6219233274459839,0,0.14814257621765137,0,0,0,0,0,0,0.9190410375595093,0.9529858231544495,0.11350326985120773,0.17472168803215027,0.40822526812553406,0.5945090651512146,0,0
Pain,0,0,0,0,0,0,0,0,0,0.41074490547180176,0.20322585105895996,0.3306599259376526,0.2725681662559509,0,0.15898367762565613,0.11374475061893463,0,0,0,0.3782997727394104,0.6195250749588013,0,0,0,0,0.27912354469299316,0,0,0,0,0,0,0,0,0.5734277367591858,0.7138639688491821,0,0.15379507839679718,0,0,0,0,0,0,0.9184952974319458,0.9520599842071533,0,0.16828705370426178,0.4154609739780426,0.5852882266044617,0,0
Pain,0,0,0,0,0,0,0,0,0,0.43937963247299194,0.23454667627811432,0.32613492012023926,0.26936954259872437,0,0.2376001924276352,0.18259288370609283,0,0,0,0.3809966742992401,0.5844333171844482,0,0,0,0,0.27230384945869446,0,0,0,0,0,0,0,0,0.5543245077133179,0.7045679092407227,0,0.1644963026046753,0,0,0,0,0,0,0.9159365892410278,0.9522984027862549,0,0.14370675384998322,0.4017286002635956,0.5855177640914917,0,0
Pain,0,0,0,0.1094958633184433,0.11692488938570023,0,0,0,0,0.4107729196548462,0.15606172382831573,0.27414974570274353,0.22497177124023438,0,0.24001330137252808,0.17689180374145508,0,0,0,0.3860020637512207,0.58570396900177,0,0,0,0,0.29929810762405396,0,0,0,0,0,0,0,0,0.5464704036712646,0.6689654588699341,0,0.13134604692459106,0,0,0,0,0,0,0.921805739402771,0.9435139298439026,0.10636762529611588,0.18658214807510376,0.4288703501224518,0.5303530097007751,0,0
Pain,0,0,0,0,0,0,0,0,0,0.4047938883304596,0.16506677865982056,0.30791932344436646,0.2557579278945923,0,0.22328142821788788,0.16241665184497833,0,0,0,0.36287108063697815,0.5972340703010559,0,0,0,0,0.2905915379524231,0,0,0,0,0,0,0,0,0.5132416486740112,0.6530259847640991,0,0.14102143049240112,0,0,0,0,0,0,0.9177332520484924,0.948743462562561,0,0.18920990824699402,0.4282066226005554,0.551689863204956,0,0
Pain,0,0,0,0,0,0,0,0,0,0.41282621026039124,0.20163105428218842,0.34087464213371277,0.28644561767578125,0,0.1640169322490692,0.11527175456285477,0,0,0,0.3704989552497864,0.6333787441253662,0,0,0,0,0.32837626338005066,0,0,0,0,0,0,0,0,0.5030366778373718,0.6323859095573425,0,0.17667999863624573,0,0,0,0,0,0,0.9319387078285217,0.9604654312133789,0.10109490901231766,0.16825447976589203,0.30815690755844116,0.47466036677360535,0,0
Pain,0,0,0,0,0,0,0,0,0,0.4714515507221222,0.21764200925827026,0.3610248267650604,0.29379814863204956,0,0.1605958193540573,0.1054232195019722,0,0,0,0.33498355746269226,0.6042532920837402,0,0,0,0,0.33822187781333923,0,0,0,0,0,0,0,0,0.41150566935539246,0.5606182813644409,0,0.18596889078617096,0,0,0,0,0,0,0.9370797872543335,0.9627114534378052,0,0.1548529416322708,0.34337374567985535,0.4692016541957855,0,0
Pain,0,0,0,0,0.11436980217695236,0,0,0,0,0.45031052827835083,0.20285314321517944,0.3306563198566437,0.27443575859069824,0,0.1615341603755951,0.10841606557369232,0,0,0,0.374879390001297,0.6194412708282471,0,0,0,0,0.3049345910549164,0,0,0,0,0,0,0,0,0.4780353605747223,0.61924147605896,0,0.1359260082244873,0,0,0,0,0,0,0.9122125506401062,0.9475228190422058,0,0.1632169634103775,0.4277220070362091,0.6074956655502319,0,0
Pain,0,0,0,0,0,0,0,0,0,0.40413349866867065,0.13898871839046478,0.28985825181007385,0.22790981829166412,0,0.196811243891716,0.1421964168548584,0,0,0,0.37489867210388184,0.6086863279342651,0,0,0,0,0.26746344566345215,0,0,0,0,0,0,0,0,0.5835447311401367,0.7322942018508911,0,0.11302302777767181,0,0,0,0,0,0,0.8895575404167175,0.9205268621444702,0,0.20696024596691132,0.4646207094192505,0.5637755393981934,0,0
Pain,0,0,0,0.16114293038845062,0.2437148243188858,0,0,0,0,0.39658138155937195,0.16550377011299133,0.3142789602279663,0.263293594121933,0,0.16455820202827454,0.11524511873722076,0,0,0,0.4046045243740082,0.6115853786468506,0,0,0,0,0.2809341251850128,0,0,0,0,0,0,0,0,0.6235678195953369,0.7462117075920105,0,0.12201977521181107,0,0,0,0,0,0,0.9070240259170532,0.9340461492538452,0.1464269906282425,0.2964555323123932,0.49299126863479614,0.6308770775794983,0,0
Pain,0,0,0,0.10217511653900146,0.11673920601606369,0,0,0,0,0.4198751747608185,0.20332041382789612,0.3311794102191925,0.2752523720264435,0,0.18180465698242188,0.1256227344274521,0,0,0,0.3595970571041107,0.6212542057037354,0,0,0,0,0.2843764126300812,0,0,0,0,0,0,0,0,0.5807312726974487,0.7167438268661499,0,0.1392342895269394,0,0,0,0,0,0,0.91208815574646,0.949582040309906,0.1023716852068901,0.20526811480522156,0.40183892846107483,0.5821294784545898,0,0
Pain,0,0,0,0.10970381647348404,0.13531967997550964,0,0,0,0,0.37883132696151733,0.16222533583641052,0.2752073109149933,0.2229100614786148,0,0.14487721025943756,0.10147986561059952,0,0,0,0.34935811161994934,0.6276766061782837,0,0,0,0,0.3089965581893921,0,0,0,0,0,0,0,0,0.5435086488723755,0.6793854236602783,0,0.13325075805187225,0,0,0,0,0,0,0.9123541116714478,0.9439419507980347,0.10610389709472656,0.22753114998340607,0.3642321228981018,0.49411794543266296,0,0
Pain,0,0,0,0.10053173452615738,0.13917092978954315,0,0,0,0,0.38077089190483093,0.1726919710636139,0.3216182589530945,0.26735544204711914,0,0.10985799133777618,0,0,0,0,0.3468117117881775,0.6125369668006897,0,0,0,0,0.29686370491981506,0,0,0,0,0,0,0,0,0.5377420783042908,0.6832672953605652,0,0.15914855897426605,0,0,0,0,0,0,0.9120100140571594,0.9474186897277832,0,0.19553187489509583,0.37851202487945557,0.5357202291488647,0,0
Pain,0,0,0,0,0,0,0,0,0,0.4064902067184448,0.18059022724628448,0.3390893340110779,0.2802462577819824,0,0.1119428351521492,0,0,0,0,0.3869011402130127,0.6306090354919434,0,0,0,0,0.27949628233909607,0,0,0,0,0,0,0,0,0.5987751483917236,0.7224770188331604,0,0.15605896711349487,0,0,0,0,0,0,0.912527859210968,0.9503399729728699,0,0.16699734330177307,0.4603668451309204,0.6280581951141357,0,0
Pain,0,0,0,0,0,0,0,0,0,0.38788506388664246,0.1625271737575531,0.2989097833633423,0.2394896000623703,0,0.1785001903772354,0.13278840482234955,0,0,0,0.41485729813575745,0.631822943687439,0,0,0,0,0.2544151544570923,0,0,0,0,0,0,0,0,0.6174110770225525,0.755009114742279,0,0.1350591778755188,0,0,0,0,0,0,0.9070772528648376,0.937028169631958,0,0.16022096574306488,0.5026770234107971,0.6204665899276733,0,0
Pain,0,0,0,0,0,0,0,0,0,0.43977996706962585,0.2036803513765335,0.36145949363708496,0.298342764377594,0,0.1775619089603424,0.12293390184640884,0,0,0,0.3681578040122986,0.6247718334197998,0,0,0,0,0.22266128659248352,0,0,0,0,0,0,0,0,0.6770943403244019,0.7884805202484131,0,0.12343074381351471,0,0,0,0,0,0,0.8881716132164001,0.9364734888076782,0,0.18345709145069122,0.6031635999679565,0.7492327690124512,0,0
Pain,0,0,0,0,0.13000397384166718,0,0,0,0,0.4125981330871582,0.18204306066036224,0.35323989391326904,0.2834501564502716,0,0.2662130296230316,0.19947122037410736,0,0,0,0.38377684354782104,0.625440239906311,0,0,0,0,0.20827339589595795,0,0,0,0,0,0,0,0,0.6801996231079102,0.8014612197875977,0,0.12166612595319748,0,0,0,0,0,0,0.8852822184562683,0.9317966103553772,0,0.24493233859539032,0.5441262722015381,0.6867996454238892,0,0
Pain,0,0,0,0,0,0,0,0,0,0.3943825364112854,0.156643345952034,0.27813783288002014,0.21521206200122833,0,0.19833698868751526,0.13643428683280945,0,0,0,0.3993380665779114,0.6378028392791748,0,0,0,0,0.2742888927459717,0,0,0,0,0,0,0,0,0.5506278276443481,0.6929425001144409,0,0.13931497931480408,0,0,0,0,0,0,0.9165371656417847,0.9462165832519531,0.11697046458721161,0.22551356256008148,0.48693016171455383,0.6051236391067505,0,0
Pain,0,0,0,0.10291469097137451,0.11369019746780396,0,0,0,0,0.4383195638656616,0.14130425453186035,0.34518277645111084,0.27815499901771545,0,0.21403256058692932,0.14917334914207458,0,0,0,0.3385654091835022,0.6293689012527466,0,0,0,0,0.28603699803352356,0,0,0,0,0,0,0,0,0.5248535871505737,0.6556121110916138,0,0.14073768258094788,0,0,0,0,0,0,0.91066575050354,0.9495236873626709,0.1151050329208374,0.20612552762031555,0.42670318484306335,0.6028738617897034,0,0
Pain,0,0,0,0,0,0,0,0,0,0.3769834637641907,0.16339914500713348,0.2519181966781616,0.20229877531528473,0,0.1951116919517517,0.14325034618377686,0,0,0,0.39852479100227356,0.605376660823822,0,0,0,0,0.29123687744140625,0,0,0,0,0,0,0,0,0.5705920457839966,0.6914976239204407,0,0.15915939211845398,0,0,0,0,0,0,0.9255245923995972,0.9548982381820679,0.12613584101200104,0.20346716046333313,0.406995564699173,0.5737981200218201,0,0
Pain,0,0,0,0,0,0,0,0,0,0.3874632716178894,0.15323105454444885,0.3206200897693634,0.2596644461154938,0,0.18689857423305511,0.13089196383953094,0,0,0,0.36285871267318726,0.6263436079025269,0,0,0,0,0.2785140573978424,0,0,0,0,0,0,0,0,0.5648919343948364,0.6868689656257629,0,0.15299652516841888,0,0,0,0,0,0,0.9160385131835938,0.9493721723556519,0.1138414740562439,0.19018252193927765,0.4755956530570984,0.6418622732162476,0,0
Pain,0,0,0,0,0,0,0,0,0,0.42038431763648987,0.1886688470840454,0.3382279574871063,0.27257660031318665,0,0.1871189922094345,0.13749021291732788,0,0,0,0.37835684418678284,0.6537291407585144,0,0,0,0,0.29158687591552734,0,0,0,0,0,0,0,0,0.5252031087875366,0.6659921407699585,0,0.16174815595149994,0,0,0,0,0,0,0.9186792373657227,0.9487053751945496,0.107523612678051,0.1940872222185135,0.4228598475456238,0.5590783357620239,0,0
Pain,0,0,0,0,0,0,0,0,0,0.3931204378604889,0.1682812124490738,0.3103202283382416,0.2535274922847748,0,0.20747554302215576,0.14842689037322998,0,0,0,0.3626956641674042,0.6226219534873962,0,0,0,0,0.2743471562862396,0,0,0,0,0,0,0,0,0.570486307144165,0.6928879022598267,0,0.1579703539609909,0,0,0,0,0,0,0.9160985946655273,0.9501900672912598,0,0.1910317838191986,0.42561060190200806,0.5916587710380554,0,0
Pain,0,0,0,0.1407727301120758,0,0,0,0,0,0.37870779633522034,0.17676465213298798,0.27326640486717224,0.23598529398441315,0,0.13245221972465515,0,0,0,0,0.41892537474632263,0.6064450740814209,0,0,0,0,0.29335126280784607,0,0,0,0,0,0,0,0,0.5499000549316406,0.6701630353927612,0,0.1356659233570099,0,0,0,0,0,0,0.9187383055686951,0.9493664503097534,0.12918269634246826,0.2278432697057724,0.36689314246177673,0.54038405418396,0,0
Pain,0,0,0,0.18591514229774475,0.20212452113628387,0,0,0,0,0.41216006875038147,0.20091980695724487,0.2790495753288269,0.23435620963573456,0.13629136979579926,0,0,0.1014976054430008,0,0,0.4109324514865875,0.6117592453956604,0,0,0,0,0.3048560917377472,0,0,0,0,0,0,0,0,0.5308012366294861,0.6499021053314209,0,0.12491520494222641,0,0,0,0,0,0,0.9084621667861938,0.9456548690795898,0.1063438281416893,0.17965033650398254,0.3695942759513855,0.5569647550582886,0,0
Pain,0,0,0,0.11287035048007965,0.13581377267837524,0,0,0,0,0.4164845645427704,0.229872465133667,0.31479766964912415,0.28403595089912415,0.1035233587026596,0.11817364394664764,0,0,0,0,0.4129136800765991,0.6040540933609009,0,0,0,0,0.3032544255256653,0,0,0,0,0,0,0,0,0.4952513873577118,0.6229608058929443,0,0.1451282948255539,0,0,0,0,0,0,0.9042222499847412,0.9457544684410095,0,0.14631958305835724,0.3375120460987091,0.535201907157898,0,0
Pain,0,0,0,0.14103376865386963,0.15651388466358185,0,0,0,0,0.4728965163230896,0.1970633864402771,0.3286712169647217,0.2615506649017334,0.11612104624509811,0,0,0,0,0,0.356037974357605,0.6368931531906128,0,0,0,0,0.31849101185798645,0,0,0,0,0,0,0,0,0.4701601266860962,0.6058300733566284,0,0.15423396229743958,0,0,0,0,0,0,0.9214222431182861,0.9531370997428894,0,0.15450267493724823,0.3738888204097748,0.5573364496231079,0,0
Pain,0,0,0,0.10124215483665466,0.11687377095222473,0,0,0,0,0.4910532236099243,0.229030042886734,0.3304872214794159,0.2717911899089813,0.10594341158866882,0.1326887011528015,0,0,0,0,0.34415990114212036,0.6046286225318909,0,0,0,0,0.34105321764945984,0,0,0,0,0,0,0,0,0.3914148211479187,0.5511682629585266,0,0.2018951177597046,0,0,0,0,0,0,0.9326087832450867,0.9574186205863953,0,0.16853457689285278,0.39474722743034363,0.5409075021743774,0,0
Pain,0,0,0,0,0.11958219856023788,0,0,0,0,0.45219454169273376,0.1784479320049286,0.2958763837814331,0.23115818202495575,0,0.14475779235363007,0,0,0,0,0.35323017835617065,0.6100805401802063,0,0,0,0,0.34422755241394043,0,0,0,0,0,0,0,0,0.4437171518802643,0.6084340810775757,0,0.1631239950656891,0,0,0,0,0,0,0.9347652196884155,0.9571272730827332,0.12425847351551056,0.22775329649448395,0.3386034667491913,0.48108938336372375,0,0
Pain,0,0,0,0,0,0,0,0,0,0.4260749816894531,0.26014506816864014,0.3034875988960266,0.27586638927459717,0.10147926211357117,0.12599672377109528,0,0,0,0,0.4070148169994354,0.5977074503898621,0,0,0,0,0.310340017080307,0,0,0,0,0,0,0,0,0.5209303498268127,0.6649648547172546,0,0.1359502673149109,0,0,0,0,0,0,0.9169121384620667,0.9481915831565857,0,0.19819606840610504,0.41157618165016174,0.5594924688339233,0,0
Pain,0,0,0,0,0.11309780925512314,0,0,0,0,0.4415547251701355,0.21580152213573456,0.29916825890541077,0.24121026694774628,0,0.19101232290267944,0.13282766938209534,0,0,0,0.3608485162258148,0.5996592044830322,0,0,0,0,0.27668631076812744,0,0,0,0,0,0,0,0,0.5246007442474365,0.6651862263679504,0,0.14170882105827332,0,0,0,0,0,0,0.887444019317627,0.9387282729148865,0,0.1728423684835434,0.39495113492012024,0.5835628509521484,0,0
Pain,0,0,0,0,0,0,0,0,0,0.43620577454566956,0.22412905097007751,0.3029955327510834,0.2593783736228943,0,0.20440033078193665,0.14297130703926086,0,0,0,0.4024146795272827,0.589439868927002,0,0,0,0,0.2920006811618805,0,0,0,0,0,0,0,0,0.5140902996063232,0.6560561656951904,0,0.13871712982654572,0,0,0,0,0,0,0.9148074388504028,0.9467678666114807,0,0.1708081066608429,0.4348696768283844,0.6033229231834412,0,0
Pain,0,0,0,0,0,0,0,0,0,0.4789491891860962,0.25506171584129333,0.35938355326652527,0.3053978383541107,0,0.12216061353683472,0,0,0,0,0.38129740953445435,0.6002640128135681,0,0,0,0,0.2698984146118164,0,0,0,0,0,0,0,0,0.5587327480316162,0.6993089914321899,0,0.15550783276557922,0,0,0,0,0,0,0.9103277325630188,0.9487801194190979,0,0.16594043374061584,0.4923707842826843,0.6792169809341431,0,0
Pain,0,0,0,0.1409565657377243,0.18926416337490082,0,0,0,0,0.4169403612613678,0.16798585653305054,0.25201740860939026,0.2061598002910614,0,0.23072457313537598,0.16528478264808655,0,0,0,0.4439932703971863,0.5861957669258118,0,0,0,0,0.2839348614215851,0,0,0,0,0,0,0,0,0.58260178565979,0.7388380765914917,0,0.1046367660164833,0,0,0,0,0,0,0.8962814807891846,0.9245520830154419,0.12318514287471771,0.3079046308994293,0.47306451201438904,0.5893774032592773,0,0
Pain,0,0,0,0,0.16852886974811554,0,0,0,0,0.4362204372882843,0.20236623287200928,0.2797980308532715,0.2203565537929535,0,0.21079780161380768,0.14961490035057068,0,0,0,0.34358590841293335,0.6301394104957581,0,0,0,0,0.28705069422721863,0,0,0,0,0,0,0,0,0.5168542861938477,0.6901775598526001,0,0.1457906812429428,0,0,0,0,0,0,0.9152787923812866,0.946255087852478,0.11049945652484894,0.21984067559242249,0.47561922669410706,0.6392842531204224,0,0
Pain,0,0,0,0,0.11971163749694824,0,0,0,0,0.38978999853134155,0.1466919481754303,0.2742725908756256,0.21142835915088654,0,0.18888874351978302,0.14000838994979858,0,0,0,0.38594698905944824,0.6363359689712524,0,0,0,0,0.2790883779525757,0,0,0,0,0,0,0,0,0.5594079494476318,0.7102127075195312,0,0.12116077542304993,0,0,0,0,0,0,0.8942869305610657,0.9301064610481262,0.1245657429099083,0.23251141607761383,0.4781987965106964,0.6554497480392456,0,0
Pain,0,0,0,0,0,0,0,0,0,0.4112318754196167,0.1563315987586975,0.28420114517211914,0.215312659740448,0,0.11045152693986893,0,0,0,0,0.35498085618019104,0.6512353420257568,0,0,0,0,0.3232775926589966,0,0,0,0,0,0,0,0,0.43654757738113403,0.5595142841339111,0,0.1567896455526352,0,0,0,0,0,0,0.9058775901794434,0.944787859916687,0,0.16961669921875,0.37380632758140564,0.5516608357429504,0,0
Pain,0,0,0,0,0,0,0,0,0,0.38570743799209595,0.17233692109584808,0.29635676741600037,0.23672907054424286,0,0.16064149141311646,0.11468998342752457,0,0,0,0.3828590512275696,0.6536922454833984,0,0,0,0,0.3009723126888275,0,0,0,0,0,0,0,0,0.5299472808837891,0.6570355892181396,0,0.15461717545986176,0,0,0,0,0,0,0.9242045879364014,0.9550036787986755,0,0.16739191114902496,0.41933995485305786,0.5926204919815063,0,0
Pain,0,0.1283539980649948,0.1101277768611908,0,0,0,0,0,0,0.37883156538009644,0.1649811863899231,0.31745463609695435,0.2640274465084076,0,0.21896232664585114,0.1604994684457779,0,0,0,0.359315425157547,0.6402806639671326,0,0,0,0,0.284978449344635,0,0,0,0,0,0,0,0,0.5413165092468262,0.6844233274459839,0,0.16642485558986664,0,0,0,0,0,0,0.9195556640625,0.9538556933403015,0,0.17388220131397247,0.41823163628578186,0.566171407699585,0,0
Pain,0,0,0,0,0,0,0,0,0,0.4074285924434662,0.22679419815540314,0.37341931462287903,0.3228031396865845,0,0.2039393037557602,0.15270879864692688,0,0,0,0.3719030022621155,0.5826791524887085,0,0,0,0,0.25737249851226807,0,0,0,0,0,0,0,0,0.5894412994384766,0.7137526273727417,0,0.20505443215370178,0,0,0,0,0,0,0.9119897484779358,0.9566600322723389,0,0.1067146435379982,0.3967626392841339,0.6415826678276062,0,0
Pain,0,0,0,0,0,0,0,0,0,0.4098885655403137,0.18707969784736633,0.3060202896595001,0.25034981966018677,0,0.15383394062519073,0.10735249519348145,0,0,0,0.3517703711986542,0.6274553537368774,0,0,0,0,0.2824100852012634,0,0,0,0,0,0,0,0,0.5602368116378784,0.6807986497879028,0,0.1555468738079071,0,0,0,0,0,0,0.9094113707542419,0.9512966275215149,0,0.15326297283172607,0.37254512310028076,0.5631333589553833,0,0
Pain,0,0,0,0,0,0,0,0,0,0.400545597076416,0.19516372680664062,0.27071285247802734,0.2181619554758072,0,0.14328059554100037,0,0,0,0,0.3909110128879547,0.6520769596099854,0,0,0,0,0.24255873262882233,0,0,0,0,0,0,0,0,0.6229638457298279,0.7487990856170654,0,0.1475212574005127,0,0,0,0,0,0,0.9086490869522095,0.9474056959152222,0,0.1594877690076828,0.46208032965660095,0.6513659954071045,0,0
Pain,0,0,0,0,0,0,0,0,0,0.37983274459838867,0.15312355756759644,0.24825380742549896,0.1847272664308548,0,0.2169322967529297,0.15571051836013794,0,0,0,0.38374510407447815,0.6593243479728699,0,0,0,0,0.2522761821746826,0,0,0,0,0,0,0,0,0.5850250720977783,0.7339156270027161,0,0.11240530759096146,0,0,0,0,0,0,0.8894104957580566,0.930688202381134,0,0.17872931063175201,0.47549647092819214,0.615897536277771,0,0
Pain,0,0,0,0,0,0,0,0,0,0.356507807970047,0.15544971823692322,0.2812797427177429,0.21065101027488708,0,0.2584189772605896,0.21154895424842834,0,0,0,0.3381372392177582,0.6364256143569946,0,0,0,0,0.23869158327579498,0,0,0,0,0,0,0,0,0.5907447934150696,0.7178179025650024,0,0.11725106835365295,0,0,0,0,0,0,0.8862307667732239,0.9307980537414551,0,0.17476710677146912,0.5067956447601318,0.6499350666999817,0,0
Pain,0,0,0,0,0,0,0,0,0,0.35147032141685486,0.13995930552482605,0.2522749900817871,0.19102370738983154,0,0.25785690546035767,0.20911072194576263,0,0,0,0.3598545491695404,0.6163544654846191,0,0,0,0,0.21752193570137024,0,0,0,0,0,0,0,0,0.688955545425415,0.7993560433387756,0,0.11659666895866394,0,0,0,0,0,0,0.8979779481887817,0.9341753125190735,0,0.23837341368198395,0.4827549457550049,0.6173464059829712,0,0
Pain,0,0,0,0,0,0,0,0,0,0.3549674153327942,0.1395380198955536,0.27058687806129456,0.21165312826633453,0,0.19701936841011047,0.1508404016494751,0,0,0,0.3552456796169281,0.6189087629318237,0,0,0,0,0.23759295046329498,0,0,0,0,0,0,0,0,0.6580204963684082,0.765505313873291,0,0.1473570168018341,0,0,0,0,0,0,0.8959671854972839,0.9371548295021057,0,0.21059440076351166,0.44541096687316895,0.6223623752593994,0,0
Pain,0,0,0,0,0,0,0,0,0,0.39135855436325073,0.2108236402273178,0.3526303172111511,0.28733181953430176,0,0.15685127675533295,0.11764281988143921,0,0,0,0.36156272888183594,0.6371668577194214,0,0,0,0,0.22979038953781128,0,0,0,0,0,0,0,0,0.6362935304641724,0.7738267183303833,0,0.162526935338974,0,0,0,0,0,0,0.8695512413978577,0.929634690284729,0,0.1999295949935913,0.4757370054721832,0.6715930700302124,0,0
Pain,0,0,0,0,0,0,0,0,0,0.34983518719673157,0.15688249468803406,0.2655542492866516,0.22880665957927704,0,0.14247071743011475,0.1011408269405365,0,0,0,0.4184523820877075,0.5964954495429993,0,0,0,0,0.29965952038764954,0,0,0,0,0,0,0,0,0.5641477108001709,0.6840991377830505,0,0.15058985352516174,0,0,0,0,0,0,0.9150341749191284,0.948695182800293,0.10300561040639877,0.23492620885372162,0.3262976408004761,0.4892893433570862,0,0
Pain,0,0,0,0,0.1066947802901268,0,0,0,0,0.42128628492355347,0.17947779595851898,0.27277669310569763,0.2092677801847458,0,0.19298145174980164,0.1300947666168213,0,0,0,0.32329148054122925,0.6384244561195374,0,0,0,0,0.3137337267398834,0,0,0,0,0,0,0,0,0.460311621427536,0.6033766269683838,0,0.19227325916290283,0,0,0,0,0,0,0.9189348816871643,0.9574370980262756,0,0.1467752307653427,0.3180636167526245,0.5004552602767944,0,0
Pain,0,0,0,0,0.10071369260549545,0,0,0,0,0.40278780460357666,0.1748260110616684,0.2945118844509125,0.23961101472377777,0,0.16882215440273285,0.1123354434967041,0,0,0,0.3507837653160095,0.6240732669830322,0,0,0,0,0.3101474344730377,0,0,0,0,0,0,0,0,0.47261178493499756,0.6186217069625854,0,0.1512814462184906,0,0,0,0,0,0,0.9093213081359863,0.9466927647590637,0,0.13490775227546692,0.3511994779109955,0.5094089508056641,0,0
Pain,0,0,0,0.10648494213819504,0,0,0,0,0,0.4716770648956299,0.22568367421627045,0.327136367559433,0.26317086815834045,0,0.19294941425323486,0.13715572655200958,0,0,0,0.36334657669067383,0.6045410633087158,0,0,0,0,0.25559771060943604,0,0,0,0,0,0,0,0,0.5510356426239014,0.7018225193023682,0,0.10035025328397751,0,0,0,0,0,0,0.8772146105766296,0.9162095785140991,0,0.20584002137184143,0.5607008934020996,0.6759305000305176,0,0
Pain,0,0,0,0,0,0,0,0,0,0.3952488303184509,0.16770410537719727,0.2846493124961853,0.22354261577129364,0,0.1838892698287964,0.12876667082309723,0,0,0,0.3613415062427521,0.6161754131317139,0,0,0,0,0.2743459641933441,0,0,0,0,0,0,0,0,0.5313848257064819,0.6748014688491821,0,0.14079514145851135,0,0,0,0,0,0,0.8964211344718933,0.9360045790672302,0,0.15760281682014465,0.4935275912284851,0.612226128578186,0,0
Pain,0,0,0,0.100411057472229,0,0,0,0,0,0.4100705087184906,0.16961392760276794,0.29861122369766235,0.23508884012699127,0,0.14579735696315765,0.10039395838975906,0,0,0,0.3474790155887604,0.641998291015625,0,0,0,0,0.29479578137397766,0,0,0,0,0,0,0,0,0.5200316309928894,0.6396597623825073,0,0.14185668528079987,0,0,0,0,0,0,0.9018534421920776,0.9417245388031006,0,0.12992773950099945,0.4195415675640106,0.5640694499015808,0,0
Pain,0,0,0,0,0,0,0,0,0,0.4326949417591095,0.21227356791496277,0.3200218081474304,0.26544108986854553,0,0.19508227705955505,0.13523201644420624,0,0,0,0.36432984471321106,0.5999109148979187,0,0,0,0,0.29786232113838196,0,0,0,0,0,0,0,0,0.5218716263771057,0.6388963460922241,0,0.150460883975029,0,0,0,0,0,0,0.9036309719085693,0.9470123648643494,0,0.11094104498624802,0.39163702726364136,0.5487167835235596,0,0
Pain,0,0,0,0,0,0,0,0,0,0.42888468503952026,0.17726726830005646,0.29031288623809814,0.24343016743659973,0,0.16591353714466095,0.1191236674785614,0,0,0,0.3845575153827667,0.5843298435211182,0,0,0,0,0.2803119421005249,0,0,0,0,0,0,0,0,0.5642900466918945,0.6802818775177002,0,0.1380339115858078,0,0,0,0,0,0,0.9023665189743042,0.938408613204956,0,0.13243533670902252,0.4403122663497925,0.5966384410858154,0,0
Pain,0,0,0,0.1552690863609314,0,0,0,0,0,0.3984038531780243,0.1543087512254715,0.23629966378211975,0.19107159972190857,0,0.21232566237449646,0.15144650638103485,0,0,0,0.3895877003669739,0.6225018501281738,0,0,0,0,0.2952304482460022,0,0,0,0,0,0,0,0,0.5359963178634644,0.6604836583137512,0,0.12656855583190918,0,0,0,0,0,0,0.8987197279930115,0.9254369735717773,0.1216457188129425,0.22677582502365112,0.4512385427951813,0.5766428709030151,0,0
Pain,0,0,0,0,0,0,0,0,0,0.3881569504737854,0.17567399144172668,0.2961548864841461,0.2287757694721222,0,0.17224325239658356,0.1242665946483612,0,0,0,0.3669055104255676,0.6549142003059387,0,0,0,0,0.29091909527778625,0,0,0,0,0,0,0,0,0.5340961813926697,0.6926311254501343,0,0.13460379838943481,0,0,0,0,0,0,0.8937358856201172,0.9353691935539246,0,0.2137129008769989,0.4388386905193329,0.5787357091903687,0,0
Pain,0,0,0,0,0.11144323647022247,0,0,0,0,0.3964724838733673,0.1652815192937851,0.2845376431941986,0.23365959525108337,0,0.21140314638614655,0.1548200398683548,0,0,0,0.37689608335494995,0.6021818518638611,0,0,0,0,0.31462952494621277,0,0,0,0,0,0,0,0,0.49392712116241455,0.6447391510009766,0,0.11998268961906433,0,0,0,0,0,0,0.9065178632736206,0.9412453770637512,0,0.2147735208272934,0.39016371965408325,0.5385016202926636,0,0
Pain,0,0,0,0,0,0,0,0,0,0.39474424719810486,0.17817360162734985,0.3059968054294586,0.2520042657852173,0,0.2131388634443283,0.15649497509002686,0,0,0,0.36416351795196533,0.627481997013092,0,0,0,0,0.30860456824302673,0,0,0,0,0,0,0,0,0.4942728579044342,0.6414649486541748,0,0.1368451714515686,0,0,0,0,0,0,0.9045089483261108,0.9435708522796631,0,0.17463815212249756,0.41731393337249756,0.5752201080322266,0,0
Pain,0,0,0,0,0,0,0,0,0,0.37071195244789124,0.16755735874176025,0.29683759808540344,0.240653857588768,0,0.1907195895910263,0.14480368793010712,0,0,0,0.37349700927734375,0.6296566724777222,0,0,0,0,0.28857144713401794,0,0,0,0,0,0,0,0,0.5285794734954834,0.6671613454818726,0,0.11866170167922974,0,0,0,0,0,0,0.8915748596191406,0.9356777667999268,0,0.17411723732948303,0.4166189134120941,0.5569664835929871,0,0
Pain,0,0,0,0,0.1156730055809021,0,0,0,0,0.43570250272750854,0.223693385720253,0.3068859577178955,0.25206345319747925,0,0.21962596476078033,0.1528838872909546,0,0,0,0.35337066650390625,0.6121870279312134,0,0,0,0,0.2804166376590729,0,0,0,0,0,0,0,0,0.5455600023269653,0.6807568073272705,0,0.19495172798633575,0,0,0,0,0,0,0.9144550561904907,0.9531894326210022,0,0.13748396933078766,0.3518422842025757,0.5305763483047485,0,0
Pain,0,0,0,0,0.12421811372041702,0,0,0,0,0.4700890779495239,0.22192640602588654,0.35490623116493225,0.2868417501449585,0,0.12191055715084076,0,0,0,0,0.3312305212020874,0.5897137522697449,0,0,0,0,0.29142534732818604,0,0,0,0,0,0,0,0,0.517490029335022,0.6723551750183105,0,0.1874338984489441,0,0,0,0,0,0,0.9199113249778748,0.9524810910224915,0,0.15258166193962097,0.3981291949748993,0.5400831699371338,0,0
Pain,0,0,0,0,0.10213718563318253,0,0,0,0,0.40394023060798645,0.16693322360515594,0.2654544413089752,0.2150142788887024,0,0.19505028426647186,0.1402502804994583,0,0,0,0.39598968625068665,0.607210099697113,0,0,0,0,0.2810862958431244,0,0,0,0,0,0,0,0,0.5593909025192261,0.7071622014045715,0,0.14115774631500244,0,0,0,0,0,0,0.9258026480674744,0.9521459341049194,0,0.16537097096443176,0.43725714087486267,0.5650509595870972,0,0
Pain,0,0,0,0,0,0,0,0,0,0.43481388688087463,0.22529953718185425,0.33365583419799805,0.2830403447151184,0,0.14965541660785675,0,0,0,0,0.36461004614830017,0.6125576496124268,0,0,0,0,0.2990856468677521,0,0,0,0,0,0,0,0,0.5028793215751648,0.6524391770362854,0,0.15490999817848206,0,0,0,0,0,0,0.9155282974243164,0.9501051306724548,0,0.13648998737335205,0.4177458882331848,0.5723458528518677,0,0
Pain,0,0,0,0,0,0,0,0,0,0.45515796542167664,0.24747052788734436,0.3342423737049103,0.2800498902797699,0,0.14620544016361237,0,0,0,0,0.34389758110046387,0.6422291994094849,0,0,0,0,0.3263798952102661,0,0,0,0,0,0,0,0,0.442198246717453,0.5805132389068604,0,0.17360201478004456,0,0,0,0,0,0,0.9118107557296753,0.94886714220047,0,0.14744693040847778,0.3273838758468628,0.4970037043094635,0,0
Pain,0,0,0,0,0,0,0,0,0,0.41949495673179626,0.17285938560962677,0.33718860149383545,0.2665765583515167,0,0.22773072123527527,0.15842345356941223,0,0,0,0.329792320728302,0.6576598882675171,0,0,0,0,0.2774994671344757,0,0,0,0,0,0,0,0,0.5305541157722473,0.6602160930633545,0,0.14320285618305206,0,0,0,0,0,0,0.9024897813796997,0.9424040913581848,0,0.18353129923343658,0.4320262372493744,0.5864707231521606,0,0
Pain,0,0,0,0,0,0,0,0,0,0.4222714602947235,0.18829455971717834,0.2912953197956085,0.2485487163066864,0,0.150394469499588,0.10365771502256393,0,0,0,0.3961848020553589,0.5855692028999329,0,0,0,0,0.30864688754081726,0,0,0,0,0,0,0,0,0.4972955882549286,0.6541231870651245,0,0.14645332098007202,0,0,0,0,0,0,0.9129048585891724,0.9413415193557739,0,0.1953658014535904,0.4368993043899536,0.5525398850440979,0,0
Pain,0,0,0,0,0,0,0,0,0,0.4383397102355957,0.20243306457996368,0.3468698561191559,0.28183865547180176,0,0.16646738350391388,0.11900927871465683,0,0,0,0.3583478033542633,0.6259923577308655,0,0,0,0,0.26584121584892273,0,0,0,0,0,0,0,0,0.5796539783477783,0.7248010635375977,0,0.1500006467103958,0,0,0,0,0,0,0.9037216305732727,0.9431655406951904,0,0.1601307988166809,0.467009574174881,0.6275666356086731,0,0
Pain,0,0,0,0,0,0,0,0,0,0.4248092770576477,0.19782274961471558,0.32509514689445496,0.25232991576194763,0,0.1969517320394516,0.14832711219787598,0,0,0,0.3596572279930115,0.6290009021759033,0,0,0,0,0.2749086022377014,0,0,0,0,0,0,0,0,0.5670281052589417,0.6988784074783325,0,0.1473936140537262,0,0,0,0,0,0,0.9034112691879272,0.9456403851509094,0,0.14880982041358948,0.433387815952301,0.6226049065589905,0,0
Pain,0,0,0,0.1022719070315361,0.15392780303955078,0,0,0,0,0.4894420802593231,0.21499526500701904,0.33918890357017517,0.2711973786354065,0,0.1675460934638977,0.10121508687734604,0,0,0,0.33790794014930725,0.5992746353149414,0,0,0,0,0.3355259597301483,0,0,0,0,0,0,0,0,0.433435320854187,0.5930917263031006,0,0.18522679805755615,0,0,0,0,0,0,0.9315407276153564,0.9545819163322449,0,0.15073247253894806,0.3666223883628845,0.48554348945617676,0,0
Pain,0,0,0,0.16375984251499176,0.22290150821208954,0,0,0,0,0.49378615617752075,0.21055345237255096,0.33330240845680237,0.25176817178726196,0,0.21331635117530823,0.1140936091542244,0,0,0,0.3529832661151886,0.5471583008766174,0,0,0,0,0.3292423188686371,0,0,0,0,0,0,0,0,0.42378702759742737,0.620643138885498,0,0.17605875432491302,0,0,0,0,0,0,0.9285295605659485,0.9535140991210938,0,0.16020293533802032,0.3650173246860504,0.5101845860481262,0,0
Pain,0,0,0,0.12011060863733292,0.11809980124235153,0,0,0,0,0.4475327432155609,0.1897229105234146,0.3184344172477722,0.2668304741382599,0,0.15860320627689362,0,0,0,0,0.3257570266723633,0.5592191815376282,0,0,0,0,0.3257458806037903,0,0,0,0,0,0,0,0,0.4286231994628906,0.591200590133667,0,0.20067891478538513,0,0,0,0,0,0,0.9316712617874146,0.9559882283210754,0,0.15781500935554504,0.395840585231781,0.5266234874725342,0,0
Pain,0,0,0,0.12198366969823837,0.11433322727680206,0,0,0,0,0.40294456481933594,0.20926779508590698,0.34687381982803345,0.30039459466934204,0.1009039580821991,0.10298659652471542,0,0,0,0,0.35928499698638916,0.6186313033103943,0,0,0,0,0.29788699746131897,0,0,0,0,0,0,0,0,0.5167580842971802,0.6425344944000244,0,0.17087243497371674,0,0,0,0,0,0,0.9056353569030762,0.9478926062583923,0,0.14026494324207306,0.4448436498641968,0.6386152505874634,0,0
Pain,0,0,0,0,0,0,0,0,0,0.3828532099723816,0.18559834361076355,0.30073556303977966,0.2529125213623047,0,0.12569276988506317,0,0,0,0,0.38835036754608154,0.6121456623077393,0,0,0,0,0.2850765287876129,0,0,0,0,0,0,0,0,0.5274158716201782,0.654750406742096,0,0.12954775989055634,0,0,0,0,0,0,0.9029138684272766,0.9376180171966553,0,0.15720732510089874,0.44957539439201355,0.5929670333862305,0,0
Pain,0,0,0,0,0,0,0,0,0,0.396861732006073,0.16254885494709015,0.30158093571662903,0.2401338666677475,0,0.14489711821079254,0.10272644460201263,0,0,0,0.3777317702770233,0.6542161107063293,0,0,0,0,0.2815748155117035,0,0,0,0,0,0,0,0,0.4832299053668976,0.6294989585876465,0,0.11146590113639832,0,0,0,0,0,0,0.8879178762435913,0.9314453601837158,0,0.16838711500167847,0.47242307662963867,0.615259051322937,0,0
Pain,0,0,0,0.10326477885246277,0.10286845266819,0,0,0,0,0.4315533936023712,0.2135331779718399,0.33878427743911743,0.28373733162879944,0,0.10646707564592361,0,0,0,0,0.3728563189506531,0.6302988529205322,0,0,0,0,0.29658401012420654,0,0,0,0,0,0,0,0,0.4727640450000763,0.6215481758117676,0,0.12299539893865585,0,0,0,0,0,0,0.9009999632835388,0.9408876895904541,0,0.1365591138601303,0.4046538174152374,0.5629615783691406,0,0
Pain,0,0,0,0,0,0,0,0,0,0.3934566378593445,0.19106224179267883,0.32386314868927,0.26682937145233154,0,0.11008816212415695,0,0,0,0,0.3768802583217621,0.6533665657043457,0,0,0,0,0.2909153401851654,0,0,0,0,0,0,0,0,0.4794330596923828,0.6185482740402222,0,0.1227145716547966,0,0,0,0,0,0,0.8927613496780396,0.9338212609291077,0,0.12020350247621536,0.4536570608615875,0.6033948659896851,0,0
Pain,0,0,0,0.1223897784948349,0,0,0,0,0,0.45097532868385315,0.21578526496887207,0.32189786434173584,0.27532172203063965,0.11913381516933441,0,0,0,0,0,0.3864143192768097,0.6390405893325806,0,0,0,0,0.3135223686695099,0,0,0,0,0,0,0,0,0.43816834688186646,0.5595518946647644,0,0.12032447010278702,0,0,0,0,0,0,0.8945808410644531,0.9355068802833557,0,0.14373518526554108,0.4132287800312042,0.5862429141998291,0,0
Pain,0,0,0,0,0,0,0,0,0,0.4390886425971985,0.20984597504138947,0.32867565751075745,0.28786617517471313,0,0.11727755516767502,0,0,0,0,0.3920692801475525,0.6166243553161621,0,0,0,0,0.29450753331184387,0,0,0,0,0,0,0,0,0.4737270772457123,0.5984476804733276,0,0.1438787281513214,0,0,0,0,0,0,0.8900874853134155,0.9380347728729248,0,0.13474106788635254,0.3831040561199188,0.5552462339401245,0,0
Pain,0,0,0,0.13747596740722656,0.12740492820739746,0,0,0,0,0.3759045898914337,0.1391579806804657,0.22138191759586334,0.17823226749897003,0,0.2004113644361496,0.14749278128147125,0,0,0,0.4188719689846039,0.6165039539337158,0,0,0,0,0.2863042652606964,0,0,0,0,0,0,0,0,0.5167858600616455,0.6705922484397888,0,0.1029682606458664,0,0,0,0,0,0,0.8759192824363708,0.9093005657196045,0.10489996522665024,0.2587798833847046,0.4850926697254181,0.5980358719825745,0,0
Pain,0,0,0,0,0,0,0,0,0,0.43958568572998047,0.1771000772714615,0.3400910496711731,0.27483832836151123,0,0.1714041531085968,0.11454345285892487,0,0,0,0.35556522011756897,0.6507495641708374,0,0,0,0,0.29034894704818726,0,0,0,0,0,0,0,0,0.42355120182037354,0.5815534591674805,0,0.11486897617578506,0,0,0,0,0,0,0.8917428255081177,0.9310266375541687,0,0.12115496397018433,0.5251667499542236,0.6275068521499634,0,0
Pain,0,0,0,0,0,0,0,0,0,0.40639030933380127,0.1722414791584015,0.3552442193031311,0.28629231452941895,0,0.21087457239627838,0.1689569354057312,0,0,0,0.33950096368789673,0.6464663743972778,0,0,0,0,0.2894487977027893,0,0,0,0,0,0,0,0,0.44703465700149536,0.6135966777801514,0,0.12507757544517517,0,0,0,0,0,0,0.8843875527381897,0.9311543703079224,0,0.14862148463726044,0.44641897082328796,0.5876003503799438,0,0
Pain,0,0,0,0,0,0,0,0,0,0.4027160108089447,0.19266846776008606,0.31429770588874817,0.2679581940174103,0,0.21614733338356018,0.152280792593956,0,0,0,0.37139758467674255,0.5887334942817688,0,0,0,0,0.2712860703468323,0,0,0,0,0,0,0,0,0.5360730290412903,0.6786399483680725,0,0.12430045753717422,0,0,0,0,0,0,0.9009293913841248,0.9366866946220398,0,0.1574474424123764,0.4382561445236206,0.5758119821548462,0,0
Pain,0,0,0,0,0,0,0,0,0,0.4128415584564209,0.1951971799135208,0.34827280044555664,0.29167088866233826,0,0.1722005158662796,0.12344427406787872,0,0,0,0.35743197798728943,0.6360625624656677,0,0,0,0,0.2537689507007599,0,0,0,0,0,0,0,0,0.566114068031311,0.7070482969284058,0,0.13158898055553436,0,0,0,0,0,0,0.8872615098953247,0.9307052493095398,0,0.17633719742298126,0.47876256704330444,0.6077055931091309,0,0
Pain,0,0,0,0,0,0,0,0,0,0.3935442566871643,0.1700720638036728,0.2824365496635437,0.217643141746521,0,0.2544021010398865,0.19793586432933807,0,0,0,0.362766832113266,0.6511817574501038,0,0,0,0,0.2752493619918823,0,0,0,0,0,0,0,0,0.531872034072876,0.6712850332260132,0,0.10785774141550064,0,0,0,0,0,0,0.8856971263885498,0.9285945892333984,0,0.16691161692142487,0.4068286716938019,0.5398398637771606,0,0
Pain,0,0,0,0,0,0,0,0,0,0.429086297750473,0.18752561509609222,0.29974129796028137,0.23439736664295197,0,0.2308763563632965,0.1631736308336258,0,0,0,0.3383387625217438,0.6440426111221313,0,0,0,0,0.29964977502822876,0,0,0,0,0,0,0,0,0.47735893726348877,0.6129809617996216,0,0.14584442973136902,0,0,0,0,0,0,0.9125048518180847,0.9502601623535156,0,0.1252160221338272,0.37648826837539673,0.5467135310173035,0,0
Pain,0,0,0,0,0,0,0,0,0,0.41796156764030457,0.19695013761520386,0.3339737355709076,0.2833521366119385,0,0.195847749710083,0.12603847682476044,0,0,0,0.3650963604450226,0.5839911699295044,0,0,0,0,0.2704484462738037,0,0,0,0,0,0,0,0,0.5698964595794678,0.7082023620605469,0,0.174978569149971,0,0,0,0,0,0,0.9179973602294922,0.9511006474494934,0,0.1350882202386856,0.41435524821281433,0.5848411321640015,0,0
Pain,0,0,0,0.11364469677209854,0.11226904392242432,0,0,0,0,0.4434044063091278,0.2129496932029724,0.3264433741569519,0.2816723883152008,0,0.1636536419391632,0.10560577362775803,0,0,0,0.37607884407043457,0.6132997274398804,0,0,0,0,0.27035680413246155,0,0,0,0,0,0,0,0,0.5647889375686646,0.699354887008667,0,0.15129931271076202,0,0,0,0,0,0,0.9098747372627258,0.9445154666900635,0,0.14101824164390564,0.46000367403030396,0.6122362613677979,0,0
Pain,0,0,0,0.10643614083528519,0.1127607598900795,0,0,0,0,0.4085017144680023,0.18623459339141846,0.30792444944381714,0.2508080005645752,0,0.19845212996006012,0.1429814249277115,0,0,0,0.37327781319618225,0.633259654045105,0,0,0,0,0.29286128282546997,0,0,0,0,0,0,0,0,0.5058876872062683,0.632870078086853,0,0.13390222191810608,0,0,0,0,0,0,0.9008471965789795,0.9369856715202332,0,0.14401672780513763,0.4274079501628876,0.5564018487930298,0,0
Pain,0,0,0,0,0,0,0,0,0,0.4185195863246918,0.21942348778247833,0.35711395740509033,0.2991146743297577,0,0.16903311014175415,0.11992239952087402,0,0,0,0.3641168475151062,0.6316666603088379,0,0,0,0,0.2728334963321686,0,0,0,0,0,0,0,0,0.532758891582489,0.6613137722015381,0,0.14062151312828064,0,0,0,0,0,0,0.9001988172531128,0.9389434456825256,0,0.11598894000053406,0.46455496549606323,0.5990562438964844,0,0
Pain,0,0,0,0,0,0,0,0,0,0.3677347004413605,0.17217981815338135,0.2572448253631592,0.2168191820383072,0,0.256669282913208,0.18285495042800903,0,0,0,0.40354466438293457,0.5926539301872253,0,0,0,0,0.2830832004547119,0,0,0,0,0,0,0,0,0.5073558688163757,0.6747177839279175,0,0.1459292322397232,0,0,0,0,0,0,0.9206254482269287,0.9463987350463867,0,0.13441959023475647,0.4623658061027527,0.592954158782959,0,0
Pain,0,0,0,0,0,0,0,0,0,0.3791039288043976,0.1762605458498001,0.3201789855957031,0.27807071805000305,0,0.18595735728740692,0.13194337487220764,0,0,0,0.3755420446395874,0.609639048576355,0,0,0,0,0.28068411350250244,0,0,0,0,0,0,0,0,0.5424209833145142,0.6733746528625488,0,0.18879328668117523,0,0,0,0,0,0,0.914289116859436,0.9510807991027832,0,0.1458968222141266,0.3921000361442566,0.5847747325897217,0,0
Pain,0,0,0,0.10099688172340393,0.11894842237234116,0,0,0,0,0.3675251603126526,0.16933658719062805,0.3339959681034088,0.2788374423980713,0,0.1654176563024521,0.1225113719701767,0,0,0,0.40069857239723206,0.6379621028900146,0,0,0,0,0.25470170378685,0,0,0,0,0,0,0,0,0.5878908634185791,0.7099676728248596,0,0.1333242952823639,0,0,0,0,0,0,0.8929184675216675,0.930509090423584,0,0.1644425392150879,0.4977784752845764,0.6269277334213257,0,0
Pain,0,0,0,0.11169122904539108,0.13281506299972534,0,0,0,0,0.35035306215286255,0.13823701441287994,0.2736370265483856,0.2217325121164322,0,0.2015337198972702,0.15566560626029968,0,0,0,0.414350688457489,0.6263649463653564,0,0,0,0,0.25157368183135986,0,0,0,0,0,0,0,0,0.6330764293670654,0.7519961595535278,0,0.10163214802742004,0,0,0,0,0,0,0.894573450088501,0.9258196353912354,0,0.2238476276397705,0.49781888723373413,0.5894948244094849,0,0
Pain,0,0,0,0,0.14249549806118011,0,0,0,0,0.3954421877861023,0.210098534822464,0.3127933740615845,0.24988149106502533,0,0.18917977809906006,0.1345876008272171,0,0,0,0.3643309772014618,0.6561037302017212,0,0,0,0,0.2650941014289856,0,0,0,0,0,0,0,0,0.5828502774238586,0.7214219570159912,0,0.1227797344326973,0,0,0,0,0,0,0.9010137319564819,0.9426430463790894,0,0.1522691249847412,0.39459604024887085,0.5941665172576904,0,0
Pain,0,0,0,0,0,0,0,0,0,0.3422577679157257,0.1309385895729065,0.32860520482063293,0.2736707627773285,0,0.20395030081272125,0.15058310329914093,0,0,0,0.3692997395992279,0.6110892295837402,0,0,0,0,0.2821299433708191,0,0,0,0,0,0,0,0,0.550540566444397,0.6693633794784546,0,0.12812165915966034,0,0,0,0,0,0,0.9008427262306213,0.9383969306945801,0,0.1486724466085434,0.39229071140289307,0.5489920377731323,0,0
Pain,0,0,0,0,0,0,0,0,0,0.35047924518585205,0.15036682784557343,0.3613266944885254,0.29883813858032227,0,0.19720248878002167,0.14774352312088013,0,0,0,0.37878483533859253,0.6325540542602539,0,0,0,0,0.26189592480659485,0,0,0,0,0,0,0,0,0.5715920329093933,0.6898572444915771,0,0.12517136335372925,0,0,0,0,0,0,0.8914316892623901,0.9379059076309204,0,0.11069291830062866,0.42945414781570435,0.6177322268486023,0,0
Pain,0,0,0,0,0,0,0,0,0,0.3618159294128418,0.19033464789390564,0.3774092197418213,0.3318163752555847,0,0.13768497109413147,0,0,0,0,0.39807984232902527,0.6168819665908813,0,0,0,0,0.24315974116325378,0,0,0,0,0,0,0,0,0.6057273149490356,0.7464709877967834,0,0.14635269343852997,0,0,0,0,0,0,0.8931269645690918,0.9411923885345459,0,0.15503054857254028,0.518979012966156,0.6973310708999634,0,0
Pain,0,0,0,0,0.13553643226623535,0,0,0,0,0.3525409698486328,0.1455799788236618,0.34234678745269775,0.2754928767681122,0,0.12905417382717133,0,0,0,0,0.378826767206192,0.6189733743667603,0,0,0,0,0.2603805363178253,0,0,0,0,0,0,0,0,0.6057578325271606,0.7299866676330566,0,0.1352519690990448,0,0,0,0,0,0,0.8971765637397766,0.9382194876670837,0,0.1753966361284256,0.45277202129364014,0.6082348823547363,0,0
Pain,0,0,0,0,0.11079531162977219,0,0,0,0,0.3647831678390503,0.14476066827774048,0.3281092345714569,0.24303700029850006,0,0.17460860311985016,0.12886549532413483,0,0,0,0.3556000292301178,0.661949634552002,0,0,0,0,0.2631772756576538,0,0,0,0,0,0,0,0,0.559417724609375,0.7055405378341675,0,0.13344520330429077,0,0,0,0,0,0,0.8951085805892944,0.9331752061843872,0,0.1675255298614502,0.4766417145729065,0.6040990352630615,0,0
Pain,0,0,0,0,0,0,0,0,0,0.3982587158679962,0.156102254986763,0.3225344717502594,0.24544987082481384,0,0.1744745969772339,0.13152854144573212,0,0,0,0.36720389127731323,0.6763073205947876,0,0,0,0,0.26126131415367126,0,0,0,0,0,0,0,0,0.5201210975646973,0.6600652933120728,0,0.12667793035507202,0,0,0,0,0,0,0.8943011164665222,0.9329262971878052,0,0.12470196932554245,0.5250236988067627,0.6481200456619263,0,0
Pain,0,0,0,0,0,0,0,0,0,0.40168824791908264,0.14247344434261322,0.33366483449935913,0.25688543915748596,0,0.15301500260829926,0.10958325117826462,0,0,0,0.34918126463890076,0.6472804546356201,0,0,0,0,0.26215237379074097,0,0,0,0,0,0,0,0,0.5364516973495483,0.6701741218566895,0,0.1432650238275528,0,0,0,0,0,0,0.8916884660720825,0.9330811500549316,0,0.13846933841705322,0.497176855802536,0.6303243637084961,0,0
Pain,0,0,0,0,0,0,0,0,0,0.37033674120903015,0.12290555238723755,0.31581202149391174,0.24505656957626343,0,0.17579030990600586,0.12497367709875107,0,0,0,0.35821181535720825,0.6265980005264282,0,0,0,0,0.2548416554927826,0,0,0,0,0,0,0,0,0.5939971208572388,0.7122128009796143,0,0.13760115206241608,0,0,0,0,0,0,0.8940224647521973,0.9333305954933167,0,0.15547485649585724,0.4854744076728821,0.6187968850135803,0,0
Pain,0,0,0,0,0,0,0,0,0,0.38760796189308167,0.16383861005306244,0.34298837184906006,0.2756968140602112,0,0.14398500323295593,0.10305546969175339,0,0,0,0.354098379611969,0.6442234516143799,0,0,0,0,0.25545045733451843,0,0,0,0,0,0,0,0,0.6053999662399292,0.7136129140853882,0,0.15427808463573456,0,0,0,0,0,0,0.9001441597938538,0.940054714679718,0,0.14718542993068695,0.47785940766334534,0.6605321764945984,0,0
Pain,0,0,0,0,0.1046806201338768,0,0,0,0,0.3600718379020691,0.15051701664924622,0.2771027684211731,0.219782754778862,0,0.21370647847652435,0.15400558710098267,0,0,0,0.3444570004940033,0.6141256093978882,0,0,0,0,0.24541670083999634,0,0,0,0,0,0,0,0,0.6113295555114746,0.7350208759307861,0,0.13792096078395844,0,0,0,0,0,0,0.8951339721679688,0.9372808933258057,0,0.18680457770824432,0.4834657311439514,0.643717885017395,0,0
Pain,0,0,0,0,0,0,0,0,0,0.3715742826461792,0.1591712385416031,0.3240371346473694,0.25037479400634766,0,0.171036034822464,0.12524522840976715,0,0,0,0.3591284155845642,0.6809687614440918,0,0,0,0,0.2472236007452011,0,0,0,0,0,0,0,0,0.6134529709815979,0.73527991771698,0,0.15018585324287415,0,0,0,0,0,0,0.8923990726470947,0.9410293102264404,0,0.16788320243358612,0.47176915407180786,0.6604627370834351,0,0
Pain,0,0,0,0,0,0,0,0,0,0.3348582983016968,0.1408979445695877,0.28693684935569763,0.22447837889194489,0,0.2031712830066681,0.1513204574584961,0,0,0,0.3688088655471802,0.6571875214576721,0,0,0,0,0.25453513860702515,0,0,0,0,0,0,0,0,0.595751941204071,0.7282605171203613,0,0.12688779830932617,0,0,0,0,0,0,0.891773521900177,0.9334914088249207,0,0.1604359894990921,0.46447741985321045,0.6078020930290222,0,0
Pain,0,0,0,0,0,0,0,0,0,0.3403514623641968,0.1419304460287094,0.2723923623561859,0.2239387035369873,0,0.2050294131040573,0.15029215812683105,0,0,0,0.3874832093715668,0.6242204308509827,0,0,0,0,0.25452721118927,0,0,0,0,0,0,0,0,0.6320003271102905,0.7616934180259705,0,0.12371500581502914,0,0,0,0,0,0,0.8969995975494385,0.9314284920692444,0,0.19596736133098602,0.47030651569366455,0.5981727838516235,0,0
Pain,0,0,0,0,0,0,0,0,0,0.37139734625816345,0.17407847940921783,0.33502617478370667,0.28556928038597107,0,0.158968985080719,0.1088290736079216,0,0,0,0.3614770472049713,0.6207834482192993,0,0,0,0,0.2411387413740158,0,0,0,0,0,0,0,0,0.6459497213363647,0.7634142637252808,0,0.13492925465106964,0,0,0,0,0,0,0.8863238096237183,0.9340087175369263,0,0.19589804112911224,0.44432389736175537,0.6197256445884705,0,0
Pain,0,0,0,0,0.16054102778434753,0,0,0,0,0.3582901358604431,0.16090388596057892,0.2760252058506012,0.2404993772506714,0.10013366490602493,0.10374951362609863,0,0,0,0,0.42670729756355286,0.6056803464889526,0,0,0,0,0.27488836646080017,0,0,0,0,0,0,0,0,0.5193414688110352,0.6584891080856323,0,0.11697898805141449,0,0,0,0,0,0,0.8956565856933594,0.9323485493659973,0.16369344294071198,0.24184027314186096,0.4189450740814209,0.6172046661376953,0,0
Pain,0,0,0,0,0.11277089267969131,0,0,0,0,0.3598537743091583,0.1276046335697174,0.25164568424224854,0.20912933349609375,0,0.16941848397254944,0.12017565965652466,0,0,0,0.43525391817092896,0.5902504324913025,0,0,0,0,0.264291912317276,0,0,0,0,0,0,0,0,0.6126489639282227,0.7348829507827759,0,0.11089674383401871,0,0,0,0,0,0,0.9010780453681946,0.9363436102867126,0,0.28164172172546387,0.41035953164100647,0.5741901993751526,0,0
Pain,0,0,0,0,0,0,0,0,0,0.42456376552581787,0,0.33818331360816956,0.2596929371356964,0,0.18534904718399048,0.13768096268177032,0,0,0,0.3531878590583801,0.598037600517273,0,0,0,0,0.27934530377388,0,0,0,0,0,0,0,0,0.5339260101318359,0.6577147841453552,0,0.17096559703350067,0,0,0,0,0,0,0.9009186625480652,0.9445802569389343,0,0.20272551476955414,0.43079304695129395,0.6156949996948242,0,0
Pain,0,0,0,0,0,0,0,0,0,0.35299041867256165,0.10892026871442795,0.24329161643981934,0.18866126239299774,0,0.216765359044075,0.1640028953552246,0,0,0,0.3814975619316101,0.6027603149414062,0,0,0,0,0.28448113799095154,0,0,0,0,0,0,0,0,0.543592631816864,0.6751681566238403,0,0.139537051320076,0,0,0,0,0,0,0.901253879070282,0.9377993941307068,0,0.2427283376455307,0.3843468725681305,0.5134747624397278,0,0
Pain,0,0,0,0,0.11240722239017487,0,0,0,0,0.4138137698173523,0.16949792206287384,0.3260403275489807,0.1924968808889389,0,0.4001161456108093,0.2329888641834259,0,0,0,0.3345595598220825,0.5936699509620667,0,0,0,0,0.3008474111557007,0,0,0,0,0,0,0,0,0.43637049198150635,0.6248822212219238,0,0.19654130935668945,0,0,0,0,0,0,0.9282476305961609,0.9620432257652283,0,0.18660646677017212,0.32708948850631714,0.5030417442321777,0,0
Pain,0,0,0,0,0,0,0,0,0,0.45728713274002075,0.1918656826019287,0.36324745416641235,0.29875126481056213,0,0.33056432008743286,0.2652483582496643,0,0,0,0.38622188568115234,0.5953644514083862,0,0,0,0,0.2743777930736542,0,0,0,0,0,0,0,0,0.448988676071167,0.6297369003295898,0,0.1560041904449463,0,0,0,0,0,0,0.9151170253753662,0.9560321569442749,0,0.15273335576057434,0.3858663737773895,0.5917976498603821,0,0
Pain,0,0,0,0,0,0,0,0,0,0.3865219056606293,0.12340737134218216,0.3620165288448334,0.2877044379711151,0,0.24769751727581024,0.17479771375656128,0,0,0,0.3339214026927948,0.5440092086791992,0,0,0,0,0.3201489746570587,0,0,0,0,0,0,0,0,0.3571840524673462,0.5267987251281738,0,0.19019769132137299,0,0,0,0,0,0,0.9223756194114685,0.9542111754417419,0,0.1259802132844925,0.39299440383911133,0.5056238174438477,0,0
Pain,0,0,0,0.10205067694187164,0,0,0,0,0,0.3738248944282532,0.15712906420230865,0.2547779083251953,0.2092548906803131,0,0.21342772245407104,0.1624952256679535,0,0,0,0.41987180709838867,0.6195015907287598,0,0,0,0,0.29435455799102783,0,0,0,0,0,0,0,0,0.4915863573551178,0.6334995627403259,0,0.11128196865320206,0,0,0,0,0,0,0.9057387113571167,0.9292446970939636,0,0.17661575973033905,0.4681081175804138,0.5448995232582092,0,0
Pain,0,0,0,0,0.11604722589254379,0,0,0,0,0.3784339129924774,0.1927977055311203,0.2796126902103424,0.25988277792930603,0,0.28937673568725586,0.23069317638874054,0,0,0,0.4284827411174774,0.5418848395347595,0,0,0,0,0.3198895752429962,0,0,0,0,0,0,0,0,0.3717341721057892,0.5155426263809204,0,0,0,0,0,0,0,0,0.9200637936592102,0.9411841034889221,0.12368424981832504,0.2461962252855301,0.49940866231918335,0.5707187056541443,0,0
Pain,0,0,0,0.10356783866882324,0,0,0,0,0,0.38648924231529236,0.15977893769741058,0.23449145257472992,0.17989873886108398,0,0.314372181892395,0.24658085405826569,0,0,0,0.3694665729999542,0.638717770576477,0,0,0,0,0.32556384801864624,0,0,0,0,0,0,0,0,0.3923018276691437,0.5326414108276367,0,0,0,0,0,0,0,0,0.9156472682952881,0.9296180009841919,0.10349226742982864,0.235555961728096,0.5705391764640808,0.602257251739502,0,0
Pain,0,0,0,0,0,0,0,0,0,0.4491859972476959,0.19036339223384857,0.33595824241638184,0.2690051794052124,0,0.16719821095466614,0,0,0,0,0.3388436734676361,0.6219377517700195,0,0,0,0,0.2997712790966034,0,0,0,0,0,0,0,0,0.46597370505332947,0.619238018989563,0,0.15214966237545013,0,0,0,0,0,0,0.9151416420936584,0.9439737796783447,0,0.1767038106918335,0.49665066599845886,0.6009798049926758,0,0
Pain,0,0.10689424723386765,0,0,0,0,0,0,0,0.44162052869796753,0.15279410779476166,0.35489317774772644,0.2916906177997589,0,0.1449054479598999,0,0,0,0,0.34931230545043945,0.6360520124435425,0,0,0,0,0.25908300280570984,0,0,0,0,0,0,0,0,0.555620551109314,0.6880010962486267,0,0.14544035494327545,0,0,0,0,0,0,0.9053265452384949,0.9461265206336975,0,0.12247288227081299,0.5394583940505981,0.7059770822525024,0,0
Pain,0,0,0,0,0,0,0,0,0,0.4207296073436737,0.18623945116996765,0.3347921073436737,0.27931591868400574,0,0.15486493706703186,0.10566701740026474,0,0,0,0.3741128742694855,0.6353302597999573,0,0,0,0,0.29558250308036804,0,0,0,0,0,0,0,0,0.521723747253418,0.6513453722000122,0,0.1499553769826889,0,0,0,0,0,0,0.9115612506866455,0.9479368925094604,0,0.16749271750450134,0.4290131628513336,0.5668925046920776,0,0
Pain,0,0,0,0.12892933189868927,0.11478480696678162,0,0,0,0,0.5089150667190552,0.2006579339504242,0.3705492615699768,0.22071127593517303,0,0.2998027503490448,0.12681938707828522,0,0,0,0.34037652611732483,0.6205536127090454,0,0,0,0,0.39123913645744324,0,0,0,0,0,0,0,0,0.287797212600708,0.48724767565727234,0,0.15273527801036835,0,0,0,0,0,0,0.942641019821167,0.9660367369651794,0,0.14705125987529755,0.3021407425403595,0.41407549381256104,0,0
Pain,0,0,0,0.17064405977725983,0.18569783866405487,0,0,0,0,0.4226260483264923,0.1532558649778366,0.32286736369132996,0.2458411008119583,0,0.22622302174568176,0.13087666034698486,0,0,0,0.3731870651245117,0.5602180361747742,0,0,0,0,0.3521154224872589,0,0,0,0,0,0,0,0,0.3657940924167633,0.5252931118011475,0,0.14951755106449127,0,0,0,0,0,0,0.9336129426956177,0.9584171772003174,0,0.1330629587173462,0.3555203676223755,0.4941619634628296,0,0
Pain,0,0,0,0.15602929890155792,0.17596663534641266,0,0,0,0,0.410259872674942,0.156405508518219,0.2787882387638092,0.224452942609787,0,0.1807721108198166,0.12493550777435303,0,0,0,0.36093515157699585,0.5822203159332275,0,0,0,0,0.32626664638519287,0,0,0,0,0,0,0,0,0.40095555782318115,0.5411020517349243,0,0.14229975640773773,0,0,0,0,0,0,0.9137118458747864,0.9459542036056519,0,0.21002689003944397,0.356431245803833,0.49352315068244934,0,0
Pain,0,0,0,0,0,0,0,0,0,0.4311935007572174,0.2274438589811325,0.3486013114452362,0.3003630042076111,0,0.1502767950296402,0.1060173287987709,0,0,0,0.38071176409721375,0.617154598236084,0,0,0,0,0.2722679674625397,0,0,0,0,0,0,0,0,0.4170055389404297,0.5561080574989319,0,0.14072827994823456,0,0,0,0,0,0,0.8810647130012512,0.9366960525512695,0,0.13452772796154022,0.4230113625526428,0.6511523723602295,0,0
Pain,0,0,0,0,0.12982279062271118,0,0,0,0,0.49197694659233093,0.21432465314865112,0.2750493288040161,0.21812093257904053,0.13642069697380066,0,0,0.10523590445518494,0,0,0.41463106870651245,0.6294507384300232,0,0,0,0,0.2952372431755066,0,0,0,0,0,0,0,0,0.27444830536842346,0.3922632932662964,0,0.10730277001857758,0,0,0,0,0,0,0.8802258968353271,0.9143929481506348,0.1132998913526535,0.14523069560527802,0.3472076654434204,0.503790020942688,0,0
Pain,0,0,0,0.34701526165008545,0.3047041594982147,0.18584302067756653,0,0,0,0.3652455806732178,0.1482524275779724,0.23022767901420593,0.2180403172969818,0,0.20036858320236206,0.13628363609313965,0,0,0,0.5076172351837158,0.4789513349533081,0,0,0,0,0.30619317293167114,0,0,0,0,0,0,0,0,0.3708999752998352,0.5349854826927185,0,0,0,0,0,0,0,0,0.9025184512138367,0.9080942869186401,0.26045167446136475,0.33226457238197327,0.526072084903717,0.5979385375976562,0,0
Pain,0,0,0,0.11662518233060837,0.10943584144115448,0,0,0,0,0.38229432702064514,0.1667986810207367,0.255254328250885,0.21451564133167267,0,0.17701910436153412,0.11952345073223114,0,0,0,0.4229358434677124,0.6100578308105469,0,0,0,0,0.28764984011650085,0,0,0,0,0,0,0,0,0.48469477891921997,0.6502813100814819,0,0.11253898590803146,0,0,0,0,0,0,0.8999625444412231,0.9265684485435486,0.10518113523721695,0.23693767189979553,0.47375375032424927,0.5535005927085876,0,0
Pain,0,0,0,0,0.11036618798971176,0,0,0,0,0.3977733850479126,0.21477128565311432,0.2558593153953552,0.2167062610387802,0,0.22567200660705566,0.1757209748029709,0,0,0,0.43312039971351624,0.6346418857574463,0,0,0,0,0.2789013683795929,0,0,0,0,0,0,0,0,0.5875540971755981,0.7309516668319702,0,0.12684844434261322,0,0,0,0,0,0,0.9118282794952393,0.9414112567901611,0,0.20286837220191956,0.4786010980606079,0.6376937627792358,0,0
Pain,0,0,0,0.10577455908060074,0.14312469959259033,0,0,0,0,0.3240794837474823,0.13395610451698303,0.2665637135505676,0.21672484278678894,0,0.2213468849658966,0.17031538486480713,0,0,0,0.3861645758152008,0.6292622685432434,0,0,0,0,0.2785683572292328,0,0,0,0,0,0,0,0,0.5835322737693787,0.7212787866592407,0,0.13557058572769165,0,0,0,0,0,0,0.9052271842956543,0.9363903403282166,0.11225533485412598,0.22874610126018524,0.4354371726512909,0.5635664463043213,0,0
Pain,0,0.24503353238105774,0.14970694482326508,0,0,0,0,0,0,0.38067150115966797,0.21252840757369995,0.3421105742454529,0.2908042073249817,0,0.2022027224302292,0.14723414182662964,0,0,0,0.2962656617164612,0.621833086013794,0,0,0,0,0.2704334259033203,0,0,0,0,0,0,0,0,0.5440515279769897,0.680364727973938,0,0.20707985758781433,0,0,0,0,0,0,0.92896968126297,0.956430971622467,0,0.13521906733512878,0.44414591789245605,0.6596639156341553,0,0
Pain,0,0,0,0,0,0,0,0,0,0.36335068941116333,0.18137790262699127,0.3236147165298462,0.261160284280777,0,0.2525119483470917,0.18636219203472137,0,0,0,0.3227514922618866,0.6405693292617798,0,0,0,0,0.2892601191997528,0,0,0,0,0,0,0,0,0.4405609667301178,0.5999524593353271,0,0.1335400491952896,0,0,0,0,0,0,0.8960941433906555,0.9441856741905212,0,0.14101801812648773,0.36747968196868896,0.566759467124939,0,0
Pain,0,0,0,0,0,0,0,0,0,0.34742268919944763,0.1640588492155075,0.2532746493816376,0.2067793756723404,0,0.3100661635398865,0.24371486902236938,0,0,0,0.38086482882499695,0.5936495661735535,0,0,0,0,0.27970442175865173,0,0,0,0,0,0,0,0,0.4672420620918274,0.6074946522712708,0,0.10327338427305222,0,0,0,0,0,0,0.8890392780303955,0.9318607449531555,0,0.17400814592838287,0.33798322081565857,0.4643646776676178,0,0
Pain,0,0,0,0,0,0,0,0,0,0.40547603368759155,0.1965549737215042,0.3147398829460144,0.2648654580116272,0,0.15539807081222534,0.1010785847902298,0,0,0,0.3978511691093445,0.6118052005767822,0,0,0,0,0.2557849586009979,0,0,0,0,0,0,0,0,0.5249627828598022,0.6672254800796509,0,0.11582554876804352,0,0,0,0,0,0,0.8906936049461365,0.9371476173400879,0,0.13961821794509888,0.46900007128715515,0.62584388256073,0,0
Pain,0,0,0,0,0,0,0,0,0,0.3630392551422119,0.18212229013442993,0.31573131680488586,0.268108069896698,0,0.18007399141788483,0.12204651534557343,0,0,0,0.3911743462085724,0.588469386100769,0,0,0,0,0.2443329095840454,0,0,0,0,0,0,0,0,0.5457987785339355,0.701317548751831,0,0.11716649681329727,0,0,0,0,0,0,0.8867143392562866,0.9317267537117004,0,0.12708015739917755,0.4753873348236084,0.6065256595611572,0,0
Pain,0,0,0,0,0,0,0,0,0,0.35502585768699646,0.1653641313314438,0.2955283522605896,0.24723753333091736,0,0.18982639908790588,0.13096684217453003,0,0,0,0.3976554274559021,0.5901576280593872,0,0,0,0,0.24926842749118805,0,0,0,0,0,0,0,0,0.5706090331077576,0.713921070098877,0,0.12919986248016357,0,0,0,0,0,0,0.9039530754089355,0.9367462396621704,0,0.12139628827571869,0.5076280236244202,0.6217832565307617,0,0
Pain,0,0,0,0,0,0,0,0,0,0.37977471947669983,0.18446440994739532,0.2896214425563812,0.23340652883052826,0,0.20378059148788452,0.148983433842659,0,0,0,0.3546895384788513,0.5971510410308838,0,0,0,0,0.2604151666164398,0,0,0,0,0,0,0,0,0.5230920314788818,0.6723815202713013,0,0.11019272357225418,0,0,0,0,0,0,0.8890859484672546,0.927102267742157,0,0.18366627395153046,0.5023905038833618,0.6163381934165955,0,0
Pain,0,0,0,0,0,0,0,0,0,0.3653043508529663,0.18416106700897217,0.30266913771629333,0.24432986974716187,0,0.2170189917087555,0.16071262955665588,0,0,0,0.332173228263855,0.6387901306152344,0,0,0,0,0.2770287096500397,0,0,0,0,0,0,0,0,0.4828784763813019,0.6294666528701782,0,0.15804129838943481,0,0,0,0,0,0,0.89603590965271,0.9445299506187439,0,0.13044193387031555,0.38457190990448,0.5712425708770752,0,0
Pain,0,0.12822721898555756,0,0,0,0,0,0,0,0.39760610461235046,0.18788941204547882,0.32586395740509033,0.26982301473617554,0,0.18695688247680664,0.12917864322662354,0,0,0,0.3342941999435425,0.6439347267150879,0,0,0,0,0.28087544441223145,0,0,0,0,0,0,0,0,0.49493107199668884,0.6313226222991943,0,0.15598569810390472,0,0,0,0,0,0,0.8903856873512268,0.9398817420005798,0,0.1252760887145996,0.46856287121772766,0.6510484218597412,0,0
Pain,0,0,0,0.13409832119941711,0.16044645011425018,0,0,0,0,0.37439820170402527,0.1501520723104477,0.25349748134613037,0.21228520572185516,0,0.12544724345207214,0,0,0,0,0.4203443229198456,0.600010097026825,0,0,0,0,0.3025972247123718,0,0,0,0,0,0,0,0,0.4938143789768219,0.6368975639343262,0,0.1125510111451149,0,0,0,0,0,0,0.9002308249473572,0.9303941130638123,0.12037649005651474,0.23470725119113922,0.4073003828525543,0.5513669848442078,0,0
Pain,0,0,0,0,0,0,0,0,0,0.38285428285598755,0.1460077315568924,0.23334233462810516,0.1901998221874237,0,0.1364096999168396,0,0,0,0,0.4001944363117218,0.6053906679153442,0,0,0,0,0.32189062237739563,0,0,0,0,0,0,0,0,0.4547635018825531,0.5822626352310181,0,0.1288086175918579,0,0,0,0,0,0,0.9074566960334778,0.9371404647827148,0,0.1893279105424881,0.3233790397644043,0.4446077346801758,0,0
Pain,0,0,0,0,0,0,0,0,0,0.37605807185173035,0.16606096923351288,0.24036306142807007,0.20478618144989014,0,0.16023586690425873,0.11324930191040039,0,0,0,0.433307945728302,0.6112558245658875,0,0,0,0,0.28259092569351196,0,0,0,0,0,0,0,0,0.5104026794433594,0.6479276418685913,0,0.1227656900882721,0,0,0,0,0,0,0.8916280269622803,0.9281821250915527,0,0.17438384890556335,0.4363953769207001,0.5633325576782227,0,0
Pain,0,0,0,0.15573953092098236,0.1469932347536087,0,0,0,0,0.3876396119594574,0.1456936001777649,0.26952236890792847,0.21785064041614532,0,0.14104263484477997,0,0,0,0,0.3828901946544647,0.6270554661750793,0,0,0,0,0.31331294775009155,0,0,0,0,0,0,0,0,0.47145333886146545,0.6017321348190308,0,0.11293983459472656,0,0,0,0,0,0,0.881503701210022,0.9208914041519165,0.11737392097711563,0.24899539351463318,0.4116092920303345,0.5592656135559082,0,0
Pain,0,0.10941693931818008,0,0,0,0,0,0,0,0.3529896140098572,0.16794204711914062,0.34732356667518616,0.2867065370082855,0,0.19044505059719086,0.14538900554180145,0,0,0,0.34742024540901184,0.6395218968391418,0,0,0,0,0.28098681569099426,0,0,0,0,0,0,0,0,0.5196115970611572,0.6415400505065918,0,0.15834975242614746,0,0,0,0,0,0,0.8824026584625244,0.9380231499671936,0,0.15498553216457367,0.4083566963672638,0.6161096096038818,0,0
Pain,0,0,0,0,0,0,0,0,0,0.3957628905773163,0.1871580332517624,0.24730901420116425,0.1961456835269928,0,0.22326703369617462,0.15904223918914795,0,0,0,0.3245159685611725,0.5970134735107422,0,0,0,0,0.2832431495189667,0,0,0,0,0,0,0,0,0.48235011100769043,0.6253464221954346,0,0.2257833033800125,0,0,0,0,0,0,0.9152981638908386,0.9557227492332458,0,0.1302846372127533,0.35165584087371826,0.539054811000824,0,0
Pain,0,0,0,0,0,0,0,0,0,0.3701595962047577,0.15935994684696198,0.2732883393764496,0.22382283210754395,0,0.16030319035053253,0.11673128604888916,0,0,0,0.37554121017456055,0.6416629552841187,0,0,0,0,0.29389697313308716,0,0,0,0,0,0,0,0,0.4958191514015198,0.626352071762085,0,0.1416042149066925,0,0,0,0,0,0,0.9019079804420471,0.9401977062225342,0,0.15915317833423615,0.3899442255496979,0.5235508680343628,0,0
Pain,0,0,0,0,0.1031656265258789,0,0,0,0,0.4209795892238617,0.16590052843093872,0.29907193779945374,0.24086153507232666,0,0.19699697196483612,0.15274113416671753,0,0,0,0.3930329978466034,0.6143428087234497,0,0,0,0,0.2540883421897888,0,0,0,0,0,0,0,0,0.5176647901535034,0.6497162580490112,0,0.10162348300218582,0,0,0,0,0,0,0.8607921600341797,0.9099825620651245,0.11036113649606705,0.19851131737232208,0.5009592771530151,0.6631515622138977,0,0
Pain,0,0,0,0,0,0,0,0,0,0.37859001755714417,0.12533354759216309,0.2826783061027527,0.22185002267360687,0,0.18642279505729675,0.14371877908706665,0,0,0,0.36188560724258423,0.615152895450592,0,0,0,0,0.26643896102905273,0,0,0,0,0,0,0,0,0.4885658919811249,0.6193411946296692,0,0.1255231499671936,0,0,0,0,0,0,0.8766518235206604,0.9152006506919861,0,0.1853635013103485,0.471626877784729,0.5932644605636597,0,0
Pain,0,0,0,0,0,0,0,0,0,0.35927969217300415,0.1291806548833847,0.2645004987716675,0.20955175161361694,0,0.22101467847824097,0.17715756595134735,0,0,0,0.3624815046787262,0.6088950634002686,0,0,0,0,0.2637927830219269,0,0,0,0,0,0,0,0,0.49062010645866394,0.6184452772140503,0,0.12411167472600937,0,0,0,0,0,0,0.8891522288322449,0.9245740175247192,0,0.15825633704662323,0.4717700779438019,0.5776652693748474,0,0
Pain,0,0,0,0,0,0,0,0,0,0.3674706220626831,0.16564898192882538,0.28842484951019287,0.2289629578590393,0,0.31875863671302795,0.24745595455169678,0,0,0,0.32506516575813293,0.6235616207122803,0,0,0,0,0.2581520080566406,0,0,0,0,0,0,0,0,0.47644713521003723,0.6155530214309692,0,0.1362261176109314,0,0,0,0,0,0,0.8786091804504395,0.9305868148803711,0,0.11588697135448456,0.4309433698654175,0.5752500295639038,0,0
Pain,0,0,0,0,0,0,0,0,0,0.3818201720714569,0.18771807849407196,0.3150326907634735,0.25192999839782715,0,0.26723989844322205,0.2062157690525055,0,0,0,0.3226763606071472,0.6497091054916382,0,0,0,0,0.2906047999858856,0,0,0,0,0,0,0,0,0.39135658740997314,0.5247718691825867,0,0.13802292943000793,0,0,0,0,0,0,0.8838233351707458,0.9337238073348999,0,0.113309346139431,0.3840988576412201,0.548972487449646,0,0
Pain,0,0,0,0,0,0,0,0,0,0.33812493085861206,0.16242820024490356,0.2704300582408905,0.21658436954021454,0,0.26100432872772217,0.19292643666267395,0,0,0,0.35591021180152893,0.6626814007759094,0,0,0,0,0.28610920906066895,0,0,0,0,0,0,0,0,0.45547717809677124,0.5987293720245361,0,0.1366616040468216,0,0,0,0,0,0,0.899681806564331,0.9477177858352661,0,0.1407219022512436,0.3288463354110718,0.497620552778244,0,0
Pain,0,0,0,0,0,0,0,0,0,0.36211374402046204,0.19524094462394714,0.3470684587955475,0.2873867154121399,0,0.28740811347961426,0.22676394879817963,0,0,0,0.3165901303291321,0.6735250949859619,0,0,0,0,0.28402698040008545,0,0,0,0,0,0,0,0,0.3803498148918152,0.5424476265907288,0,0.14222164452075958,0,0,0,0,0,0,0.8694441318511963,0.9350797533988953,0,0.14852087199687958,0.34143009781837463,0.5622045993804932,0,0
Pain,0,0,0,0,0,0,0,0,0,0.38419094681739807,0.1420995593070984,0.25419366359710693,0.2004147171974182,0,0.23490957915782928,0.17877252399921417,0,0,0,0.36499685049057007,0.5992621779441833,0,0,0,0,0.23441196978092194,0,0,0,0,0,0,0,0,0.5042679309844971,0.6644657850265503,0,0.10178344696760178,0,0,0,0,0,0,0.8711411952972412,0.9146285057067871,0,0.19687148928642273,0.46388888359069824,0.5549589395523071,0,0
Pain,0,0,0,0,0.10621659457683563,0,0,0,0,0.4264456629753113,0.17106838524341583,0.3235875368118286,0.2566945552825928,0,0.1907549798488617,0.13678254187107086,0,0,0,0.33572518825531006,0.6263080835342407,0,0,0,0,0.253556489944458,0,0,0,0,0,0,0,0,0.5143735408782959,0.6663285493850708,0,0.128617525100708,0,0,0,0,0,0,0.876395046710968,0.9287430047988892,0,0.20000091195106506,0.4741893410682678,0.6729576587677002,0,0
Pain,0,0,0,0,0,0,0,0,0,0.3631908893585205,0.16362164914608002,0.24517448246479034,0.20458023250102997,0,0.15870517492294312,0.11683101207017899,0,0,0,0.4072933495044708,0.6173250675201416,0,0,0,0,0.28472137451171875,0,0,0,0,0,0,0,0,0.4749446511268616,0.6202832460403442,0,0.11180152744054794,0,0,0,0,0,0,0.8945316672325134,0.9294966459274292,0,0.1738557666540146,0.4480595886707306,0.6088122725486755,0,0
Pain,0,0,0,0,0.11641106754541397,0,0,0,0,0.3607233464717865,0.14524509012699127,0.31532102823257446,0.260818213224411,0,0.1516844779253006,0.11289546638727188,0,0,0,0.37012678384780884,0.5994442105293274,0,0,0,0,0.2728009819984436,0,0,0,0,0,0,0,0,0.5130047798156738,0.6342486143112183,0,0.1207837387919426,0,0,0,0,0,0,0.8897609710693359,0.9300423264503479,0,0.14027844369411469,0.42105141282081604,0.5856683254241943,0,0
Pain,0,0,0,0,0.1456557810306549,0,0,0,0,0.3306429386138916,0.1636289358139038,0.29361438751220703,0.24710491299629211,0,0.1903018057346344,0.1417449563741684,0,0,0,0.3584460914134979,0.6263976097106934,0,0,0,0,0.27313515543937683,0,0,0,0,0,0,0,0,0.517768144607544,0.6540457010269165,0,0.12217709422111511,0,0,0,0,0,0,0.8891331553459167,0.933365523815155,0,0.18308128416538239,0.42073604464530945,0.5874609351158142,0,0
Pain,0,0,0,0,0.10598330199718475,0,0,0,0,0.34185877442359924,0.17307890951633453,0.25323671102523804,0.21485091745853424,0,0.21543434262275696,0.16399532556533813,0,0,0,0.3624197542667389,0.6492175459861755,0,0,0,0,0.288906455039978,0,0,0,0,0,0,0,0,0.4746720790863037,0.6236346960067749,0,0.10651237517595291,0,0,0,0,0,0,0.8832880854606628,0.9247156977653503,0,0.17473603785037994,0.41452455520629883,0.5414299964904785,0,0
Frustrated,0,0.3594125807285309,0.4300997853279114,0,0,0,0,0,0,0,0,0,0,0,0,0,0,0.22905580699443817,0.23928457498550415,0.46920013427734375,0.5643904209136963,0,0,0,0.12815745174884796,0.19965876638889313,0,0,0,0.10496967285871506,0,0,0,0,0.19660495221614838,0.1471654325723648,0,0,0,0,0,0.13156725466251373,0,0,0.44346144795417786,0.5833569765090942,0,0,0.11783412843942642,0.43479928374290466,0,0
Frustrated,0,0.4537002146244049,0.5154819488525391,0,0,0,0,0,0,0,0,0,0,0,0,0,0,0.2183169275522232,0.2239973247051239,0.5311183929443359,0.6020786762237549,0,0,0,0,0.14489270746707916,0,0,0,0,0,0,0,0,0.18002477288246155,0.1884661465883255,0,0,0,0.11979323625564575,0,0.35848498344421387,0,0,0.47822636365890503,0.5595014095306396,0,0,0.26570746302604675,0.6000781059265137,0,0
Frustrated,0,0.5215374231338501,0.5845769643783569,0,0,0,0,0,0,0,0,0,0,0,0.12174071371555328,0.10630523413419724,0,0.20972198247909546,0.21312196552753448,0.49684756994247437,0.569756269454956,0,0,0,0,0.160431906580925,0,0,0,0,0,0,0,0,0.13828007876873016,0.1474931240081787,0,0,0,0,0,0.2524130046367645,0,0,0.46608835458755493,0.5561690330505371,0,0,0.2543071508407593,0.6109403371810913,0,0
Frustrated,0,0.5617029666900635,0.6280763149261475,0,0,0,0,0,0,0,0,0,0,0,0.12909208238124847,0.11479631811380386,0,0.2025577872991562,0.21432897448539734,0.4483022391796112,0.5526857376098633,0,0,0,0,0.15363824367523193,0,0,0,0,0,0,0,0,0.12459337711334229,0.12448976933956146,0,0,0,0,0,0.22471079230308533,0,0,0.439287930727005,0.5352973937988281,0,0,0.2786373794078827,0.6219016313552856,0,0
Frustrated,0,0.6503092050552368,0.6850084066390991,0,0,0,0,0,0,0,0,0,0,0,0.13138547539710999,0.1156725138425827,0,0.19798356294631958,0.22350959479808807,0.4132084846496582,0.5650001764297485,0,0,0,0,0.1659812182188034,0,0,0,0,0,0,0,0,0.1156996563076973,0,0,0,0,0,0,0.2158697098493576,0,0,0.4228052496910095,0.5280107855796814,0.1078767254948616,0,0.23171979188919067,0.57300865650177,0,0
Frustrated,0,0.6650567054748535,0.6932002902030945,0,0,0,0,0,0,0,0,0,0,0,0.13760219514369965,0.12219193577766418,0,0.19589342176914215,0.2165394276380539,0.41869494318962097,0.5609358549118042,0,0,0,0,0.1846262514591217,0,0,0,0,0,0,0,0,0.10353948920965195,0,0,0,0,0,0,0.18487241864204407,0,0,0.4556851387023926,0.5727214813232422,0,0,0.2466500699520111,0.5937104225158691,0,0
Frustrated,0,0.6125367879867554,0.6504076719284058,0,0,0,0,0,0,0.1039106622338295,0.10083122551441193,0,0,0,0.13224643468856812,0.11608033627271652,0,0.19414742290973663,0.21479439735412598,0.4422649145126343,0.553114652633667,0,0,0,0,0.16783560812473297,0,0,0,0,0,0,0,0,0.12364039570093155,0.10405585169792175,0,0,0,0,0,0.20338718593120575,0,0,0.4479880630970001,0.5407211780548096,0,0,0.24499064683914185,0.5759121179580688,0,0
Frustrated,0,0.5996307730674744,0.6497890949249268,0,0,0,0,0,0,0.10995250195264816,0.10840952396392822,0,0,0,0.10311523079872131,0,0,0.2072662115097046,0.23015767335891724,0.44128549098968506,0.556522011756897,0,0,0,0,0.16221709549427032,0,0,0,0,0,0,0,0,0.1328354924917221,0.12344660609960556,0,0,0,0,0,0.25046786665916443,0,0,0.486338347196579,0.5658572912216187,0,0,0.2779046893119812,0.6032853126525879,0,0
Frustrated,0,0.5983604192733765,0.6523433923721313,0,0,0,0,0,0,0.10553762316703796,0.11572687327861786,0,0,0,0.10965172201395035,0,0,0.22368644177913666,0.24242344498634338,0.4658764600753784,0.5444009304046631,0,0,0,0,0.17098262906074524,0,0,0,0,0,0,0,0,0.1238839402794838,0.10775293409824371,0,0,0,0,0,0.2888818681240082,0,0,0.4952993392944336,0.5757569670677185,0,0,0.2731569707393646,0.5841166377067566,0,0
Frustrated,0,0.566394567489624,0.6329665780067444,0,0,0,0,0,0,0,0.1059548407793045,0,0,0,0.11064665764570236,0,0,0.2254665046930313,0.24739262461662292,0.44164490699768066,0.5539577007293701,0,0,0,0,0.16756846010684967,0,0,0,0,0,0,0,0,0.13648949563503265,0.12398617714643478,0,0,0,0,0,0.26001542806625366,0,0,0.48100242018699646,0.5694957971572876,0,0,0.2989925742149353,0.6347280740737915,0,0
Frustrated,0,0.5776122808456421,0.6447767615318298,0,0,0,0,0,0,0.10704677551984787,0.10780631750822067,0,0,0,0.10634957253932953,0,0,0.22821401059627533,0.254123330116272,0.45298880338668823,0.5739840269088745,0,0,0,0,0.17513155937194824,0,0,0,0,0,0,0,0,0.11627109348773956,0.10029968619346619,0,0,0,0,0,0.24271540343761444,0,0,0.4876776933670044,0.5712889432907104,0,0,0.2638395130634308,0.5900403261184692,0,0
Frustrated,0,0.5873299837112427,0.6445485353469849,0,0,0,0,0,0,0.10007753223180771,0.10534112900495529,0,0,0,0.13074474036693573,0.11490825563669205,0,0.20814719796180725,0.23070089519023895,0.4548279643058777,0.5747439861297607,0,0,0,0,0.17604069411754608,0,0,0,0,0,0,0,0,0.1211000308394432,0.10804857313632965,0,0,0,0,0,0.24841810762882233,0,0,0.48511776328086853,0.5630258321762085,0,0,0.2636496424674988,0.5983536243438721,0,0
Frustrated,0,0.5913674831390381,0.6566914319992065,0,0,0,0,0,0,0.10678756982088089,0.10694212466478348,0,0,0,0.1455172598361969,0.12987756729125977,0,0.20854918658733368,0.23398950695991516,0.4540354609489441,0.5829524397850037,0,0,0,0,0.18283593654632568,0,0,0,0,0,0,0,0,0.12831920385360718,0.11526722460985184,0,0,0,0,0,0.25526079535484314,0,0,0.4818214774131775,0.5611106157302856,0,0,0.26002952456474304,0.5878012180328369,0,0
Frustrated,0,0.5891861915588379,0.6569215655326843,0,0,0,0,0,0,0.10813548415899277,0.11192198097705841,0,0,0,0.1396821290254593,0.1233300045132637,0,0.21511977910995483,0.238824263215065,0.4626569449901581,0.5863001346588135,0,0,0,0,0.1577000766992569,0,0,0,0,0,0,0,0,0.1256720870733261,0.11266551166772842,0,0,0,0,0,0.23421968519687653,0,0,0.45306921005249023,0.543751060962677,0,0,0.2749903202056885,0.614255964756012,0,0
Frustrated,0,0.5721373558044434,0.6451600790023804,0,0,0,0,0,0,0.11484841257333755,0.11977645009756088,0,0,0,0.1443258821964264,0.1285392791032791,0,0.2173725962638855,0.24007508158683777,0.45153820514678955,0.5700479745864868,0,0,0,0,0.16520361602306366,0,0,0,0,0,0,0,0,0.1297754943370819,0.11009905487298965,0,0,0,0,0,0.23658674955368042,0,0,0.4547278881072998,0.5525647401809692,0,0,0.2691059112548828,0.6178983449935913,0,0
Frustrated,0,0.5653361678123474,0.6359204649925232,0,0,0,0,0,0,0.103545643389225,0.10456407815217972,0,0,0,0.1271098405122757,0.11080855876207352,0,0.22785642743110657,0.25272151827812195,0.44128894805908203,0.5703575611114502,0,0,0,0,0.1816699206829071,0,0,0,0,0,0,0,0,0.12761464715003967,0.10009238123893738,0,0,0,0,0,0.22797775268554688,0,0,0.46901580691337585,0.5720703601837158,0,0,0.24677766859531403,0.594586193561554,0,0
Frustrated,0,0.5721817016601562,0.6288857460021973,0,0,0,0,0,0,0.1084919422864914,0.10632901638746262,0,0,0,0.12687557935714722,0.11011488735675812,0,0.22204162180423737,0.24771371483802795,0.43953603506088257,0.5699235200881958,0,0,0,0,0.16726848483085632,0,0,0,0,0,0,0,0,0.13980528712272644,0.11088765412569046,0,0,0,0,0,0.22414013743400574,0,0,0.44590938091278076,0.5472985506057739,0,0,0.250066876411438,0.6041805744171143,0,0
Frustrated,0,0.5750732421875,0.6403617858886719,0,0,0,0,0,0,0.10904861241579056,0.10560514032840729,0,0,0,0.1375228464603424,0.12119241058826447,0,0.21184153854846954,0.2393207550048828,0.4285312294960022,0.5678129196166992,0,0,0,0,0.16988693177700043,0,0,0,0,0,0,0,0,0.12456158548593521,0.10341916978359222,0,0,0,0,0,0.19514214992523193,0,0,0.4760133624076843,0.5687466859817505,0,0,0.223363995552063,0.5615261793136597,0,0
Frustrated,0,0.5825896263122559,0.6363317370414734,0,0,0,0,0,0,0,0,0,0,0,0.12423323839902878,0.10571488738059998,0,0.21513767540454865,0.24083516001701355,0.423933207988739,0.5573598146438599,0,0,0,0,0.17078907787799835,0,0,0,0,0,0,0,0,0.11076167225837708,0,0,0,0,0,0,0.21990996599197388,0,0,0.4823076128959656,0.5636476874351501,0,0,0.24999018013477325,0.5652521848678589,0,0
Frustrated,0,0.5437353253364563,0.6098328828811646,0,0,0,0,0,0,0.10000979900360107,0.10382883995771408,0,0,0,0.13738100230693817,0.12093307822942734,0,0.22866204380989075,0.25267505645751953,0.4434865415096283,0.5539467334747314,0,0,0,0,0.1798142045736313,0,0,0,0,0,0,0,0,0.13525225222110748,0.1172371581196785,0,0,0,0,0,0.26645517349243164,0,0,0.47915351390838623,0.5647383332252502,0,0,0.2567152678966522,0.581214427947998,0,0
Frustrated,0,0.540569543838501,0.614145040512085,0,0,0,0,0,0,0.10106515884399414,0.11337024718523026,0,0,0,0.15394240617752075,0.13834185898303986,0,0.2514079809188843,0.27250659465789795,0.4339632987976074,0.5451184511184692,0,0,0,0,0.17274360358715057,0,0,0,0,0,0,0,0,0.13346664607524872,0.11817861348390579,0,0,0,0,0,0.23677800595760345,0,0,0.4792962968349457,0.5646296143531799,0,0,0.2674592435359955,0.611574113368988,0,0
Frustrated,0,0.5537474155426025,0.6236854195594788,0,0,0,0,0,0,0.10719496011734009,0.11488812416791916,0,0,0,0.15244543552398682,0.13578833639621735,0,0.23530033230781555,0.25748029351234436,0.4422661066055298,0.5551804304122925,0,0,0,0,0.16995806992053986,0,0,0,0,0,0,0,0,0.13432252407073975,0.1191808357834816,0,0,0,0,0,0.23886717855930328,0,0,0.4787265956401825,0.5540294647216797,0,0,0.2711806893348694,0.6112019419670105,0,0
Frustrated,0,0.5532054901123047,0.6341487169265747,0,0,0,0,0,0,0.10652017593383789,0.11146093159914017,0,0,0,0.13664770126342773,0.11943171173334122,0,0.2236468642950058,0.24572235345840454,0.4520493447780609,0.555988073348999,0,0,0,0,0.19106392562389374,0,0,0,0,0,0,0,0,0.11754632741212845,0.11010671406984329,0,0,0,0,0,0.2555061876773834,0,0,0.502426266670227,0.5840980410575867,0,0,0.23528581857681274,0.5644861459732056,0,0
Frustrated,0,0.5412730574607849,0.6254124641418457,0,0,0,0,0,0,0,0.10611703991889954,0,0,0,0.12403406947851181,0.10373292863368988,0,0.24229513108730316,0.26660820841789246,0.4596017599105835,0.5753648281097412,0,0,0,0,0.19404977560043335,0,0,0,0,0,0,0,0,0.13066188991069794,0.11519765853881836,0,0,0,0,0,0.27676382660865784,0,0,0.5012350678443909,0.6012684106826782,0,0,0.20405231416225433,0.5449004173278809,0,0
Frustrated,0,0.5425514578819275,0.6195188760757446,0,0,0,0,0,0,0.10275593400001526,0.11325680464506149,0,0,0,0.15604740381240845,0.14037321507930756,0,0.23555733263492584,0.2571523189544678,0.4585144519805908,0.5666929483413696,0,0,0,0,0.18831577897071838,0,0,0,0,0,0,0,0,0.12702402472496033,0.1098790094256401,0,0,0,0,0,0.25570404529571533,0,0,0.475055068731308,0.564895749092102,0,0,0.23815439641475677,0.5740944743156433,0,0
Frustrated,0,0.5638585686683655,0.6368024349212646,0,0,0,0,0,0,0.10366394370794296,0.10653381049633026,0,0,0,0.15088413655757904,0.13448265194892883,0,0.22519847750663757,0.25081270933151245,0.43242406845092773,0.571444034576416,0,0,0,0,0.18749015033245087,0,0,0,0,0,0,0,0,0.11958788335323334,0.10365799069404602,0,0,0,0,0,0.21148069202899933,0,0,0.4842061400413513,0.5830860137939453,0,0,0.2418753057718277,0.5819337368011475,0,0
Frustrated,0,0.5426134467124939,0.619278073310852,0,0,0,0,0,0,0.1106116846203804,0.10425485670566559,0,0,0,0.14605820178985596,0.12946367263793945,0,0.23323743045330048,0.2466576248407364,0.4443124234676361,0.5428813695907593,0,0,0,0,0.13630473613739014,0,0,0,0,0,0,0,0,0.13521136343479156,0.12251002341508865,0,0,0,0,0,0.2351098209619522,0,0,0.4758610129356384,0.5605186223983765,0,0,0.2999832332134247,0.6485624313354492,0,0
Frustrated,0,0.5731610059738159,0.6264898180961609,0,0,0,0,0,0,0.107326939702034,0.10564642399549484,0,0,0,0.13585777580738068,0.1177557185292244,0,0.20214413106441498,0.22458934783935547,0.42743101716041565,0.5587049126625061,0,0,0,0,0.15561240911483765,0,0,0,0,0,0,0,0,0.15822920203208923,0.13321426510810852,0,0,0,0,0,0.21373245120048523,0,0,0.4552614390850067,0.5524003505706787,0,0,0.27370166778564453,0.628288984298706,0,0
Frustrated,0,0.5690163373947144,0.6351001262664795,0,0,0,0,0,0,0.11290087550878525,0.10840364545583725,0,0,0,0.16026677191257477,0.1440124362707138,0,0.21411649882793427,0.24230222404003143,0.4185299575328827,0.5679563283920288,0,0,0,0,0.16655290126800537,0,0,0,0,0,0,0,0,0.12608475983142853,0.10952772200107574,0,0,0,0,0,0.19350577890872955,0,0,0.4721108675003052,0.5453028678894043,0,0,0.21892417967319489,0.5409177541732788,0,0
Frustrated,0,0.6020758152008057,0.667804479598999,0,0,0,0,0,0,0.1007237359881401,0.102272629737854,0,0,0,0.1366661638021469,0.12122111022472382,0,0.21980202198028564,0.24627387523651123,0.4353584349155426,0.5545841455459595,0,0,0,0,0.16764682531356812,0,0,0,0,0,0,0,0,0.12545491755008698,0.11858629435300827,0,0,0,0,0,0.2292032688856125,0,0,0.5140872001647949,0.5819293856620789,0,0,0.25919970870018005,0.5788639783859253,0,0
Frustrated,0,0.5730459690093994,0.6367133855819702,0,0,0,0,0,0,0.10522931814193726,0.1170501708984375,0,0,0,0.13817548751831055,0.12299580872058868,0,0.2288288027048111,0.25151345133781433,0.4796871840953827,0.5689922571182251,0,0,0,0,0.16257187724113464,0,0,0,0,0,0,0,0,0.12414881587028503,0.11565744876861572,0,0,0,0,0,0.222880557179451,0,0,0.4502454400062561,0.5371994972229004,0,0,0.2714797556400299,0.627017617225647,0,0
Frustrated,0,0.5415105819702148,0.6108843088150024,0,0,0,0,0,0,0.10435648262500763,0.1163061261177063,0,0,0,0.15130643546581268,0.1361687332391739,0,0.2387164831161499,0.2594873309135437,0.46641117334365845,0.560868501663208,0,0,0,0,0.17417559027671814,0,0,0,0,0,0,0,0,0.14225275814533234,0.12358392030000687,0,0,0,0,0,0.23051011562347412,0,0,0.4565283954143524,0.5387299060821533,0,0,0.26309600472450256,0.6118067502975464,0,0
Frustrated,0,0.5594274997711182,0.6274930834770203,0,0,0,0,0,0,0.10743878036737442,0.10881057381629944,0,0,0,0.15074361860752106,0.13473458588123322,0,0.23264001309871674,0.25444740056991577,0.4468532204627991,0.5446956157684326,0,0,0,0,0.1602943390607834,0,0,0,0,0,0,0,0,0.13582773506641388,0.12013082206249237,0,0,0,0,0,0.2061987668275833,0,0,0.4654855728149414,0.5417467355728149,0,0,0.2909550368785858,0.6280616521835327,0,0
Frustrated,0,0.5659552812576294,0.6346099376678467,0,0,0,0,0,0,0.11061079800128937,0.10798884183168411,0,0,0,0.15169954299926758,0.13545681536197662,0,0.21442371606826782,0.24138574302196503,0.4404999315738678,0.5678486824035645,0,0,0,0,0.16897204518318176,0,0,0,0,0,0,0,0,0.1336592733860016,0.11314661055803299,0,0,0,0,0,0.20995508134365082,0,0,0.4655064046382904,0.5497775077819824,0,0,0.25616663694381714,0.5912349224090576,0,0
Frustrated,0,0.5660452842712402,0.6351162195205688,0,0,0,0,0,0,0.10938211530447006,0.10710087418556213,0,0,0,0.1432795375585556,0.12599657475948334,0,0.2069793939590454,0.23100759088993073,0.44607457518577576,0.5678709745407104,0,0,0,0,0.17538759112358093,0,0,0,0,0,0,0,0,0.1361343264579773,0.11280180513858795,0,0,0,0,0,0.23249344527721405,0,0,0.4655342698097229,0.5596816539764404,0,0,0.2568894326686859,0.5915032029151917,0,0
Frustrated,0,0.583182156085968,0.6430259943008423,0,0,0,0,0,0,0.10364332795143127,0.10524377971887589,0,0,0,0.1211172416806221,0.1069663017988205,0,0.21592605113983154,0.2389596402645111,0.44966423511505127,0.5588196516036987,0,0,0,0,0.1665240079164505,0,0,0,0,0,0,0,0,0.14115706086158752,0.1281767338514328,0,0,0,0,0,0.21253111958503723,0,0,0.46943399310112,0.5465476512908936,0,0,0.2694356143474579,0.5988848209381104,0,0
Frustrated,0,0.6118462085723877,0.6760923266410828,0,0,0,0,0,0,0.10222459584474564,0.10347612202167511,0,0,0,0.11910773813724518,0.10455682128667831,0,0.23351803421974182,0.2607603967189789,0.42582786083221436,0.5654128193855286,0,0,0,0,0.1444348245859146,0,0,0,0,0,0,0,0,0.1157841682434082,0.10522807389497757,0,0,0,0,0,0.184939444065094,0,0,0.48015666007995605,0.56143718957901,0,0,0.25705486536026,0.5987098217010498,0,0
Frustrated,0,0.6283283829689026,0.6801897287368774,0,0,0,0,0,0,0.1132352277636528,0.10864628851413727,0,0,0,0.1490650624036789,0.13238851726055145,0,0.21088196337223053,0.23714374005794525,0.4462757110595703,0.579460859298706,0,0,0,0,0.15800924599170685,0,0,0,0,0,0,0,0,0.11587583273649216,0.10481981933116913,0,0,0,0,0,0.19877120852470398,0,0,0.4670073986053467,0.5610021352767944,0,0,0.2748550474643707,0.6163861751556396,0,0
Frustrated,0,0.5943375825881958,0.6547435522079468,0,0,0,0,0,0,0.1061858981847763,0.10560502856969833,0,0,0,0.14200082421302795,0.12648725509643555,0,0.21563294529914856,0.24074751138687134,0.4342658519744873,0.5625373125076294,0,0,0,0,0.1619817167520523,0,0,0,0,0,0,0,0,0.1277991682291031,0.10495494306087494,0,0,0,0,0,0.21295414865016937,0,0,0.45668795704841614,0.5587955713272095,0,0,0.27507418394088745,0.6284178495407104,0,0
Frustrated,0,0.5697393417358398,0.6378620862960815,0,0,0,0,0,0,0.10752418637275696,0.10955356806516647,0,0,0,0.14130407571792603,0.12449970096349716,0,0.2193557471036911,0.24187053740024567,0.44242119789123535,0.5625680685043335,0,0,0,0,0.16124644875526428,0,0,0,0,0,0,0,0,0.12687012553215027,0.10542652010917664,0,0,0,0,0,0.21371005475521088,0,0,0.4571971595287323,0.5499163269996643,0,0,0.2604757249355316,0.6000126004219055,0,0
Frustrated,0,0.5544470548629761,0.6210160255432129,0,0,0,0,0,0,0.10594788938760757,0.11023259162902832,0,0,0,0.13979560136795044,0.1240454763174057,0,0.21772053837776184,0.2424003779888153,0.43321192264556885,0.5560280084609985,0,0,0,0,0.15689335763454437,0,0,0,0,0,0,0,0,0.1392718255519867,0.11721694469451904,0,0,0,0,0,0.20903784036636353,0,0,0.4540000259876251,0.5503507852554321,0,0,0.2652255892753601,0.6116948127746582,0,0
Frustrated,0,0.5385610461235046,0.6157128214836121,0,0,0,0,0,0,0.11071960628032684,0.1133115291595459,0,0,0,0.13994762301445007,0.12361310422420502,0,0.23109814524650574,0.2566186189651489,0.44097059965133667,0.5673426389694214,0,0,0,0,0.15512840449810028,0,0,0,0,0,0,0,0,0.13121597468852997,0.11385154724121094,0,0,0,0,0,0.20931455492973328,0,0,0.45417118072509766,0.5514079332351685,0,0,0.2777543067932129,0.626369059085846,0,0
Frustrated,0,0.538120687007904,0.6184837222099304,0,0,0,0,0,0,0.11058215796947479,0.11315570026636124,0,0,0,0.14329762756824493,0.12705904245376587,0,0.22574426233768463,0.25103646516799927,0.44138649106025696,0.5642854571342468,0,0,0,0,0.15823765099048615,0,0,0,0,0,0,0,0,0.13381481170654297,0.11426226049661636,0,0,0,0,0,0.21986454725265503,0,0,0.45190081000328064,0.548851490020752,0,0,0.2761353552341461,0.6224002242088318,0,0
Frustrated,0,0.49366000294685364,0.5941104292869568,0,0,0,0,0,0,0.10497025400400162,0.11914164572954178,0,0,0,0.11908361315727234,0.10186104476451874,0,0.26931434869766235,0.2953885495662689,0.45430654287338257,0.5633301734924316,0,0,0,0,0.17711588740348816,0,0,0,0,0,0,0,0,0.14435125887393951,0.13477173447608948,0,0,0,0,0,0.28660857677459717,0,0,0.5038563013076782,0.583938717842102,0,0,0.23134872317314148,0.5575743913650513,0,0
Frustrated,0,0.5113552808761597,0.5912883281707764,0,0,0,0,0,0,0,0.1012171134352684,0,0,0,0.12695853412151337,0.11448770761489868,0,0.2532188594341278,0.2772728502750397,0.44493308663368225,0.5562158226966858,0,0,0,0,0.17656634747982025,0,0,0,0,0,0,0,0,0.1530807614326477,0.13361184298992157,0,0,0,0,0,0.28573378920555115,0,0,0.4737992584705353,0.5636603832244873,0,0,0.2848207950592041,0.6289186477661133,0,0
Frustrated,0,0.5116534233093262,0.5904920101165771,0,0,0,0,0,0,0,0.10998682677745819,0,0,0,0.15319527685642242,0.13921770453453064,0,0.2509693205356598,0.2700018584728241,0.44075703620910645,0.5421016216278076,0,0,0,0,0.17354796826839447,0,0,0,0,0,0,0,0,0.15120293200016022,0.13476203382015228,0,0,0,0,0,0.2735196650028229,0,0,0.4597725570201874,0.5516461730003357,0,0,0.2841572165489197,0.6248688697814941,0,0
Frustrated,0,0.4981202781200409,0.5837072134017944,0,0,0,0,0,0,0,0.10502935945987701,0,0,0,0.12760670483112335,0.11376941204071045,0,0.23195567727088928,0.2523546516895294,0.4471910297870636,0.5456255078315735,0,0,0,0,0.19024905562400818,0,0,0,0,0,0,0,0,0.1248193010687828,0.11556925624608994,0,0,0,0,0,0.28427159786224365,0,0,0.4781787693500519,0.5647475719451904,0,0,0.2275632917881012,0.5583161115646362,0,0
Frustrated,0,0.510199248790741,0.5962467193603516,0,0,0,0,0,0,0.10351379960775375,0.10914189368486404,0,0,0,0.14109377562999725,0.12286563217639923,0,0.22714759409427643,0.24590550363063812,0.46821844577789307,0.5562131404876709,0,0,0,0,0.17003044486045837,0,0,0,0,0,0,0,0,0.1433059275150299,0.1336113065481186,0,0,0,0,0,0.2544791102409363,0,0,0.476518839597702,0.565791130065918,0,0,0.2747780978679657,0.6151676177978516,0,0
Frustrated,0,0.5454734563827515,0.6200947165489197,0,0,0,0,0,0,0.10196563601493835,0.11529882252216339,0,0,0,0.15099182724952698,0.13618946075439453,0,0.21645158529281616,0.2328493744134903,0.4483208954334259,0.5518776178359985,0,0,0,0,0.16976110637187958,0,0,0,0,0,0,0,0,0.13584543764591217,0.1209648847579956,0,0,0,0,0,0.23551449179649353,0,0,0.458352655172348,0.5523666143417358,0,0,0.2821037471294403,0.6333596110343933,0,0
Frustrated,0,0.5425065755844116,0.6222585439682007,0,0,0,0,0,0,0.10448887199163437,0.11629772186279297,0,0,0,0.15033023059368134,0.13378849625587463,0,0.21891950070858002,0.23883511126041412,0.4456791877746582,0.567903995513916,0,0,0,0,0.17816445231437683,0,0,0,0,0,0,0,0,0.13001292943954468,0.11232268065214157,0,0,0,0,0,0.24734748899936676,0,0,0.4692191183567047,0.5612179040908813,0,0,0.25378111004829407,0.5856915712356567,0,0
Frustrated,0,0.5576503276824951,0.6380547285079956,0,0,0,0,0,0,0.10219287127256393,0.11645343899726868,0,0,0,0.16411003470420837,0.14752721786499023,0,0.22774016857147217,0.24833346903324127,0.45000171661376953,0.5720508098602295,0,0,0,0,0.17701320350170135,0,0,0,0,0,0,0,0,0.13267159461975098,0.11745652556419373,0,0,0,0,0,0.24051763117313385,0,0,0.47158604860305786,0.563711941242218,0,0,0.2655169665813446,0.6190176010131836,0,0
Frustrated,0,0.6137223243713379,0.673714280128479,0,0,0,0,0,0,0,0,0,0,0,0.11952779442071915,0.1047113686800003,0,0.20870250463485718,0.23166103661060333,0.4348160922527313,0.5758998394012451,0,0,0,0,0.1510702669620514,0,0,0,0,0,0,0,0,0.11728163808584213,0,0,0,0,0,0,0.17331287264823914,0,0,0.4561220705509186,0.5698217153549194,0.12564386427402496,0,0.268333375453949,0.6362749338150024,0,0
Frustrated,0,0.5931175947189331,0.650321900844574,0,0,0,0,0,0,0.11075600236654282,0.11182329058647156,0,0,0,0.14579007029533386,0.12918907403945923,0,0.2365802824497223,0.2617107033729553,0.45802631974220276,0.5713459849357605,0,0,0,0,0.15680387616157532,0,0,0,0,0,0,0,0,0.13477736711502075,0.123359814286232,0,0,0,0,0,0.2041674256324768,0,0,0.46380773186683655,0.552283525466919,0,0,0.28580254316329956,0.6360405087471008,0,0
Frustrated,0,0.5572516918182373,0.6325186491012573,0,0,0,0,0,0,0.10602129995822906,0.10916981101036072,0,0,0,0.1449611932039261,0.12807625532150269,0,0.23234596848487854,0.25819966197013855,0.4246980845928192,0.5659074783325195,0,0,0,0,0.15528233349323273,0,0,0,0,0,0,0,0,0.12953047454357147,0.12081404030323029,0,0,0,0,0,0.21531133353710175,0,0,0.4732866883277893,0.5427255630493164,0,0,0.28041383624076843,0.603407084941864,0,0
Frustrated,0,0.5422173738479614,0.6153804063796997,0,0,0,0,0,0,0,0.11241079121828079,0,0,0,0.13944603502750397,0.12315671890974045,0,0.2369750589132309,0.25690290331840515,0.46600180864334106,0.5487139225006104,0,0,0,0,0.174250990152359,0,0,0,0,0,0,0,0,0.13237419724464417,0.12313224375247955,0,0,0,0,0,0.24353498220443726,0,0,0.49037253856658936,0.5594730973243713,0,0,0.26016584038734436,0.5739597082138062,0,0
Frustrated,0,0.4860266447067261,0.5873705148696899,0,0,0,0,0,0,0,0.11364206671714783,0,0,0,0.12649662792682648,0.1085221916437149,0,0.23053286969661713,0.2507896423339844,0.4643554985523224,0.5549143552780151,0,0,0,0,0.18468812108039856,0,0,0,0,0,0,0,0,0.14499633014202118,0.1310357004404068,0,0,0,0,0,0.30767250061035156,0,0,0.48123088479042053,0.5663607120513916,0,0,0.2324308604001999,0.5623296499252319,0,0
Frustrated,0,0.47961685061454773,0.5766748189926147,0,0,0,0,0,0,0,0.11003108322620392,0,0,0,0.1140495166182518,0,0,0.22958563268184662,0.24651552736759186,0.4735912084579468,0.5432497262954712,0,0,0,0,0.16415487229824066,0,0,0,0,0,0,0,0,0.1865091174840927,0.17334701120853424,0,0,0,0,0,0.31593701243400574,0,0,0.46940502524375916,0.5422372817993164,0,0,0.2760617434978485,0.6062607765197754,0,0
Frustrated,0,0.5191020965576172,0.5927428007125854,0,0,0,0,0,0,0,0.11146880686283112,0,0,0,0.1213294193148613,0.10587593168020248,0,0.2218085080385208,0.2335280478000641,0.46505141258239746,0.5312339067459106,0,0,0,0,0.16811847686767578,0,0,0,0,0,0,0,0,0.18211577832698822,0.17462404072284698,0,0,0,0,0,0.28779664635658264,0,0,0.4922112822532654,0.5614337921142578,0,0,0.2944401502609253,0.6274583339691162,0,0
Frustrated,0,0.5227099061012268,0.595512866973877,0,0,0,0,0,0,0,0.10992345213890076,0,0,0,0.1411077082157135,0.12663418054580688,0,0.21122361719608307,0.2240782529115677,0.4643515944480896,0.5388938188552856,0,0,0,0,0.18088220059871674,0,0,0,0,0,0,0,0,0.16342121362686157,0.15825040638446808,0,0,0,0,0,0.26920169591903687,0,0,0.47683390974998474,0.5521069169044495,0,0,0.27463263273239136,0.6152447462081909,0,0
Frustrated,0,0.5109421014785767,0.5799891948699951,0,0,0,0,0,0,0.1014866754412651,0.11153121292591095,0,0,0,0.1474495232105255,0.1333823949098587,0,0.21501421928405762,0.23117296397686005,0.4701150059700012,0.5489039421081543,0,0,0,0,0.1951332539319992,0,0,0,0,0,0,0,0,0.13169315457344055,0.1335684210062027,0,0,0,0,0,0.2822839021682739,0,0,0.5042272210121155,0.5781927108764648,0,0,0.24493351578712463,0.5756070613861084,0,0
Frustrated,0,0.5648947954177856,0.6237350702285767,0,0,0,0,0,0,0.10205389559268951,0.10669836401939392,0,0,0,0.1361140012741089,0.1212725043296814,0,0.20791833102703094,0.22650475800037384,0.4507489800453186,0.5589988231658936,0,0,0,0,0.16287915408611298,0,0,0,0,0,0,0,0,0.12737825512886047,0.12956072390079498,0,0,0,0,0,0.22865058481693268,0,0,0.49894294142723083,0.5747241973876953,0,0,0.2752382457256317,0.6102054119110107,0,0
Frustrated,0,0.5922917127609253,0.6479380130767822,0,0,0,0,0,0,0.11174610257148743,0.11122889816761017,0,0,0,0.17042522132396698,0.15303663909435272,0,0.205561101436615,0.2247370183467865,0.4445611536502838,0.5597494840621948,0,0,0,0,0.16091175377368927,0,0,0,0,0,0,0,0,0.1248168870806694,0.12317219376564026,0,0,0,0,0,0.2013116031885147,0,0,0.4832203984260559,0.5643964409828186,0,0,0.2843811810016632,0.6263858079910278,0,0
Frustrated,0,0.5872063636779785,0.6368826031684875,0,0,0,0,0,0,0.10682253539562225,0.10856925696134567,0,0,0,0.17053334414958954,0.15470683574676514,0,0.19111621379852295,0.2051880955696106,0.4561835825443268,0.5511431694030762,0,0,0,0,0.17261578142642975,0,0,0,0,0,0,0,0,0.143776997923851,0.1363876760005951,0,0,0,0,0,0.23306038975715637,0,0,0.4860593378543854,0.5779650211334229,0,0,0.27248072624206543,0.6198976039886475,0,0
Frustrated,0,0.5896282196044922,0.634928822517395,0,0,0,0,0,0,0,0.10526125133037567,0,0,0,0.1438528448343277,0.12881343066692352,0,0.18232277035713196,0.19329601526260376,0.4494003653526306,0.5492073893547058,0,0,0,0,0.1745341569185257,0,0,0,0,0,0,0,0,0.14574562013149261,0.13156351447105408,0,0,0,0,0,0.23562392592430115,0,0,0.47032630443573,0.5600513219833374,0,0,0.26172056794166565,0.6110162734985352,0,0
Frustrated,0,0.6025645136833191,0.6439886093139648,0,0,0,0,0,0,0,0,0,0,0,0.14313241839408875,0.12775519490242004,0,0.1684490144252777,0.17467370629310608,0.41944319009780884,0.5192077159881592,0,0,0,0,0.16672219336032867,0,0,0,0,0,0,0,0,0.15131445229053497,0.11974191665649414,0,0,0,0,0,0.22106876969337463,0,0,0.4542282521724701,0.5894985198974609,0,0,0.2423221319913864,0.6144024133682251,0,0
Frustrated,0,0.5956816673278809,0.6400732398033142,0,0,0,0,0,0,0,0,0,0,0,0.11713505536317825,0.10084101557731628,0,0.1860017031431198,0.19894929230213165,0.4351247549057007,0.5134883522987366,0,0,0,0,0.16063882410526276,0,0,0,0,0,0,0,0,0.12732049822807312,0.11135826259851456,0,0,0,0,0,0.1956106573343277,0,0,0.4935501515865326,0.575499415397644,0,0,0.24267010390758514,0.5816802978515625,0,0
Frustrated,0,0.6039329767227173,0.6639664173126221,0,0,0,0,0,0,0.10910601168870926,0.10758168995380402,0,0,0,0.13536609709262848,0.11873044073581696,0,0.19553452730178833,0.215411975979805,0.454569011926651,0.5724615454673767,0,0,0,0,0.1555674970149994,0,0,0,0,0,0,0,0,0.1549251526594162,0.14859144389629364,0,0,0,0,0,0.22697998583316803,0,0,0.48790502548217773,0.5665923357009888,0,0,0.2843458354473114,0.6201037764549255,0,0
Frustrated,0,0.5797207355499268,0.6427640914916992,0,0,0,0,0,0,0.1038612574338913,0.11132290959358215,0,0,0,0.13346990942955017,0.11689288169145584,0,0.19571846723556519,0.21562372148036957,0.4534301161766052,0.5670158863067627,0,0,0,0,0.17581218481063843,0,0,0,0,0,0,0,0,0.15271826088428497,0.13381123542785645,0,0,0,0,0,0.2550401985645294,0,0,0.5033032894134521,0.5713801383972168,0,0,0.27322107553482056,0.582449197769165,0,0
Frustrated,0,0.5642816424369812,0.6304908990859985,0,0,0,0,0,0,0.12014278024435043,0.12636880576610565,0,0,0,0.13787297904491425,0.12208337336778641,0,0.25265005230903625,0.2814575433731079,0.45330876111984253,0.5773463249206543,0,0,0,0,0.18844223022460938,0,0,0,0,0,0,0,0,0.13176895678043365,0.12076789885759354,0,0,0,0,0,0.26550525426864624,0,0,0.4991406798362732,0.5842092037200928,0,0,0.28980323672294617,0.6129047870635986,0,0
Frustrated,0,0.5289213061332703,0.6043582558631897,0,0,0,0,0,0,0.10015244036912918,0,0,0,0,0.12278056144714355,0.10516390204429626,0,0.21332141757011414,0.2368018925189972,0.44616425037384033,0.5766326189041138,0,0,0,0,0.20607009530067444,0,0,0,0,0,0,0,0,0.1257975697517395,0.12513303756713867,0,0,0,0,0,0.26966506242752075,0,0,0.5129052996635437,0.5887739062309265,0,0,0.23154009878635406,0.5638651847839355,0,0
Frustrated,0,0.5745625495910645,0.6404468417167664,0,0,0,0,0,0,0.10557001084089279,0.10642760992050171,0,0,0,0.140929713845253,0.12514328956604004,0,0.20394806563854218,0.22382016479969025,0.4447888433933258,0.5549912452697754,0,0,0,0,0.1765465885400772,0,0,0,0,0,0,0,0,0.1365649700164795,0.12702973186969757,0,0,0,0,0,0.2150154858827591,0,0,0.49641910195350647,0.5807205438613892,0,0,0.2735332250595093,0.6158034205436707,0,0
Frustrated,0,0.6188477277755737,0.6700804829597473,0,0,0,0,0,0,0,0,0,0,0,0.12318028509616852,0.1068703904747963,0,0.18713510036468506,0.2082948237657547,0.40227586030960083,0.5362901091575623,0,0,0,0,0.17483700811862946,0,0,0,0,0,0,0,0,0.1314564198255539,0.11829818040132523,0,0,0,0,0,0.19146934151649475,0,0,0.49052226543426514,0.5861935019493103,0,0,0.24065956473350525,0.5834732055664062,0,0
Frustrated,0,0.5800725221633911,0.6468539237976074,0,0,0,0,0,0,0,0.10064490139484406,0,0,0,0.14382760226726532,0.12802757322788239,0,0.1911478340625763,0.2095670849084854,0.41486498713493347,0.5526812076568604,0,0,0,0,0.1589912325143814,0,0,0,0,0,0,0,0,0.1516411155462265,0.13121789693832397,0,0,0,0,0,0.22952900826931,0,0,0.46639642119407654,0.569828987121582,0,0,0.2706775665283203,0.6313426494598389,0,0
Frustrated,0,0.57985520362854,0.6490675806999207,0,0,0,0,0,0,0.10336080938577652,0.10936595499515533,0,0,0,0.1299341320991516,0.11314848065376282,0,0.21267418563365936,0.2337241917848587,0.4504237174987793,0.5659993886947632,0,0,0,0,0.14023344218730927,0,0,0,0,0,0,0,0,0.13960912823677063,0.13435916602611542,0,0,0,0,0,0.21164028346538544,0,0,0.48824647068977356,0.5677392482757568,0,0,0.3180759847164154,0.6549130082130432,0,0
Frustrated,0,0.5983955264091492,0.6568044424057007,0,0,0,0,0,0,0.11023169010877609,0.1090775579214096,0,0,0,0.11641257256269455,0.10117531567811966,0,0.20588618516921997,0.22790834307670593,0.4546523988246918,0.571805477142334,0,0,0,0,0.15014344453811646,0,0,0,0,0,0,0,0,0.12490095943212509,0.11730125546455383,0,0,0,0,0,0.21571967005729675,0,0,0.4930836856365204,0.5749274492263794,0,0,0.28926634788513184,0.6290699243545532,0,0
Frustrated,0,0.5775700807571411,0.6340901255607605,0,0,0,0,0,0,0.10662262886762619,0.11084366589784622,0,0,0,0.13403606414794922,0.11826470494270325,0,0.20047716796398163,0.21763786673545837,0.463493287563324,0.5661858916282654,0,0,0,0,0.1628698706626892,0,0,0,0,0,0,0,0,0.12785585224628448,0.12078825384378433,0,0,0,0,0,0.22184790670871735,0,0,0.4986930787563324,0.5773581862449646,0,0,0.2926385998725891,0.6368951797485352,0,0
Frustrated,0,0.5476012229919434,0.6225903034210205,0,0,0,0,0,0,0.10396140068769455,0.11213026195764542,0,0,0,0.1589340716600418,0.14277254045009613,0,0.20106707513332367,0.21567711234092712,0.45951083302497864,0.5622043609619141,0,0,0,0,0.15459990501403809,0,0,0,0,0,0,0,0,0.1331789791584015,0.13323883712291718,0,0,0,0,0,0.21735794842243195,0,0,0.4903326630592346,0.5692870616912842,0,0,0.29461777210235596,0.6494040489196777,0,0
Frustrated,0,0.568222165107727,0.6322715282440186,0,0,0,0,0,0,0.10153211653232574,0.10796895623207092,0,0,0,0.1492200642824173,0.1335955411195755,0,0.20089633762836456,0.2178199291229248,0.46826398372650146,0.5636827349662781,0,0,0,0,0.15326379239559174,0,0,0,0,0,0,0,0,0.1314670890569687,0.12621639668941498,0,0,0,0,0,0.2127152979373932,0,0,0.4822222590446472,0.5669649839401245,0,0,0.3118881583213806,0.6664226651191711,0,0
Frustrated,0,0.5904893279075623,0.6466478705406189,0,0,0,0,0,0,0.11087047308683395,0.11041770130395889,0,0,0,0.1541343778371811,0.13836829364299774,0,0.1994601935148239,0.21932193636894226,0.4519956707954407,0.5582798719406128,0,0,0,0,0.16110096871852875,0,0,0,0,0,0,0,0,0.12982942163944244,0.12208829820156097,0,0,0,0,0,0.21761412918567657,0,0,0.4829331338405609,0.5657402276992798,0,0,0.2957577407360077,0.6447994709014893,0,0
Frustrated,0,0.596676230430603,0.6488673686981201,0,0,0,0,0,0,0.10564523935317993,0.10329911857843399,0,0,0,0.14486290514469147,0.12784384191036224,0,0.19312557578086853,0.21155604720115662,0.45017385482788086,0.5656594038009644,0,0,0,0,0.1552828699350357,0,0,0,0,0,0,0,0,0.14499053359031677,0.12977203726768494,0,0,0,0,0,0.21241694688796997,0,0,0.4681148827075958,0.5636348128318787,0,0,0.28869423270225525,0.6457412242889404,0,0
Frustrated,0,0.616214394569397,0.6568478345870972,0,0,0,0,0,0,0,0,0,0,0,0.1426182985305786,0.12764528393745422,0,0.1932932585477829,0.19661454856395721,0.43911460041999817,0.5250095129013062,0,0,0,0,0.1639327108860016,0,0,0,0,0,0,0,0,0.17651404440402985,0.1526341438293457,0,0,0,0,0,0.21616162359714508,0,0,0.4786347448825836,0.600264310836792,0,0,0.2903757691383362,0.6552963256835938,0,0
Frustrated,0,0.6178663969039917,0.6622058153152466,0,0,0,0,0,0,0.1029614582657814,0,0,0,0,0.15452063083648682,0.1394231766462326,0,0.2009613960981369,0.21820782124996185,0.44818609952926636,0.5574671030044556,0,0,0,0,0.16099829971790314,0,0,0,0,0,0,0,0,0.13666796684265137,0.10901704430580139,0,0,0,0,0,0.21946847438812256,0,0,0.44338399171829224,0.5467766523361206,0.10481525957584381,0,0.24102698266506195,0.604408860206604,0,0
Frustrated,0,0.5641810894012451,0.6268073916435242,0,0,0,0,0,0,0,0.10432548075914383,0,0,0,0.13345231115818024,0.11504176259040833,0,0.22531558573246002,0.23940548300743103,0.4581891894340515,0.556360125541687,0,0,0,0,0.1637536734342575,0,0,0,0,0,0,0,0,0.1598959118127823,0.13912709057331085,0,0,0,0,0,0.22468744218349457,0,0,0.4642191231250763,0.5867221355438232,0,0,0.2755200266838074,0.6330932378768921,0,0
Frustrated,0,0.6113542318344116,0.6662470698356628,0,0,0,0,0,0,0.10482665151357651,0.10870403051376343,0,0,0,0.10884760320186615,0,0,0.20197734236717224,0.22064825892448425,0.47989949584007263,0.5633272528648376,0,0,0,0,0.15726855397224426,0,0,0,0,0,0,0,0,0.1283508986234665,0.11136350780725479,0,0,0,0,0,0.20661689341068268,0,0,0.45249679684638977,0.548399806022644,0,0,0.2829134464263916,0.6314815282821655,0,0
Frustrated,0,0.5847619771957397,0.6369438171386719,0,0,0,0,0,0,0.10433510690927505,0.10186994075775146,0,0,0,0.1312713921070099,0.116356261074543,0,0.2129688709974289,0.24157895147800446,0.42954519391059875,0.5700736045837402,0,0,0,0,0.15281377732753754,0,0,0,0,0,0,0,0,0.14454859495162964,0.11513642966747284,0,0,0,0,0,0.20672394335269928,0,0,0.4546591639518738,0.558375895023346,0,0,0.25134924054145813,0.6043227910995483,0,0
Frustrated,0,0.5634036660194397,0.6060806512832642,0,0,0,0,0,0,0,0.10964307934045792,0,0,0,0.14088739454746246,0.12410876154899597,0,0.1936095952987671,0.2149420976638794,0.4221349060535431,0.5426395535469055,0,0,0,0,0.14781810343265533,0,0,0,0,0,0,0,0,0.14725814759731293,0.12419045716524124,0,0,0,0,0,0.19205273687839508,0,0,0.4675409197807312,0.5679630041122437,0,0,0.2642990052700043,0.605985164642334,0,0
Frustrated,0,0.5910059213638306,0.6211214661598206,0,0,0,0,0,0,0,0,0,0,0,0.13716553151607513,0.1185346320271492,0,0.18443626165390015,0.20177815854549408,0.41350919008255005,0.5397359132766724,0,0,0,0,0.18359461426734924,0,0,0,0,0,0,0,0,0.1585792899131775,0.1312505304813385,0,0,0,0,0,0.20333848893642426,0,0,0.4754050672054291,0.5959831476211548,0,0,0.23888073861598969,0.6035137176513672,0,0
Frustrated,0,0.6041375398635864,0.6454566121101379,0,0,0,0,0,0,0.10773535072803497,0,0,0,0,0,0,0,0.20520105957984924,0.23429624736309052,0.414183109998703,0.572136402130127,0,0,0,0,0.2695104479789734,0,0,0,0,0,0,0,0,0,0,0,0,0,0,0,0.1912970095872879,0,0,0.5455024242401123,0.6736393570899963,0,0,0.11839072406291962,0.3858333230018616,0,0
Frustrated,0,0.5986257195472717,0.6582552194595337,0,0,0,0,0,0,0,0,0,0,0,0.10033656656742096,0,0,0.1960485279560089,0.2292487919330597,0.4012739062309265,0.5697336196899414,0,0,0,0,0.24157217144966125,0,0,0,0,0,0,0,0,0,0,0,0,0,0,0,0.18480554223060608,0,0,0.5156809091567993,0.5978420972824097,0,0,0.17395132780075073,0.4558051526546478,0,0
Frustrated,0,0.5436620712280273,0.6187228560447693,0,0,0,0,0,0,0.10287807136774063,0.11970919370651245,0,0,0,0,0,0,0.23612479865550995,0.2604702413082123,0.4952338635921478,0.5627040863037109,0,0,0,0,0.162267804145813,0,0,0,0,0,0,0,0,0.12245503813028336,0.11403188109397888,0,0,0,0,0,0.2768050730228424,0,0,0.4625822901725769,0.5410947799682617,0,0,0.20859697461128235,0.48827171325683594,0,0
Frustrated,0,0.6048600673675537,0.6886170506477356,0,0,0,0,0,0,0,0.12406761199235916,0,0,0,0,0,0,0.20456160604953766,0.2007836401462555,0.5062581300735474,0.5358264446258545,0,0,0,0,0.1919523924589157,0,0,0,0,0,0,0,0,0.11334865540266037,0.12788476049900055,0,0,0,0,0,0.2575955390930176,0,0,0.5921167135238647,0.6710464954376221,0,0,0.14867909252643585,0.42615699768066406,0,0
Frustrated,0,0.6041404008865356,0.6460256576538086,0,0,0,0,0,0,0,0,0,0,0,0,0,0,0.17793351411819458,0.18608421087265015,0.48304617404937744,0.5313498973846436,0,0,0,0,0.21244721114635468,0,0,0,0,0,0,0,0,0.10240484774112701,0.11077357828617096,0,0,0,0,0,0.24819253385066986,0,0,0.5660078525543213,0.5948840975761414,0,0,0.17753803730010986,0.4254218339920044,0,0
Frustrated,0,0.5991039276123047,0.6391790509223938,0,0,0,0,0,0,0.11010507494211197,0.11140155047178268,0,0,0,0.1598070114850998,0.1438625305891037,0,0.21435043215751648,0.23796921968460083,0.45328041911125183,0.5648336410522461,0,0,0,0,0.1844235360622406,0,0,0,0,0,0,0,0,0.12989501655101776,0.10697764903306961,0,0,0,0,0,0.21728242933750153,0,0,0.4608738124370575,0.5499529242515564,0,0,0.22285310924053192,0.5526853799819946,0,0
Frustrated,0,0.6429228186607361,0.6663579940795898,0,0,0,0,0,0,0,0,0,0,0,0,0,0,0.1648225486278534,0.17915694415569305,0.4231840670108795,0.5345288515090942,0,0,0,0,0.15571780502796173,0,0,0,0,0,0,0,0,0.20247606933116913,0.1950587034225464,0,0,0,0,0,0.20994815230369568,0,0,0.45527446269989014,0.5548033714294434,0,0,0.24143652617931366,0.5979830026626587,0,0
Frustrated,0,0.5929421186447144,0.6193588972091675,0,0,0,0,0,0,0,0,0,0,0,0,0,0,0.15177510678768158,0.16770340502262115,0.401014506816864,0.5409307479858398,0,0,0,0,0.19317561388015747,0,0,0,0,0,0,0,0,0.1723155826330185,0.1397063136100769,0,0,0,0,0,0.24269279837608337,0,0,0.4830813407897949,0.5999475717544556,0,0,0.2202029824256897,0.5831205248832703,0,0
Frustrated,0,0.5932307243347168,0.6281663179397583,0,0,0,0,0,0,0.11217024177312851,0.10663007199764252,0,0,0,0.14514125883579254,0.12859584391117096,0,0.2030893713235855,0.2303454577922821,0.4271075129508972,0.5629241466522217,0,0,0,0,0.16681748628616333,0,0,0,0,0,0,0,0,0.1404772400856018,0.107284314930439,0,0,0,0,0,0.23554205894470215,0,0,0.4573456346988678,0.5558169484138489,0,0,0.2296583354473114,0.5875732898712158,0,0
Frustrated,0,0.6479218006134033,0.6895818710327148,0,0,0,0,0,0,0,0,0,0,0,0.121275395154953,0.11011514067649841,0,0.17846208810806274,0.20751485228538513,0.4185892641544342,0.5654028654098511,0,0,0,0,0.24302460253238678,0,0,0,0,0,0,0,0,0,0,0,0,0,0,0,0.18140144646167755,0,0,0.5751099586486816,0.6564490795135498,0,0,0.19779056310653687,0.5072803497314453,0,0
Frustrated,0,0.5518550276756287,0.6116496920585632,0,0,0,0,0,0,0.10198506712913513,0.10776861757040024,0,0,0,0.12003206461668015,0,0,0.19176068902015686,0.21543477475643158,0.43930813670158386,0.5490226149559021,0,0,0,0,0.15054485201835632,0,0,0,0,0,0,0,0,0.13605250418186188,0.11691384017467499,0,0,0,0,0,0.2601770758628845,0,0,0.4343355894088745,0.5188217163085938,0,0,0.24094276130199432,0.5402141809463501,0,0
Frustrated,0,0.5667933225631714,0.6442700624465942,0,0,0,0,0,0,0,0.10429294407367706,0,0,0,0,0,0,0.2808356285095215,0.29429891705513,0.5260474681854248,0.548202395439148,0,0,0,0,0.2031908631324768,0,0,0,0,0,0,0,0,0.12248048186302185,0.11908840388059616,0,0,0,0,0,0.330651193857193,0,0,0.523985743522644,0.6020256280899048,0,0,0.2010028213262558,0.47889435291290283,0,0
Frustrated,0,0.5653695464134216,0.6396348476409912,0,0,0,0,0,0,0,0.10599997639656067,0,0,0,0.13336969912052155,0.11350099742412567,0,0.2279592752456665,0.2540384829044342,0.4482294023036957,0.5759907960891724,0,0,0,0,0.16107895970344543,0,0,0,0,0,0,0,0,0.12220781296491623,0.10546156018972397,0,0,0,0,0,0.2206222265958786,0,0,0.46510714292526245,0.555558443069458,0.10428532212972641,0,0.27618637681007385,0.6063315272331238,0,0
Frustrated,0,0.6127386093139648,0.6416568756103516,0,0,0,0,0,0,0,0.1022617518901825,0,0,0,0.16210448741912842,0.14720942080020905,0,0.20290324091911316,0.22353139519691467,0.428954154253006,0.5428142547607422,0,0,0,0,0.16787438094615936,0,0,0,0,0,0,0,0,0.16153419017791748,0.12039252370595932,0,0,0,0,0,0.2330428808927536,0,0,0.4135759472846985,0.5234315395355225,0.1227613240480423,0,0.22866719961166382,0.5773916840553284,0,0
Frustrated,0,0.6816003322601318,0.711533784866333,0,0,0,0,0,0,0.10041514039039612,0,0,0,0,0.11680754274129868,0.10452422499656677,0,0.1847763955593109,0.20130108296871185,0.4589635133743286,0.566679835319519,0,0,0,0,0.17934055626392365,0,0,0,0,0,0,0,0,0.1302594542503357,0.11366381496191025,0,0,0,0,0,0.19503845274448395,0,0,0.48685142397880554,0.5889897346496582,0,0,0.21450163424015045,0.5571375489234924,0,0
Frustrated,0,0.6463982462882996,0.6864551305770874,0,0,0,0,0,0,0.1058414876461029,0,0,0,0,0.14140684902668,0.1261298656463623,0,0.20088817179203033,0.2267996370792389,0.440176397562027,0.5757025480270386,0,0,0,0,0.1581585705280304,0,0,0,0,0,0,0,0,0.11215093731880188,0,0,0,0,0,0,0.18832555413246155,0,0,0.476413756608963,0.5710263252258301,0,0,0.26153820753097534,0.6091831922531128,0,0
Frustrated,0,0.5618926286697388,0.6239831447601318,0,0,0,0,0,0,0.12383945286273956,0.1169191524386406,0,0,0,0.13667261600494385,0.12002208083868027,0,0.25259941816329956,0.28132545948028564,0.45562946796417236,0.5776383876800537,0,0,0,0,0.15485388040542603,0,0,0,0,0,0,0,0,0.11930723488330841,0.10244417935609818,0,0,0,0,0,0.1729711890220642,0,0,0.45816829800605774,0.5411860942840576,0,0,0.28398397564888,0.6242544054985046,0,0
Frustrated,0,0.560322105884552,0.6164618730545044,0,0,0,0,0,0,0.11349805444478989,0.11229424178600311,0,0,0,0.13867932558059692,0.12355388700962067,0,0.23415981233119965,0.2605644464492798,0.4456843137741089,0.5654041767120361,0,0,0,0,0.15843598544597626,0,0,0,0,0,0,0,0,0.1106749176979065,0,0,0,0,0,0,0.2090054750442505,0,0,0.45000454783439636,0.5321307182312012,0,0,0.25714439153671265,0.5819971561431885,0,0
Frustrated,0,0.5971646308898926,0.6437068581581116,0,0,0,0,0,0,0.1202833503484726,0.10745205730199814,0,0,0,0.12484361231327057,0.10808254778385162,0,0.23475857079029083,0.2628155052661896,0.43467235565185547,0.5782186985015869,0,0,0,0,0.1706305593252182,0,0,0,0,0,0,0,0,0.131426140666008,0.10554782301187515,0,0,0,0,0,0.20110663771629333,0,0,0.4503649175167084,0.5510990619659424,0,0,0.2555027902126312,0.6076666116714478,0,0
Frustrated,0,0.5995352268218994,0.6416537761688232,0,0,0,0,0,0,0.11139882355928421,0,0,0,0,0.13457681238651276,0.11793433874845505,0,0.211476668715477,0.23909030854701996,0.41712936758995056,0.564410924911499,0,0,0,0,0.18085289001464844,0,0,0,0,0,0,0,0,0.1250687837600708,0,0,0,0,0,0,0.1789679378271103,0,0,0.4656940698623657,0.5615646839141846,0,0,0.21594470739364624,0.552963137626648,0,0
Frustrated,0,0.5741780400276184,0.6294122338294983,0,0,0,0,0,0,0.11452309042215347,0.11038632690906525,0,0,0,0.1453864872455597,0.12986409664154053,0,0.22394612431526184,0.24817228317260742,0.4624660611152649,0.564957857131958,0,0,0,0,0.1710449904203415,0,0,0,0,0,0,0,0,0.11844910681247711,0,0,0,0,0,0,0.22447866201400757,0,0,0.4235539436340332,0.5101187825202942,0.10875290632247925,0,0.24496576189994812,0.5820659399032593,0,0
Frustrated,0,0.5482707619667053,0.6011930704116821,0,0,0,0,0,0,0,0,0,0,0,0,0,0,0.21355804800987244,0.23416496813297272,0.4179603159427643,0.5297280550003052,0,0,0,0,0.17921985685825348,0,0,0,0,0,0,0,0,0.1509859412908554,0.13119663298130035,0,0,0,0,0,0.22260218858718872,0,0,0.47437602281570435,0.5319604873657227,0,0,0.23834988474845886,0.5449104309082031,0,0
Frustrated,0,0.5330522060394287,0.5965626239776611,0,0,0,0,0,0,0,0.10696405172348022,0,0,0,0.13059408962726593,0.11502447724342346,0,0.2317812591791153,0.2551485002040863,0.43762391805648804,0.5446372032165527,0,0,0,0,0.17284737527370453,0,0,0,0,0,0,0,0,0.13686080276966095,0.11648033559322357,0,0,0,0,0,0.2485298365354538,0,0,0.46809157729148865,0.5568323731422424,0,0,0.2373068779706955,0.5619214773178101,0,0
Frustrated,0,0.5363188982009888,0.6103383302688599,0,0,0,0,0,0,0.10368663817644119,0.10825037211179733,0,0,0,0.13503362238407135,0.11851812899112701,0,0.23241838812828064,0.2583278715610504,0.4614581763744354,0.5557184219360352,0,0,0,0,0.17409446835517883,0,0,0,0,0,0,0,0,0.12575477361679077,0.10193485766649246,0,0,0,0,0,0.2616495192050934,0,0,0.46170809864997864,0.5546331405639648,0,0,0.22437873482704163,0.5508687496185303,0,0
Frustrated,0,0.5869491100311279,0.6477978229522705,0,0,0,0,0,0,0,0,0,0,0,0.15957199037075043,0.14375989139080048,0,0.2011738419532776,0.22598408162593842,0.4414100646972656,0.5793256759643555,0,0,0,0,0.16844935715198517,0,0,0,0,0,0,0,0,0.15805506706237793,0.13307049870491028,0,0,0,0,0,0.22992278635501862,0,0,0.4367567300796509,0.5261884927749634,0,0,0.23560315370559692,0.5738030076026917,0,0
Frustrated,0,0.5829111337661743,0.6379103660583496,0,0,0,0,0,0,0.10287736356258392,0.10608619451522827,0,0,0,0.1660432517528534,0.14980249106884003,0,0.1945909708738327,0.219169482588768,0.43668311834335327,0.5725038051605225,0,0,0,0,0.1691237986087799,0,0,0,0,0,0,0,0,0.14159364998340607,0.11617016792297363,0,0,0,0,0,0.20696686208248138,0,0,0.43066319823265076,0.5253772735595703,0,0,0.24979649484157562,0.5985914468765259,0,0
Frustrated,0,0.5598564743995667,0.6314611434936523,0,0,0,0,0,0,0.10355166345834732,0.10311626642942429,0,0,0,0.11234967410564423,0,0,0.1945459246635437,0.21694667637348175,0.4529454708099365,0.5437519550323486,0,0,0,0,0.16613997519016266,0,0,0,0,0,0,0,0,0.17812630534172058,0.1484294831752777,0,0,0,0,0,0.25954580307006836,0,0,0.45608851313591003,0.5475075244903564,0,0,0.23386456072330475,0.5658962726593018,0,0
Frustrated,0,0.5108157396316528,0.5878977179527283,0,0,0,0,0,0,0,0.10666380077600479,0,0,0,0.12871858477592468,0.11309771984815598,0,0.22631455957889557,0.24661508202552795,0.46419578790664673,0.5445906519889832,0,0,0,0,0.16622434556484222,0,0,0,0,0,0,0,0,0.18231484293937683,0.16187632083892822,0,0,0,0,0,0.2765275835990906,0,0,0.4715379476547241,0.5391198396682739,0,0,0.2569100558757782,0.5706890821456909,0,0
Frustrated,0,0.5340619683265686,0.6137611269950867,0,0,0,0,0,0,0.10597805678844452,0.11513472348451614,0,0,0,0.17323681712150574,0.15691179037094116,0,0.21780332922935486,0.24032911658287048,0.45610150694847107,0.5573488473892212,0,0,0,0,0.18677279353141785,0,0,0,0,0,0,0,0,0.12954756617546082,0.11800822615623474,0,0,0,0,0,0.24319779872894287,0,0,0.4840796887874603,0.5497125387191772,0,0,0.24169518053531647,0.5632897615432739,0,0
Frustrated,0,0.554482102394104,0.6278602480888367,0,0,0,0,0,0,0.1084069013595581,0.1011921837925911,0,0,0,0.1345856487751007,0.11635541170835495,0,0.2132110446691513,0.24136751890182495,0.4329855740070343,0.5721354484558105,0,0,0,0,0.2068316638469696,0,0,0,0,0,0,0,0,0.11232718825340271,0.10557263344526291,0,0,0,0,0,0.2436048537492752,0,0,0.5090214014053345,0.5840457081794739,0,0,0.22678188979625702,0.5361220836639404,0,0
Frustrated,0,0.5738980174064636,0.6498713493347168,0,0,0,0,0,0,0.10347416251897812,0.1102808266878128,0,0,0,0.17264626920223236,0.1561257690191269,0,0.20820514857769012,0.22713609039783478,0.4515809118747711,0.5612481236457825,0,0,0,0,0.19095908105373383,0,0,0,0,0,0,0,0,0.10405758768320084,0,0,0,0,0,0,0.2295144498348236,0,0,0.46707674860954285,0.5549236536026001,0,0,0.21692441403865814,0.5491114258766174,0,0
Frustrated,0,0.5645332336425781,0.6309937834739685,0,0,0,0,0,0,0.10638760030269623,0.11411842703819275,0,0,0,0.15843957662582397,0.14273162186145782,0,0.22631287574768066,0.24640189111232758,0.44714245200157166,0.542638897895813,0,0,0,0,0.19114267826080322,0,0,0,0,0,0,0,0,0.12546087801456451,0.11174939572811127,0,0,0,0,0,0.25652873516082764,0,0,0.4788086414337158,0.5649616718292236,0,0,0.23859933018684387,0.5599592924118042,0,0
Frustrated,0,0.5154798030853271,0.6025852560997009,0,0,0,0,0,0,0,0,0,0,0,0.1270969957113266,0.10694581270217896,0,0.22855433821678162,0.2517070472240448,0.42778143286705017,0.5592421293258667,0,0,0,0,0.19856330752372742,0,0,0,0,0,0,0,0,0.11186090111732483,0.1047155037522316,0,0,0,0,0,0.2959323227405548,0,0,0.5072247982025146,0.5878788232803345,0,0,0.2067660242319107,0.528168261051178,0,0
Frustrated,0,0.4688030779361725,0.5597652196884155,0,0,0,0,0,0,0,0,0,0,0,0,0,0,0.25733938813209534,0.2715364098548889,0.4518503248691559,0.5510808229446411,0,0,0,0,0.19355612993240356,0,0,0,0,0,0,0,0,0.13492721319198608,0.13823652267456055,0,0,0,0,0,0.30051517486572266,0,0,0.5053410530090332,0.5818330645561218,0,0,0.2215975821018219,0.5439034700393677,0,0
Frustrated,0,0.5461795330047607,0.6154845952987671,0,0,0,0,0,0,0.10050147026777267,0.1072859913110733,0,0,0,0.1381150335073471,0.1180717870593071,0,0.2029910534620285,0.22686628997325897,0.42531222105026245,0.5530292391777039,0,0,0,0,0.16099922358989716,0,0,0,0,0,0,0,0,0.15732893347740173,0.14233717322349548,0,0,0,0,0,0.22791942954063416,0,0,0.460431843996048,0.5525892376899719,0,0,0.26707571744918823,0.6033660173416138,0,0
Frustrated,0,0.6565091609954834,0.6976220011711121,0,0,0,0,0,0,0,0,0,0,0,0.12182445824146271,0.10721088945865631,0,0.17355917394161224,0.18277938663959503,0.4310796558856964,0.5760101079940796,0,0,0,0,0.16678641736507416,0,0,0,0,0,0,0,0,0.11615139245986938,0.10719571262598038,0,0,0,0,0,0.18594183027744293,0,0,0.4685384929180145,0.5651593804359436,0,0,0.23058074712753296,0.5804597735404968,0,0
Frustrated,0,0.646668553352356,0.6909377574920654,0,0,0,0,0,0,0,0,0,0,0,0.12386678904294968,0.10852182656526566,0,0.18113645911216736,0.20070882141590118,0.43392306566238403,0.5693599581718445,0,0,0,0,0.16507872939109802,0,0,0,0,0,0,0,0,0.12364479154348373,0.12018579989671707,0,0,0,0,0,0.21613651514053345,0,0,0.5080403089523315,0.5571771860122681,0,0,0.2329973578453064,0.5413579940795898,0,0
Frustrated,0,0.5908241271972656,0.645334005355835,0,0,0,0,0,0,0.10025370866060257,0.10867422819137573,0,0,0,0.15680177509784698,0.14160393178462982,0,0.21604803204536438,0.2390517294406891,0.44150060415267944,0.5513215065002441,0,0,0,0,0.15946011245250702,0,0,0,0,0,0,0,0,0.13260506093502045,0.11699289083480835,0,0,0,0,0,0.25347575545310974,0,0,0.4678325057029724,0.5517933964729309,0,0,0.2772707939147949,0.6157211065292358,0,0
Frustrated,0,0.6093562245368958,0.6590608954429626,0,0,0,0,0,0,0,0.10583735257387161,0,0,0,0.1494518369436264,0.1345578134059906,0,0.2095748782157898,0.23151594400405884,0.42928799986839294,0.5479626655578613,0,0,0,0,0.18509270250797272,0,0,0,0,0,0,0,0,0.1164032518863678,0,0,0,0,0,0,0.23437361419200897,0,0,0.46009179949760437,0.5504029989242554,0,0,0.2503914535045624,0.5904176831245422,0,0
Frustrated,0,0.5385199785232544,0.6135226488113403,0,0,0,0,0,0,0.10542646795511246,0.11659043282270432,0,0,0,0.16659703850746155,0.15074676275253296,0,0.21378783881664276,0.23696891963481903,0.43711674213409424,0.5686525106430054,0,0,0,0,0.17222978174686432,0,0,0,0,0,0,0,0,0.12504395842552185,0.1114073097705841,0,0,0,0,0,0.22543376684188843,0,0,0.4777047038078308,0.5572208166122437,0,0,0.25666582584381104,0.5929635763168335,0,0
Frustrated,0,0.5522197484970093,0.6254779100418091,0,0,0,0,0,0,0.10361269861459732,0.10739439725875854,0,0,0,0.15094223618507385,0.13493232429027557,0,0.2261754870414734,0.25006303191185,0.4616469442844391,0.5583863258361816,0,0,0,0,0.1872711479663849,0,0,0,0,0,0,0,0,0.11617633700370789,0.10284178704023361,0,0,0,0,0,0.2329290360212326,0,0,0.4854942262172699,0.5801800489425659,0,0,0.23826992511749268,0.5747694373130798,0,0
Frustrated,0,0.5900466442108154,0.6529371738433838,0,0,0,0,0,0,0.10620472580194473,0.10315161943435669,0,0,0,0.1591029316186905,0.14368656277656555,0,0.213863804936409,0.24048864841461182,0.42379456758499146,0.5675621628761292,0,0,0,0,0.18657472729682922,0,0,0,0,0,0,0,0,0.1107192412018776,0,0,0,0,0,0,0.23687104880809784,0,0,0.48424825072288513,0.5777105689048767,0,0,0.2283521443605423,0.5682748556137085,0,0
Frustrated,0,0.5465949773788452,0.6183454990386963,0,0,0,0,0,0,0.10058645159006119,0.11057784408330917,0,0,0,0.14570815861225128,0.1290861815214157,0,0.22192871570587158,0.24532437324523926,0.4402504563331604,0.5655786991119385,0,0,0,0,0.1658351570367813,0,0,0,0,0,0,0,0,0.12155033648014069,0.10377054661512375,0,0,0,0,0,0.22374863922595978,0,0,0.477203905582428,0.5685986280441284,0,0,0.27009955048561096,0.6108185052871704,0,0
Frustrated,0,0.5659290552139282,0.6314948797225952,0,0,0,0,0,0,0.1013505831360817,0.10648365318775177,0,0,0,0.15068906545639038,0.1348642110824585,0,0.20869559049606323,0.2340143769979477,0.44063588976860046,0.5693844556808472,0,0,0,0,0.18525893986225128,0,0,0,0,0,0,0,0,0.11560991406440735,0.10241838544607162,0,0,0,0,0,0.22744302451610565,0,0,0.5036397576332092,0.5874478816986084,0,0,0.24072812497615814,0.5706180930137634,0,0
Frustrated,0,0.5594702363014221,0.633746862411499,0,0,0,0,0,0,0.10377490520477295,0.10513971745967865,0,0,0,0.13257132470607758,0.1145721971988678,0,0.21900780498981476,0.24706216156482697,0.42062434554100037,0.5589128136634827,0,0,0,0,0.19000129401683807,0,0,0,0,0,0,0,0,0.10038439929485321,0,0,0,0,0,0,0.2512568235397339,0,0,0.5095810890197754,0.5943136215209961,0,0,0.22159847617149353,0.5491317510604858,0,0
Frustrated,0,0.5727686882019043,0.6446405649185181,0,0,0,0,0,0,0.1038840264081955,0.10396701842546463,0,0,0,0.14246311783790588,0.12436781078577042,0,0.21940413117408752,0.24872398376464844,0.4229230582714081,0.5720047354698181,0,0,0,0,0.18997007608413696,0,0,0,0,0,0,0,0,0.12474188953638077,0.10923655331134796,0,0,0,0,0,0.23758664727210999,0,0,0.49908962845802307,0.595367431640625,0,0,0.23728498816490173,0.5651353597640991,0,0
Frustrated,0,0.5860234498977661,0.6535842418670654,0,0,0,0,0,0,0.10168664157390594,0.10617108643054962,0,0,0,0.1461407095193863,0.12982244789600372,0,0.21084405481815338,0.2362062782049179,0.4361162483692169,0.5681012868881226,0,0,0,0,0.1811075657606125,0,0,0,0,0,0,0,0,0.14091292023658752,0.1235748827457428,0,0,0,0,0,0.22301319241523743,0,0,0.486169695854187,0.5781347751617432,0,0,0.2543351650238037,0.5944018959999084,0,0
Frustrated,0,0.5405402183532715,0.6206978559494019,0,0,0,0,0,0,0.10283807665109634,0.11019523441791534,0,0,0,0.13363370299339294,0.11619766056537628,0,0.2545218765735626,0.2763685882091522,0.44963064789772034,0.5496532917022705,0,0,0,0,0.16382016241550446,0,0,0,0,0,0,0,0,0.141667902469635,0.12298090010881424,0,0,0,0,0,0.24228525161743164,0,0,0.47067973017692566,0.5562906861305237,0,0,0.30974096059799194,0.6442524194717407,0,0
Frustrated,0,0.6103194355964661,0.6634645462036133,0,0,0,0,0,0,0,0,0,0,0,0.10703255981206894,0,0,0.19405151903629303,0.21447503566741943,0.43960216641426086,0.5568987727165222,0,0,0,0,0.18605349957942963,0,0,0,0,0,0,0,0,0.11793216317892075,0.11094017326831818,0,0,0,0,0,0.2144668996334076,0,0,0.5156750082969666,0.5796366333961487,0,0,0.2702343761920929,0.5677433013916016,0,0
Frustrated,0,0.6295939087867737,0.6799677610397339,0,0,0,0,0,0,0,0,0,0,0,0.1276414543390274,0.1109042689204216,0,0.21053004264831543,0.23659385740756989,0.42409273982048035,0.5589110255241394,0,0,0,0,0.16607432067394257,0,0,0,0,0,0,0,0,0.10879853367805481,0.10099218785762787,0,0,0,0,0,0.20122119784355164,0,0,0.5182368755340576,0.5953305959701538,0,0,0.2526896893978119,0.5811232328414917,0,0
Frustrated,0,0.5915770530700684,0.6502888202667236,0,0,0,0,0,0,0.10698477923870087,0.10235290974378586,0,0,0,0.13886761665344238,0.12323440611362457,0,0.21335925161838531,0.23892457783222198,0.44540831446647644,0.5571900606155396,0,0,0,0,0.18461161851882935,0,0,0,0,0,0,0,0,0.1286802887916565,0.10824854671955109,0,0,0,0,0,0.21235327422618866,0,0,0.4752741754055023,0.5597703456878662,0,0,0.25691282749176025,0.5840567350387573,0,0
Frustrated,0,0.5677993297576904,0.6341737508773804,0,0,0,0,0,0,0.10810688138008118,0.1037345677614212,0,0,0,0.14850546419620514,0.13272014260292053,0,0.2053840011358261,0.23199793696403503,0.43114879727363586,0.56805020570755,0,0,0,0,0.18160563707351685,0,0,0,0,0,0,0,0,0.1371000111103058,0.11830752342939377,0,0,0,0,0,0.22399139404296875,0,0,0.47318029403686523,0.5579707622528076,0,0,0.24363884329795837,0.5753865242004395,0,0
Frustrated,0,0.6045075058937073,0.6608463525772095,0,0,0,0,0,0,0.10699883848428726,0,0,0,0,0.15199555456638336,0.13651113212108612,0,0.19032950699329376,0.21832144260406494,0.43793460726737976,0.5876038074493408,0,0,0,0,0.18094411492347717,0,0,0,0,0,0,0,0,0.12261097878217697,0.10135823488235474,0,0,0,0,0,0.22616927325725555,0,0,0.48094379901885986,0.5783123970031738,0,0,0.24866564571857452,0.5872271060943604,0,0
Frustrated,0,0.5679714679718018,0.6368018388748169,0,0,0,0,0,0,0.1010349690914154,0.10085625946521759,0,0,0,0.13780942559242249,0.12016858160495758,0,0.23059488832950592,0.2528630197048187,0.4540598690509796,0.5669388771057129,0,0,0,0,0.18125474452972412,0,0,0,0,0,0,0,0,0.15234124660491943,0.13680067658424377,0,0,0,0,0,0.22983060777187347,0,0,0.5001651048660278,0.6155933141708374,0,0,0.2667975425720215,0.6272108554840088,0,0
Frustrated,0,0.616703987121582,0.6674648523330688,0,0,0,0,0,0,0.10268238931894302,0.10322009772062302,0,0,0,0.1640181988477707,0.1492159515619278,0,0.18901939690113068,0.2059551179409027,0.41213420033454895,0.5572594404220581,0,0,0,0,0.1847168207168579,0,0,0,0,0,0,0,0,0.11825142800807953,0,0,0,0,0,0,0.204390287399292,0,0,0.4858132004737854,0.6019291877746582,0,0,0.25579050183296204,0.6159486174583435,0,0
Frustrated,0,0.546217679977417,0.6203159093856812,0,0,0,0,0,0,0.11100225150585175,0.1119919940829277,0,0,0,0.11958076804876328,0.10205768048763275,0,0.22624842822551727,0.251158207654953,0.42592549324035645,0.561823308467865,0,0,0,0,0.17539548873901367,0,0,0,0,0,0,0,0,0.14265455305576324,0.11964377015829086,0,0,0,0,0,0.20517900586128235,0,0,0.47932755947113037,0.5777944326400757,0,0,0.2542055547237396,0.6001357436180115,0,0
Frustrated,0,0.567439079284668,0.6248866319656372,0,0,0,0,0,0,0.11456926167011261,0.11417725682258606,0,0,0,0.10266083478927612,0,0,0.25441423058509827,0.278675377368927,0.43586477637290955,0.566178023815155,0,0,0,0,0.15601429343223572,0,0,0,0,0,0,0,0,0.114238440990448,0,0,0,0,0,0,0.19620275497436523,0,0,0.49580061435699463,0.5814117193222046,0,0,0.2694889008998871,0.611259937286377,0,0
Frustrated,0,0.5885065793991089,0.6437091827392578,0,0,0,0,0,0,0.10600939393043518,0.1114172413945198,0,0,0,0.1456642746925354,0.12917663156986237,0,0.2122790366411209,0.23409609496593475,0.4365285038948059,0.5608631372451782,0,0,0,0,0.15379855036735535,0,0,0,0,0,0,0,0,0.12729398906230927,0.10959571599960327,0,0,0,0,0,0.21978186070919037,0,0,0.4622075855731964,0.559381902217865,0,0,0.27940210700035095,0.6232120394706726,0,0
Frustrated,0,0.557193398475647,0.6255136728286743,0,0,0,0,0,0,0.11539894342422485,0.11144484579563141,0,0,0,0.12263336032629013,0.10459619015455246,0,0.24280281364917755,0.26822465658187866,0.4439838230609894,0.5651939511299133,0,0,0,0,0.1597299575805664,0,0,0,0,0,0,0,0,0.12800289690494537,0.1147291511297226,0,0,0,0,0,0.21963351964950562,0,0,0.4804539382457733,0.5647358894348145,0,0,0.2731664180755615,0.6068065166473389,0,0
Frustrated,0,0.5812156200408936,0.640340268611908,0,0,0,0,0,0,0.10806438326835632,0.10914100706577301,0,0,0,0.17466619610786438,0.15795287489891052,0,0.20161543786525726,0.2229350060224533,0.44035282731056213,0.5676375031471252,0,0,0,0,0.16115985810756683,0,0,0,0,0,0,0,0,0.1300797164440155,0.11383083462715149,0,0,0,0,0,0.2310187816619873,0,0,0.44708216190338135,0.5322912931442261,0.10163131356239319,0,0.2625386714935303,0.6041404604911804,0,0
Frustrated,0,0.5200209617614746,0.6027982234954834,0,0,0,0,0,0,0.10421916097402573,0.10348355770111084,0,0,0,0.1373610645532608,0.11862283945083618,0,0.2308557629585266,0.25524863600730896,0.44652238488197327,0.5661240816116333,0,0,0,0,0.1725899875164032,0,0,0,0,0,0,0,0,0.12281283736228943,0.10909349471330643,0,0,0,0,0,0.26075705885887146,0,0,0.4795776903629303,0.5607517957687378,0,0,0.25965046882629395,0.5914005041122437,0,0
Frustrated,0,0.5654730796813965,0.6360228061676025,0,0,0,0,0,0,0.10568108409643173,0,0,0,0,0.13887205719947815,0.1223762109875679,0,0.20185896754264832,0.22555853426456451,0.4475483000278473,0.5660943984985352,0,0,0,0,0.18418821692466736,0,0,0,0,0,0,0,0,0.13484366238117218,0.11556538194417953,0,0,0,0,0,0.24110765755176544,0,0,0.47927331924438477,0.5688052177429199,0,0,0.26019802689552307,0.5895695686340332,0,0
Frustrated,0,0.5804933309555054,0.6408812403678894,0,0,0,0,0,0,0.10581503063440323,0.10353261977434158,0,0,0,0.13895723223686218,0.12266091257333755,0,0.20191779732704163,0.22496062517166138,0.4379393756389618,0.5717187523841858,0,0,0,0,0.17995376884937286,0,0,0,0,0,0,0,0,0.13480471074581146,0.11418718844652176,0,0,0,0,0,0.23952965438365936,0,0,0.47208306193351746,0.565643310546875,0,0,0.2508905827999115,0.5895940065383911,0,0
Frustrated,0,0.5767499804496765,0.6401495933532715,0,0,0,0,0,0,0.10873812437057495,0.10621575266122818,0,0,0,0.1593545526266098,0.1426597684621811,0,0.2186059206724167,0.24376243352890015,0.43747973442077637,0.5703676342964172,0,0,0,0,0.1773081123828888,0,0,0,0,0,0,0,0,0.12278054654598236,0.10793769359588623,0,0,0,0,0,0.19206503033638,0,0,0.47465795278549194,0.5792350172996521,0,0,0.23915264010429382,0.5795669555664062,0,0
Frustrated,0,0.5873332619667053,0.6527105569839478,0,0,0,0,0,0,0.10437379777431488,0.10182233899831772,0,0,0,0.14847762882709503,0.13186973333358765,0,0.21310961246490479,0.24129602313041687,0.44242605566978455,0.5758458971977234,0,0,0,0,0.18535122275352478,0,0,0,0,0,0,0,0,0.12241429835557938,0.10578832030296326,0,0,0,0,0,0.2369043529033661,0,0,0.4896295666694641,0.5738309621810913,0,0,0.22967463731765747,0.5474081635475159,0,0
Frustrated,0,0.5044887065887451,0.5974429845809937,0,0,0,0,0,0,0.10065207630395889,0.10670161247253418,0,0,0,0.13782085478305817,0.12008246034383774,0,0.24687562882900238,0.2706730365753174,0.45338213443756104,0.5563299655914307,0,0,0,0,0.18843013048171997,0,0,0,0,0,0,0,0,0.11987466365098953,0.10536567866802216,0,0,0,0,0,0.24123279750347137,0,0,0.4979742467403412,0.5816060304641724,0,0,0.2576259672641754,0.5906740427017212,0,0
Frustrated,0,0.5498740077018738,0.6242390871047974,0,0,0,0,0,0,0.10493630915880203,0.1148899644613266,0,0,0,0.13033808767795563,0.11249841004610062,0,0.23042933642864227,0.2554326355457306,0.45940032601356506,0.571825385093689,0,0,0,0,0.1710766702890396,0,0,0,0,0,0,0,0,0.11470052599906921,0.10150092095136642,0,0,0,0,0,0.2367752492427826,0,0,0.4766598045825958,0.563357949256897,0,0,0.25802648067474365,0.5920865535736084,0,0
Frustrated,0,0.5668332576751709,0.6365658044815063,0,0,0,0,0,0,0.10822166502475739,0.11229155957698822,0,0,0,0.1507287174463272,0.13579915463924408,0,0.2156219184398651,0.2392301708459854,0.438321053981781,0.5627462267875671,0,0,0,0,0.18191298842430115,0,0,0,0,0,0,0,0,0.11875502020120621,0.10607754439115524,0,0,0,0,0,0.23094743490219116,0,0,0.49051666259765625,0.5766186714172363,0,0,0.24150244891643524,0.5694451928138733,0,0
Frustrated,0,0.5915935635566711,0.6559299230575562,0,0,0,0,0,0,0.10489533841609955,0.10527074337005615,0,0,0,0.14505845308303833,0.12934264540672302,0,0.22059275209903717,0.24196551740169525,0.4209400713443756,0.5619272589683533,0,0,0,0,0.1584748774766922,0,0,0,0,0,0,0,0,0.1415031999349594,0.13170331716537476,0,0,0,0,0,0.21569722890853882,0,0,0.4826619625091553,0.5540722608566284,0,0,0.2785015106201172,0.6143221855163574,0,0
Frustrated,0,0.5896553993225098,0.6526107788085938,0,0,0,0,0,0,0.10525790601968765,0.10354309529066086,0,0,0,0.13635797798633575,0.1196649819612503,0,0.2119256556034088,0.2389632761478424,0.4295959174633026,0.5711365938186646,0,0,0,0,0.16608573496341705,0,0,0,0,0,0,0,0,0.12961049377918243,0.11088107526302338,0,0,0,0,0,0.23096391558647156,0,0,0.46665140986442566,0.5595017075538635,0,0,0.24946288764476776,0.5900825262069702,0,0
Frustrated,0,0.5534279346466064,0.6276576519012451,0,0,0,0,0,0,0.11200845241546631,0.10886619240045547,0,0,0,0.12266635149717331,0.10531261563301086,0,0.22735880315303802,0.25519585609436035,0.4408063292503357,0.5676865577697754,0,0,0,0,0.1794252246618271,0,0,0,0,0,0,0,0,0.13029147684574127,0.1159135028719902,0,0,0,0,0,0.2470552623271942,0,0,0.4919353425502777,0.5854227542877197,0,0,0.2418525367975235,0.5750314593315125,0,0
Frustrated,0,0.5682178139686584,0.62154221534729,0,0,0,0,0,0,0,0.10234788805246353,0,0,0,0.11567765474319458,0,0,0.1896938532590866,0.20464704930782318,0.4280320405960083,0.5412701368331909,0,0,0,0,0.16888365149497986,0,0,0,0,0,0,0,0,0.13269224762916565,0.12434244155883789,0,0,0,0,0,0.22951827943325043,0,0,0.5065975189208984,0.5798269510269165,0,0,0.2537475526332855,0.5805436372756958,0,0
Frustrated,0,0.5868586301803589,0.6372849941253662,0,0,0,0,0,0,0.1053033322095871,0.10439623892307281,0,0,0,0.15707415342330933,0.14226776361465454,0,0.1981153041124344,0.21844539046287537,0.4295026659965515,0.5481971502304077,0,0,0,0,0.18200838565826416,0,0,0,0,0,0,0,0,0.13291680812835693,0.12211096286773682,0,0,0,0,0,0.22401133179664612,0,0,0.4863278269767761,0.5634380578994751,0,0,0.26436328887939453,0.5994077324867249,0,0
Frustrated,0,0.5786113739013672,0.6346532106399536,0,0,0,0,0,0,0.10596464574337006,0.10615832358598709,0,0,0,0.1411929577589035,0.12565578520298004,0,0.20242786407470703,0.22314660251140594,0.43162861466407776,0.5565340518951416,0,0,0,0,0.16604222357273102,0,0,0,0,0,0,0,0,0.1333363652229309,0.12022799253463745,0,0,0,0,0,0.21676333248615265,0,0,0.46563586592674255,0.5593475103378296,0,0,0.28337931632995605,0.6295157670974731,0,0
Frustrated,0,0.6114030480384827,0.6661152243614197,0,0,0,0,0,0,0,0.10356088727712631,0,0,0,0.15650005638599396,0.139872744679451,0,0.2158094346523285,0.23617365956306458,0.44156011939048767,0.5586509704589844,0,0,0,0,0.16053150594234467,0,0,0,0,0,0,0,0,0.14395885169506073,0.12270837277173996,0,0,0,0,0,0.19766007363796234,0,0,0.4540674388408661,0.5665328502655029,0,0,0.28052395582199097,0.6425848007202148,0,0
Frustrated,0,0.6303278803825378,0.6633530855178833,0,0,0,0,0,0,0,0,0,0,0,0.16110897064208984,0.1468990594148636,0,0.19393503665924072,0.2054041028022766,0.44117510318756104,0.5445331335067749,0,0,0,0,0.16916942596435547,0,0,0,0,0,0,0,0,0.12812218070030212,0.10721889138221741,0,0,0,0,0,0.2058907002210617,0,0,0.47043919563293457,0.5810675621032715,0,0,0.258067786693573,0.6152403354644775,0,0
Frustrated,0,0.6266250610351562,0.6785889863967896,0,0,0,0,0,0,0.10655242204666138,0,0,0,0,0.14799080789089203,0.13267062604427338,0,0.20941996574401855,0.2356749325990677,0.45274075865745544,0.5891975164413452,0,0,0,0,0.1947542130947113,0,0,0,0,0,0,0,0,0.12605424225330353,0.11435485631227493,0,0,0,0,0,0.22835126519203186,0,0,0.47910553216934204,0.5740854740142822,0,0,0.25624996423721313,0.5957098603248596,0,0
Frustrated,0,0.618239164352417,0.6748886704444885,0,0,0,0,0,0,0.11140813678503036,0.10231837630271912,0,0,0,0.14221997559070587,0.12711626291275024,0,0.2125561535358429,0.2413295954465866,0.4353138208389282,0.5808634161949158,0,0,0,0,0.1844768077135086,0,0,0,0,0,0,0,0,0.12641353905200958,0.11347425729036331,0,0,0,0,0,0.22872556746006012,0,0,0.46976861357688904,0.5621047019958496,0,0,0.26055026054382324,0.6021328568458557,0,0
Frustrated,0,0.5746954679489136,0.6354049444198608,0,0,0,0,0,0,0.10941958427429199,0.10838079452514648,0,0,0,0.17466770112514496,0.15833617746829987,0,0.2283766269683838,0.25216561555862427,0.44345495104789734,0.5721435546875,0,0,0,0,0.18226918578147888,0,0,0,0,0,0,0,0,0.1324879378080368,0.12498739361763,0,0,0,0,0,0.2237364649772644,0,0,0.46738651394844055,0.550001859664917,0,0,0.2560652196407318,0.5952081680297852,0,0
Frustrated,0,0.60655677318573,0.6575868129730225,0,0,0,0,0,0,0,0,0,0,0,0.14047442376613617,0.12404609471559525,0,0.2165226936340332,0.2388812154531479,0.4367672801017761,0.5574480295181274,0,0,0,0,0.18992571532726288,0,0,0,0,0,0,0,0,0.13737811148166656,0.13004456460475922,0,0,0,0,0,0.21836932003498077,0,0,0.49917998909950256,0.5950754880905151,0,0,0.26823896169662476,0.6105538010597229,0,0
Frustrated,0,0.5889196991920471,0.651076078414917,0,0,0,0,0,0,0,0.10352125763893127,0,0,0,0.13938993215560913,0.12222767621278763,0,0.22020889818668365,0.23878362774848938,0.43564677238464355,0.5511956214904785,0,0,0,0,0.18155139684677124,0,0,0,0,0,0,0,0,0.14616945385932922,0.12723249197006226,0,0,0,0,0,0.23250867426395416,0,0,0.48058605194091797,0.5953695774078369,0,0,0.2567145526409149,0.604903519153595,0,0
Frustrated,0,0.6059725284576416,0.6619728803634644,0,0,0,0,0,0,0.11017206311225891,0.10725251585245132,0,0,0,0.14792655408382416,0.13284586369991302,0,0.20696555078029633,0.23212450742721558,0.43960899114608765,0.5728809833526611,0,0,0,0,0.19103533029556274,0,0,0,0,0,0,0,0,0.10868643969297409,0,0,0,0,0,0,0.2255697101354599,0,0,0.4948299527168274,0.5867335796356201,0,0,0.24330338835716248,0.5669732689857483,0,0
Frustrated,0,0.6653909683227539,0.7129095792770386,0,0,0,0,0,0,0,0,0,0,0,0.12764118611812592,0.11235620081424713,0,0.1794636845588684,0.19660070538520813,0.42688825726509094,0.5782033205032349,0,0,0,0,0.16727253794670105,0,0,0,0,0,0,0,0,0.11671501398086548,0.1018352061510086,0,0,0,0,0,0.19435447454452515,0,0,0.47818607091903687,0.5728263854980469,0.10870284587144852,0,0.23124976456165314,0.5784900188446045,0,0
Frustrated,0,0.6467462778091431,0.6946053504943848,0,0,0,0,0,0,0,0,0,0,0,0.11612500995397568,0.10113726556301117,0,0.20447686314582825,0.2311474084854126,0.4046049416065216,0.5723103880882263,0,0,0,0,0.16526338458061218,0,0,0,0,0,0,0,0,0.10620255023241043,0,0,0,0,0,0,0.1908583641052246,0,0,0.4903167486190796,0.5869840383529663,0,0,0.24152213335037231,0.5810085535049438,0,0
Frustrated,0,0.5816167593002319,0.6382777690887451,0,0,0,0,0,0,0.10645146667957306,0,0,0,0,0.14211085438728333,0.12633657455444336,0,0.2136853039264679,0.23982900381088257,0.41856834292411804,0.5647581815719604,0,0,0,0,0.16420230269432068,0,0,0,0,0,0,0,0,0.11300452798604965,0.10058707743883133,0,0,0,0,0,0.19522742927074432,0,0,0.4828930199146271,0.5625877380371094,0,0,0.2642117738723755,0.5898616313934326,0,0
Frustrated,0,0.5756478905677795,0.6299553513526917,0,0,0,0,0,0,0.10504775494337082,0.10397223383188248,0,0,0,0.15255996584892273,0.13688477873802185,0,0.19655916094779968,0.2205241322517395,0.4369458258152008,0.5754126310348511,0,0,0,0,0.17899975180625916,0,0,0,0,0,0,0,0,0.12125337868928909,0.10410275310277939,0,0,0,0,0,0.22941312193870544,0,0,0.4776960015296936,0.5695862174034119,0,0,0.24159786105155945,0.5759884119033813,0,0
Frustrated,0,0.577540397644043,0.6398676633834839,0,0,0,0,0,0,0.10979266464710236,0.11157404631376266,0,0,0,0.12984584271907806,0.11369913816452026,0,0.21079795062541962,0.23869577050209045,0.4436382055282593,0.5841999053955078,0,0,0,0,0.19729577004909515,0,0,0,0,0,0,0,0,0.12007302045822144,0.11403164267539978,0,0,0,0,0,0.2684849202632904,0,0,0.4927003085613251,0.5759473443031311,0,0,0.22536329925060272,0.553490400314331,0,0
Frustrated,0,0.5519872903823853,0.6284299492835999,0,0,0,0,0,0,0.10584264248609543,0.10480621457099915,0,0,0,0.14641991257667542,0.1310303956270218,0,0.21695008873939514,0.23856452107429504,0.44767308235168457,0.5637508630752563,0,0,0,0,0.19012992084026337,0,0,0,0,0,0,0,0,0.13939669728279114,0.12331537157297134,0,0,0,0,0,0.23849740624427795,0,0,0.47206857800483704,0.5712629556655884,0,0,0.2353750616312027,0.5864500999450684,0,0
Frustrated,0,0.5875917673110962,0.6467903852462769,0,0,0,0,0,0,0.1128699854016304,0.1030949056148529,0,0,0,0.12791059911251068,0.11172571778297424,0,0.20111653208732605,0.22768495976924896,0.42847609519958496,0.5701414346694946,0,0,0,0,0.18697741627693176,0,0,0,0,0,0,0,0,0.13974371552467346,0.12608414888381958,0,0,0,0,0,0.22604969143867493,0,0,0.48747536540031433,0.5800164937973022,0,0,0.24011656641960144,0.5808027982711792,0,0
Frustrated,0,0.5649839639663696,0.6303904056549072,0,0,0,0,0,0,0.1122739389538765,0.10505383461713791,0,0,0,0.13576439023017883,0.11911215633153915,0,0.20890739560127258,0.23508742451667786,0.43722209334373474,0.5640796422958374,0,0,0,0,0.19004637002944946,0,0,0,0,0,0,0,0,0.12573271989822388,0.11085042357444763,0,0,0,0,0,0.22933638095855713,0,0,0.4782507121562958,0.5674878358840942,0,0,0.2294108271598816,0.5608804225921631,0,0
Frustrated,0,0.5867725610733032,0.648492157459259,0,0,0,0,0,0,0.10433898866176605,0.10255313664674759,0,0,0,0.15186560153961182,0.13639499247074127,0,0.21062208712100983,0.23376531898975372,0.43743160367012024,0.5649179220199585,0,0,0,0,0.18977712094783783,0,0,0,0,0,0,0,0,0.1451331526041031,0.1305546760559082,0,0,0,0,0,0.2384108304977417,0,0,0.4785832464694977,0.5630855560302734,0,0,0.24519406259059906,0.5810436010360718,0,0
Frustrated,0,0.5820844769477844,0.6415166854858398,0,0,0,0,0,0,0,0,0,0,0,0.12082229554653168,0.10317791253328323,0,0.1976572871208191,0.22000887989997864,0.42273879051208496,0.5600339770317078,0,0,0,0,0.1676698923110962,0,0,0,0,0,0,0,0,0.12179107218980789,0.11799850314855576,0,0,0,0,0,0.23446591198444366,0,0,0.49824827909469604,0.5707689523696899,0,0,0.24313782155513763,0.5672589540481567,0,0
Frustrated,0,0.603005588054657,0.6475939750671387,0,0,0,0,0,0,0.10694645345211029,0.10406145453453064,0,0,0,0.15468953549861908,0.13902103900909424,0,0.1983921229839325,0.21921442449092865,0.44810500741004944,0.566838264465332,0,0,0,0,0.1777687519788742,0,0,0,0,0,0,0,0,0.13087579607963562,0.11980167776346207,0,0,0,0,0,0.23651359975337982,0,0,0.4664952754974365,0.556753933429718,0,0,0.2491351068019867,0.5975611209869385,0,0
Frustrated,0,0.619255781173706,0.6603354811668396,0,0,0,0,0,0,0.11372540891170502,0.10011623799800873,0,0,0,0.1511552780866623,0.1365201473236084,0,0.1915929764509201,0.21499638259410858,0.43783167004585266,0.5587520003318787,0,0,0,0,0.1799774169921875,0,0,0,0,0,0,0,0,0.12983855605125427,0.11368604004383087,0,0,0,0,0,0.22258713841438293,0,0,0.4783676862716675,0.5709307789802551,0,0,0.2529906630516052,0.5987862348556519,0,0
Frustrated,0,0.656134843826294,0.6984161138534546,0,0,0,0,0,0,0.11235856264829636,0,0,0,0,0.16535261273384094,0.15010474622249603,0,0.18332551419734955,0.20399411022663116,0.45391398668289185,0.5863069295883179,0,0,0,0,0.17822007834911346,0,0,0,0,0,0,0,0,0.10692468285560608,0,0,0,0,0,0,0.21130439639091492,0,0,0.48325780034065247,0.588655948638916,0,0,0.23008060455322266,0.5775294303894043,0,0
Frustrated,0,0.620140790939331,0.6640726327896118,0,0,0,0,0,0,0.11048151552677155,0.10392702370882034,0,0,0,0.1488913893699646,0.13350868225097656,0,0.19145983457565308,0.21284586191177368,0.4501373767852783,0.5824952125549316,0,0,0,0,0.17883165180683136,0,0,0,0,0,0,0,0,0.12442287057638168,0.1083945706486702,0,0,0,0,0,0.2102426290512085,0,0,0.4797711968421936,0.5753414630889893,0,0,0.23057973384857178,0.5624542236328125,0,0
Frustrated,0,0.620864987373352,0.6681970357894897,0,0,0,0,0,0,0.10510322451591492,0,0,0,0,0.12976939976215363,0.11467648297548294,0,0.19013185799121857,0.2132461667060852,0.4429081678390503,0.573760449886322,0,0,0,0,0.2042197436094284,0,0,0,0,0,0,0,0,0.11868900805711746,0.11164768040180206,0,0,0,0,0,0.24975445866584778,0,0,0.5003252029418945,0.6059777736663818,0,0,0.2149296998977661,0.5594543218612671,0,0
Frustrated,0,0.5820013284683228,0.647720217704773,0,0,0,0,0,0,0.11889908462762833,0.10527290403842926,0,0,0,0.14714646339416504,0.13118645548820496,0,0.20760543644428253,0.23484328389167786,0.43855348229408264,0.5664256811141968,0,0,0,0,0.18695759773254395,0,0,0,0,0,0,0,0,0.13279899954795837,0.1137290969491005,0,0,0,0,0,0.23129810392856598,0,0,0.46635425090789795,0.5691018104553223,0,0,0.2443639039993286,0.581863284111023,0,0
Frustrated,0,0.5903252363204956,0.6481093168258667,0,0,0,0,0,0,0.11575363576412201,0.11105677485466003,0,0,0,0.14062529802322388,0.1250840574502945,0,0.19324800372123718,0.21705986559391022,0.44668152928352356,0.5606924891471863,0,0,0,0,0.18464583158493042,0,0,0,0,0,0,0,0,0.114216648042202,0.10187391936779022,0,0,0,0,0,0.23495811223983765,0,0,0.4745481014251709,0.5647050142288208,0,0,0.23567931354045868,0.5840120315551758,0,0
Frustrated,0,0.5676664113998413,0.624686598777771,0,0,0,0,0,0,0.11946924030780792,0.11703672260046005,0,0,0,0.13981281220912933,0.12343677878379822,0,0.20833083987236023,0.23218782246112823,0.4365884065628052,0.5398075580596924,0,0,0,0,0.17845219373703003,0,0,0,0,0,0,0,0,0.12368378043174744,0.10533687472343445,0,0,0,0,0,0.23590409755706787,0,0,0.4699098765850067,0.553842306137085,0,0,0.23972858488559723,0.5693255662918091,0,0
Frustrated,0,0.5747582912445068,0.6431850790977478,0,0,0,0,0,0,0.10921134799718857,0.1027454361319542,0,0,0,0.13649466633796692,0.12064573913812637,0,0.20795075595378876,0.23484809696674347,0.40160781145095825,0.5547299385070801,0,0,0,0,0.17431184649467468,0,0,0,0,0,0,0,0,0.12562091648578644,0.11454537510871887,0,0,0,0,0,0.23964163661003113,0,0,0.4969896674156189,0.562106728553772,0,0,0.238828644156456,0.5740567445755005,0,0
Frustrated,0,0.6913853883743286,0.7211657762527466,0,0,0,0,0,0,0,0,0,0,0,0,0,0,0.15309903025627136,0.16875435411930084,0.45158836245536804,0.5802275538444519,0,0,0,0,0.18126074969768524,0,0,0,0,0,0,0,0,0.14890821278095245,0.15427814424037933,0,0,0,0,0,0.19500629603862762,0,0,0.4853632152080536,0.5748509168624878,0,0,0.21676860749721527,0.5497833490371704,0,0
Frustrated,0,0.581397294998169,0.6278525590896606,0,0,0,0,0,0,0.12577234208583832,0.11686531454324722,0,0,0,0.12190122902393341,0.1046978309750557,0,0.2018100619316101,0.22482559084892273,0.43658173084259033,0.5527875423431396,0,0,0,0,0.15686435997486115,0,0,0,0,0,0,0,0,0.12951241433620453,0.10815663635730743,0,0,0,0,0,0.21766971051692963,0,0,0.4733671545982361,0.579520583152771,0,0,0.2456473708152771,0.5939773917198181,0,0
Frustrated,0,0.6079007387161255,0.656873345375061,0,0,0,0,0,0,0.106218621134758,0.1032046377658844,0,0,0,0.13946978747844696,0.12219732999801636,0,0.1910191923379898,0.21202094852924347,0.44325220584869385,0.5711358189582825,0,0,0,0,0.15832938253879547,0,0,0,0,0,0,0,0,0.1260419338941574,0.11624803394079208,0,0,0,0,0,0.19952131807804108,0,0,0.4916571080684662,0.5883078575134277,0,0,0.2936870753765106,0.6350632905960083,0,0
Frustrated,0,0.5167466998100281,0.6022904515266418,0,0,0,0,0,0,0,0.10639399290084839,0,0,0,0,0,0,0.21105436980724335,0.22299379110336304,0.45205292105674744,0.5146647095680237,0,0,0,0,0.16566912829875946,0,0,0,0,0,0,0,0,0.13746033608913422,0.12724751234054565,0,0,0,0,0,0.2574179768562317,0,0,0.48551490902900696,0.5842926502227783,0,0,0.254870742559433,0.5767825245857239,0,0
Frustrated,0,0.560600996017456,0.6282553672790527,0,0,0,0,0,0,0,0,0,0,0,0.1241576075553894,0.10953173041343689,0,0.2034977525472641,0.2223396748304367,0.45368123054504395,0.5510532855987549,0,0,0,0,0.163511261343956,0,0,0,0,0,0,0,0,0.13475826382637024,0.12285558134317398,0,0,0,0,0,0.23663261532783508,0,0,0.48822417855262756,0.5873079299926758,0,0,0.28329527378082275,0.6172672510147095,0,0
Frustrated,0,0.5709598064422607,0.6483404636383057,0,0,0,0,0,0,0.1182536631822586,0.10421136766672134,0,0,0,0.1449090540409088,0.12830035388469696,0,0.20032818615436554,0.22545036673545837,0.463076651096344,0.5781782269477844,0,0,0,0,0.1780557483434677,0,0,0,0,0,0,0,0,0.10933946073055267,0.1118040680885315,0,0,0,0,0,0.2740807831287384,0,0,0.4798584580421448,0.5565394759178162,0,0,0.25585177540779114,0.5856978297233582,0,0
Frustrated,0,0.4928841292858124,0.5673625469207764,0,0,0,0,0,0,0,0,0,0,0,0.10556673258543015,0,0,0.21040497720241547,0.22067399322986603,0.48076504468917847,0.5488573312759399,0,0,0,0,0.16865383088588715,0,0,0,0,0,0,0,0,0.16579203307628632,0.15808138251304626,0,0,0,0,0,0.29012531042099,0,0,0.46537455916404724,0.5250943899154663,0,0,0.2849753499031067,0.6013203263282776,0,0
Frustrated,0,0.5862011909484863,0.6308308839797974,0,0,0,0,0,0,0,0.10283757001161575,0,0,0,0.1292039304971695,0.1153663620352745,0,0.19537362456321716,0.21610350906848907,0.461076945066452,0.5680081844329834,0,0,0,0,0.18691271543502808,0,0,0,0,0,0,0,0,0.1426510512828827,0.12560756504535675,0,0,0,0,0,0.24404610693454742,0,0,0.4692172110080719,0.5633960366249084,0.11959002166986465,0,0.24811235070228577,0.5250657796859741,0,0
Frustrated,0,0.6310189962387085,0.6660745143890381,0,0,0,0,0,0,0,0,0,0,0,0.12431016564369202,0.1082734540104866,0,0.1677437424659729,0.18645347654819489,0.44262203574180603,0.5756229162216187,0,0,0,0,0.17751267552375793,0,0,0,0,0,0,0,0,0.15456929802894592,0.14927072823047638,0,0,0,0,0,0.2345435917377472,0,0,0.5204479694366455,0.5996010303497314,0,0,0.26174864172935486,0.5856665372848511,0,0
Frustrated,0,0.6092177629470825,0.6546076536178589,0,0,0,0,0,0,0.1042618528008461,0,0,0,0,0.14793018996715546,0.13165561854839325,0,0.1860247552394867,0.21086518466472626,0.44268935918807983,0.5793825387954712,0,0,0,0,0.1615435630083084,0,0,0,0,0,0,0,0,0.11086952686309814,0.11631932109594345,0,0,0,0,0,0.18330848217010498,0,0,0.5111284255981445,0.5727081298828125,0,0,0.3039552867412567,0.6182831525802612,0,0
Frustrated,0,0.44691768288612366,0.5383802652359009,0,0,0,0,0,0,0,0,0,0,0,0.10990942269563675,0,0,0.22456373274326324,0.23457753658294678,0.4874250888824463,0.5756875276565552,0,0,0,0,0.2022785246372223,0,0,0,0,0,0,0,0,0.12057450413703918,0.14381323754787445,0,0,0,0,0,0.3573305010795593,0,0,0.5684530735015869,0.6153383851051331,0,0,0.20302839577198029,0.5006704330444336,0,0
Frustrated,0,0.5509551763534546,0.6251887083053589,0,0,0,0,0,0,0,0,0,0,0,0.126054048538208,0.10971594601869583,0,0.19847999513149261,0.21320848166942596,0.44978392124176025,0.5580539703369141,0,0,0,0,0.21337662637233734,0,0,0,0,0,0,0,0,0.12310102581977844,0.13542062044143677,0,0,0,0,0,0.28898441791534424,0,0,0.5184639692306519,0.5765514373779297,0,0,0.21098211407661438,0.5309669971466064,0,0
Frustrated,0,0.49268269538879395,0.5613086223602295,0,0,0,0,0,0,0,0.10486496239900589,0,0,0,0.15751264989376068,0.1419544219970703,0,0.2108927220106125,0.2274993658065796,0.4423270523548126,0.5677587985992432,0,0,0,0,0.171885684132576,0,0,0,0,0,0,0,0,0.16529713571071625,0.16125960648059845,0,0,0,0,0,0.24277392029762268,0,0,0.49827030301094055,0.5714724063873291,0,0,0.3194502592086792,0.6627093553543091,0,0
Frustrated,0,0.5907247066497803,0.6498223543167114,0,0,0,0,0,0,0,0,0,0,0,0.11220837384462357,0,0,0.16359347105026245,0.17281974852085114,0.4330494999885559,0.553293764591217,0,0,0,0,0.1642487794160843,0,0,0,0,0,0,0,0,0.15218667685985565,0.1659112274646759,0,0,0,0,0,0.24457888305187225,0,0,0.5372214317321777,0.598048746585846,0,0,0.2681596577167511,0.5858697891235352,0,0
Frustrated,0,0.6178057193756104,0.6539748907089233,0,0,0,0,0,0,0,0,0,0,0,0.1297260969877243,0.11623577028512955,0,0.13870754837989807,0.14083243906497955,0.43861544132232666,0.5184096097946167,0,0,0,0,0.15546084940433502,0,0,0,0,0,0,0,0,0.1758325695991516,0.1601683795452118,0,0,0,0,0,0.23326484858989716,0,0,0.4866311252117157,0.5947952270507812,0,0,0.2723398506641388,0.6261425614356995,0,0
Frustrated,0,0.5811890363693237,0.625512957572937,0,0,0,0,0,0,0,0,0,0,0,0.15140630304813385,0.13626086711883545,0,0.17457221448421478,0.18706762790679932,0.43476158380508423,0.5427629351615906,0,0,0,0,0.1456604152917862,0,0,0,0,0,0,0,0,0.19377043843269348,0.1832086145877838,0,0,0,0,0,0.23256660997867584,0,0,0.4520845115184784,0.5555638074874878,0,0,0.30283719301223755,0.6698324084281921,0,0
Frustrated,0,0.6090400815010071,0.6319097876548767,0,0,0,0,0,0,0,0,0,0,0,0.1206803098320961,0.10343728959560394,0,0.14891338348388672,0.1552053838968277,0.45355620980262756,0.5286465883255005,0,0,0,0,0.16185201704502106,0,0,0,0,0,0,0,0,0.16570480167865753,0.13802757859230042,0,0,0,0,0,0.21830293536186218,0,0,0.4737234115600586,0.5926176309585571,0,0,0.2533054053783417,0.6035574674606323,0,0
Frustrated,0,0.5830464363098145,0.6150166988372803,0,0,0,0,0,0,0,0,0,0,0,0.1358402818441391,0.11519002169370651,0,0.16135254502296448,0.17412172257900238,0.42999956011772156,0.5538626909255981,0,0,0,0,0.14709605276584625,0,0,0,0,0,0,0,0,0.18477338552474976,0.16752506792545319,0,0,0,0,0,0.21178923547267914,0,0,0.45719149708747864,0.5596133470535278,0,0,0.2898700535297394,0.6344884037971497,0,0
Frustrated,0,0.5810333490371704,0.6157906651496887,0,0,0,0,0,0,0.10768666118383408,0.10692419111728668,0,0,0,0.15101397037506104,0.13651810586452484,0,0.18368782103061676,0.19834724068641663,0.4243440628051758,0.5441139936447144,0,0,0,0,0.14243006706237793,0,0,0,0,0,0,0,0,0.17391933500766754,0.1555168479681015,0,0,0,0,0,0.20035900175571442,0,0,0.4363340139389038,0.51795494556427,0,0,0.3117648959159851,0.6649172306060791,0,0
Frustrated,0,0.6333673596382141,0.6645371913909912,0,0,0,0,0,0,0,0,0,0,0,0.1507112681865692,0.13530473411083221,0,0.18283423781394958,0.2033134251832962,0.4311578571796417,0.5760225057601929,0,0,0,0,0.15396997332572937,0,0,0,0,0,0,0,0,0.14790742099285126,0.13687480986118317,0,0,0,0,0,0.2213323414325714,0,0,0.5026114583015442,0.5943219661712646,0,0,0.28276327252388,0.6333835124969482,0,0
Frustrated,0,0.5994267463684082,0.6441748738288879,0,0,0,0,0,0,0,0,0,0,0,0.14254991710186005,0.12661659717559814,0,0.17070356011390686,0.1916521042585373,0.4117770493030548,0.5800523161888123,0,0,0,0,0.16220644116401672,0,0,0,0,0,0,0,0,0.1425183117389679,0.12737973034381866,0,0,0,0,0,0.19127020239830017,0,0,0.47768059372901917,0.5731818079948425,0,0,0.2770015001296997,0.6276936531066895,0,0
Frustrated,0,0.5774543285369873,0.6329140663146973,0,0,0,0,0,0,0,0,0,0,0,0.13356386125087738,0.11866533011198044,0,0.18780627846717834,0.20242922008037567,0.42903029918670654,0.5568732619285583,0,0,0,0,0.19427905976772308,0,0,0,0,0,0,0,0,0.1590893417596817,0.1590021699666977,0,0,0,0,0,0.2511303722858429,0,0,0.5305192470550537,0.6410634517669678,0,0,0.27903035283088684,0.6364970803260803,0,0
Frustrated,0,0.5607337951660156,0.6235662698745728,0,0,0,0,0,0,0,0,0,0,0,0.12588655948638916,0.10795468091964722,0,0.20404985547065735,0.2238277792930603,0.44405922293663025,0.562757134437561,0,0,0,0,0.18179519474506378,0,0,0,0,0,0,0,0,0.15076997876167297,0.1362268477678299,0,0,0,0,0,0.24062108993530273,0,0,0.4995429217815399,0.6159986853599548,0,0,0.2697522044181824,0.6307795643806458,0,0
Frustrated,0,0.57915860414505,0.6363908648490906,0,0,0,0,0,0,0.11251579225063324,0.10275430977344513,0,0,0,0.13017243146896362,0.1125655248761177,0,0.21297918260097504,0.23621916770935059,0.46000030636787415,0.564578652381897,0,0,0,0,0.17909863591194153,0,0,0,0,0,0,0,0,0.12747325003147125,0.11479057371616364,0,0,0,0,0,0.22079551219940186,0,0,0.49206310510635376,0.5766449570655823,0,0,0.28032228350639343,0.611129105091095,0,0
Frustrated,0,0.5940841436386108,0.6505447030067444,0,0,0,0,0,0,0.10257106274366379,0.10151199251413345,0,0,0,0.14463914930820465,0.1285565346479416,0,0.19480283558368683,0.2196083515882492,0.427411288022995,0.5718159079551697,0,0,0,0,0.16964805126190186,0,0,0,0,0,0,0,0,0.13466185331344604,0.12251946330070496,0,0,0,0,0,0.21649643778800964,0,0,0.491782009601593,0.5648685693740845,0,0,0.2565877437591553,0.5865062475204468,0,0
Frustrated,0,0.64165198802948,0.6845887899398804,0,0,0,0,0,0,0.11405978351831436,0,0,0,0,0.146158367395401,0.12953084707260132,0,0.17683492600917816,0.1964811235666275,0.4549524784088135,0.5771708488464355,0,0,0,0,0.15800262987613678,0,0,0,0,0,0,0,0,0.1367492377758026,0.1360406130552292,0,0,0,0,0,0.21953053772449493,0,0,0.49428585171699524,0.563623309135437,0,0,0.29050320386886597,0.6189676523208618,0,0
Frustrated,0,0.624433159828186,0.6611056327819824,0,0,0,0,0,0,0,0,0,0,0,0.12324025481939316,0.10641632229089737,0,0.1683555692434311,0.17885395884513855,0.4442348778247833,0.5505125522613525,0,0,0,0,0.1493641585111618,0,0,0,0,0,0,0,0,0.16167952120304108,0.15487626194953918,0,0,0,0,0,0.19063299894332886,0,0,0.4857200086116791,0.5703443288803101,0,0,0.3012721538543701,0.6375830173492432,0,0
Frustrated,0,0.6256393194198608,0.6728509664535522,0,0,0,0,0,0,0,0,0,0,0,0.13544809818267822,0.11864975839853287,0,0.18300431966781616,0.20848265290260315,0.4271381199359894,0.5824123620986938,0,0,0,0,0.17297326028347015,0,0,0,0,0,0,0,0,0.14091801643371582,0.13415327668190002,0,0,0,0,0,0.1961715668439865,0,0,0.4892236590385437,0.5811396241188049,0,0,0.2782471477985382,0.6176352500915527,0,0
Frustrated,0,0.6233212351799011,0.671047568321228,0,0,0,0,0,0,0,0,0,0,0,0.14177614450454712,0.12383588403463364,0,0.17736941576004028,0.19958405196666718,0.40549683570861816,0.5862438082695007,0,0,0,0,0.16024179756641388,0,0,0,0,0,0,0,0,0.1860775649547577,0.186693012714386,0,0,0,0,0,0.2554398775100708,0,0,0.48452305793762207,0.5631210803985596,0.10034375637769699,0,0.31492647528648376,0.6430634260177612,0,0
Frustrated,0,0.6345207691192627,0.6732349395751953,0,0,0,0,0,0,0,0,0,0,0,0.11808449029922485,0.10249939560890198,0,0.17363497614860535,0.1955621987581253,0.40302354097366333,0.575441837310791,0,0,0,0,0.15281572937965393,0,0,0,0,0,0,0,0,0.16914518177509308,0.14988887310028076,0,0,0,0,0,0.20251935720443726,0,0,0.4546855092048645,0.570594072341919,0.11052926629781723,0,0.27868083119392395,0.643601655960083,0,0
Frustrated,0,0.6503684520721436,0.6923338174819946,0,0,0,0,0,0,0,0,0,0,0,0.11945661902427673,0.10653066635131836,0,0.15400514006614685,0.16504697501659393,0.4320485591888428,0.5595574378967285,0,0,0,0,0.14674131572246552,0,0,0,0,0,0,0,0,0.1447053998708725,0.12731419503688812,0,0,0,0,0,0.18450868129730225,0,0,0.4858672618865967,0.5922197103500366,0,0,0.2839829623699188,0.6338237524032593,0,0
Frustrated,0,0.6627182960510254,0.6919074058532715,0,0,0,0,0,0,0,0,0,0,0,0.10740707069635391,0,0,0.17997108399868011,0.19611093401908875,0.4304310083389282,0.5733531713485718,0,0,0,0,0.1639585644006729,0,0,0,0,0,0,0,0,0.13051898777484894,0.11131369322538376,0,0,0,0,0,0.1651853770017624,0,0,0.4941505491733551,0.5982103943824768,0,0,0.27423956990242004,0.6381268501281738,0,0
Frustrated,0,0.6404638290405273,0.6667071580886841,0,0,0,0,0,0,0,0,0,0,0,0.1541479378938675,0.13827373087406158,0,0.16837258636951447,0.18237827718257904,0.44281503558158875,0.586441159248352,0,0,0,0,0.15565194189548492,0,0,0,0,0,0,0,0,0.1529736965894699,0.1390293687582016,0,0,0,0,0,0.20797477662563324,0,0,0.4514271914958954,0.5491061210632324,0.11066275835037231,0,0.2854604125022888,0.6579561233520508,0,0
Frustrated,0,0.6178038120269775,0.6467404365539551,0,0,0,0,0,0,0,0,0,0,0,0.12922115623950958,0.11184055358171463,0,0.18176588416099548,0.19790872931480408,0.4401451051235199,0.5805961489677429,0,0,0,0,0.14891277253627777,0,0,0,0,0,0,0,0,0.15885068476200104,0.1446065902709961,0,0,0,0,0,0.21343646943569183,0,0,0.45928630232810974,0.5453425645828247,0.11198849976062775,0,0.27397626638412476,0.6397185921669006,0,0
Frustrated,0,0.6524032950401306,0.672184944152832,0,0,0,0,0,0,0,0,0,0,0,0.12059793621301651,0.10871439427137375,0,0.1821419894695282,0.1963508278131485,0.39764830470085144,0.5711666345596313,0,0,0,0,0.1800021380186081,0,0,0,0,0,0,0,0,0.14383582770824432,0.13513575494289398,0,0,0,0,0,0.22685033082962036,0,0,0.5138683915138245,0.6060469150543213,0,0,0.25052446126937866,0.6052405834197998,0,0
Frustrated,0,0.6189320683479309,0.6575719118118286,0,0,0,0,0,0,0,0,0,0,0,0.14411425590515137,0.12835919857025146,0,0.18902738392353058,0.20208339393138885,0.44087091088294983,0.5758590698242188,0,0,0,0,0.172526553273201,0,0,0,0,0,0,0,0,0.1639905571937561,0.14872263371944427,0,0,0,0,0,0.2502955198287964,0,0,0.48872095346450806,0.5804218053817749,0.11104978621006012,0,0.2514357566833496,0.6135286688804626,0,0
Frustrated,0,0.5652385950088501,0.5908161401748657,0,0,0,0,0,0,0,0.10817163437604904,0,0,0,0.11950512230396271,0.10737141966819763,0,0.18384386599063873,0.19600993394851685,0.42556318640708923,0.5197579860687256,0,0,0,0,0.166792094707489,0,0,0,0,0,0,0,0,0.13213467597961426,0.12480618059635162,0,0,0,0,0,0.23113326728343964,0,0,0.5136538743972778,0.5522990822792053,0,0,0.24614734947681427,0.5539923906326294,0,0
Frustrated,0,0.5877581238746643,0.626847505569458,0,0,0,0,0,0,0,0.11100415140390396,0,0,0,0,0,0,0.17085039615631104,0.17851634323596954,0.446163535118103,0.5410906076431274,0,0,0,0,0.15772399306297302,0,0,0,0,0,0,0,0,0.12203214317560196,0.12039434909820557,0,0,0,0,0,0.20784173905849457,0,0,0.5077565908432007,0.5595866441726685,0,0,0.279251366853714,0.5899733304977417,0,0
Frustrated,0,0.5781595706939697,0.6224863529205322,0,0,0,0,0,0,0.10051260143518448,0.10647804290056229,0,0,0,0.14355312287807465,0.12396033853292465,0,0.1839679777622223,0.20139014720916748,0.450020432472229,0.5803000926971436,0,0,0,0,0.14795014262199402,0,0,0,0,0,0,0,0,0.14875680208206177,0.14001193642616272,0,0,0,0,0,0.20454007387161255,0,0,0.4960213899612427,0.5528497099876404,0.10618257522583008,0,0.27351754903793335,0.6142904758453369,0,0
Frustrated,0,0.6010846495628357,0.6496211290359497,0,0,0,0,0,0,0,0,0,0,0,0.12831124663352966,0.10697747021913528,0,0.15685643255710602,0.17520517110824585,0.4154791235923767,0.5825881958007812,0,0,0,0,0.15685337781906128,0,0,0,0,0,0,0,0,0.16374021768569946,0.15855033695697784,0,0,0,0,0,0.19881190359592438,0,0,0.48670482635498047,0.5723006725311279,0.10568065196275711,0,0.2869066894054413,0.6532102823257446,0,0
Frustrated,0,0.5330988168716431,0.5907855033874512,0,0,0,0,0,0,0.102964386343956,0.11440654844045639,0,0,0,0.16099004447460175,0.144282728433609,0,0.193209707736969,0.20358476042747498,0.46522992849349976,0.5758563280105591,0,0,0,0,0.16375288367271423,0,0,0,0,0,0,0,0,0.1783478856086731,0.17280657589435577,0,0,0,0,0,0.24617737531661987,0,0,0.5130628347396851,0.5762183666229248,0.11076395213603973,0,0.2830997407436371,0.637976884841919,0,0
Frustrated,0,0.5926319360733032,0.6423916816711426,0,0,0,0,0,0,0,0,0,0,0,0.1384095549583435,0.12104525417089462,0,0.17991691827774048,0.19915445148944855,0.4346613883972168,0.5763506889343262,0,0,0,0,0.15624825656414032,0,0,0,0,0,0,0,0,0.1491442322731018,0.14246003329753876,0,0,0,0,0,0.20406755805015564,0,0,0.49681034684181213,0.5763586759567261,0,0,0.297259122133255,0.6485776901245117,0,0
Frustrated,0,0.5638023018836975,0.6197998523712158,0,0,0,0,0,0,0,0,0,0,0,0.1309145987033844,0.11006933450698853,0,0.17070595920085907,0.19170218706130981,0.39636772871017456,0.559375524520874,0,0,0,0,0.17007434368133545,0,0,0,0,0,0,0,0,0.15005557239055634,0.13847434520721436,0,0,0,0,0,0.2214435189962387,0,0,0.5046184062957764,0.5966664552688599,0,0,0.26080581545829773,0.6083133220672607,0,0
Frustrated,0,0.6021497249603271,0.6425416469573975,0,0,0,0,0,0,0.10441341251134872,0.10326531529426575,0,0,0,0.14379851520061493,0.12596209347248077,0,0.1894066482782364,0.20984885096549988,0.44228196144104004,0.5656437277793884,0,0,0,0,0.15627449750900269,0,0,0,0,0,0,0,0,0.13231077790260315,0.12710344791412354,0,0,0,0,0,0.23614975810050964,0,0,0.5235077142715454,0.6150972247123718,0,0,0.3028505742549896,0.6381545066833496,0,0
Frustrated,0,0.4761779308319092,0.571195662021637,0,0,0,0,0,0,0,0,0,0,0,0.12155178189277649,0.10604497045278549,0,0.20235353708267212,0.21289655566215515,0.4874645471572876,0.5367107391357422,0,0,0,0,0.164354145526886,0,0,0,0,0,0,0,0,0.17582710087299347,0.17705921828746796,0,0,0,0,0,0.2310248464345932,0,0,0.5220101475715637,0.5882498025894165,0,0,0.25805577635765076,0.5804430842399597,0,0
Frustrated,0,0.557386040687561,0.6319950819015503,0,0,0,0,0,0,0,0.10107649117708206,0,0,0,0.1360950618982315,0.12226127088069916,0,0.18108054995536804,0.17537453770637512,0.5048489570617676,0.5047950744628906,0,0,0,0,0.1287795901298523,0,0,0,0,0,0,0,0,0.19461733102798462,0.20930956304073334,0,0,0,0,0,0.28197866678237915,0,0,0.5199298858642578,0.6072002649307251,0,0,0.27560120820999146,0.6129896640777588,0,0
Frustrated,0,0.5352218151092529,0.6014527678489685,0,0,0,0,0,0,0,0,0,0,0,0.15042775869369507,0.13690944015979767,0,0.21277105808258057,0.21711283922195435,0.4681326448917389,0.5227331519126892,0,0,0,0,0.1469457894563675,0,0,0,0,0,0,0,0,0.17817330360412598,0.18761494755744934,0,0,0,0,0,0.27153143286705017,0,0,0.5344222784042358,0.6040979623794556,0,0,0.3106463849544525,0.6289249658584595,0,0
Frustrated,0,0.43316569924354553,0.5187461376190186,0,0,0,0,0,0,0,0.10714167356491089,0,0,0,0.10056203603744507,0,0,0.21679410338401794,0.22273318469524384,0.539300799369812,0.595605194568634,0,0,0,0,0.2043742537498474,0,0,0,0,0,0,0,0,0.16321878135204315,0.20668929815292358,0,0,0,0,0,0.4650043249130249,0,0,0.602949857711792,0.6656147837638855,0,0,0.26048240065574646,0.5959667563438416,0,0
Frustrated,0,0.5186927914619446,0.576905369758606,0,0,0,0,0,0,0,0.1005321517586708,0,0,0,0.12756498157978058,0.10741481930017471,0,0.15400418639183044,0.15236391127109528,0.44625207781791687,0.5011880993843079,0,0,0,0,0.1390611082315445,0,0,0,0,0,0,0,0,0.20530109107494354,0.19475966691970825,0,0,0,0,0,0.23897811770439148,0,0,0.4503600001335144,0.5549894571304321,0.10584862530231476,0,0.306347131729126,0.656183123588562,0,0
Frustrated,0,0.5414843559265137,0.6059592962265015,0,0,0,0,0,0,0,0,0,0,0,0.14184629917144775,0.11953780055046082,0,0.17605061829090118,0.1924215704202652,0.4114299714565277,0.5463079214096069,0,0,0,0,0.13068728148937225,0,0,0,0,0,0,0,0,0.16903699934482574,0.16622686386108398,0,0,0,0,0,0.21667508780956268,0,0,0.499362051486969,0.6171303987503052,0.10651032626628876,0,0.31383010745048523,0.6657372713088989,0,0
Frustrated,0,0.6492553949356079,0.6769248843193054,0,0,0,0,0,0,0,0,0,0,0,0.13846027851104736,0.12032902985811234,0,0.1620500683784485,0.17414532601833344,0.4705581068992615,0.5581278800964355,0,0,0,0,0.13402511179447174,0,0,0,0,0,0,0,0,0.16128860414028168,0.16568085551261902,0,0,0,0,0,0.17867182195186615,0,0,0.4776809811592102,0.5602426528930664,0,0,0.359718382358551,0.6926645040512085,0,0
Frustrated,0,0.6053345799446106,0.650995135307312,0,0,0,0,0,0,0,0,0,0,0,0.13713213801383972,0.1200367733836174,0,0.1549542248249054,0.16434963047504425,0.43853724002838135,0.5378127098083496,0,0,0,0,0.13719825446605682,0,0,0,0,0,0,0,0,0.1465509980916977,0.14689065515995026,0,0,0,0,0,0.20795859396457672,0,0,0.48371338844299316,0.5664651393890381,0,0,0.323746919631958,0.6536110639572144,0,0
Frustrated,0,0.5622352361679077,0.6297633647918701,0,0,0,0,0,0,0,0,0,0,0,0.10862231254577637,0,0,0.19682340323925018,0.20267707109451294,0.4932553470134735,0.5458894371986389,0,0,0,0,0.18320785462856293,0,0,0,0,0,0,0,0,0.13651107251644135,0.14307622611522675,0,0,0,0,0,0.32747727632522583,0,0,0.5452053546905518,0.6364949345588684,0,0,0.2729414105415344,0.6151547431945801,0,0
Frustrated,0,0.5609314441680908,0.6106020212173462,0,0,0,0,0,0,0,0,0,0,0,0.1301180124282837,0.11075406521558762,0,0.2037108838558197,0.20587199926376343,0.4561323821544647,0.5350738763809204,0,0,0,0,0.2042447328567505,0,0,0,0,0,0,0,0,0.17082318663597107,0.17840144038200378,0,0,0,0,0,0.2853882610797882,0,0,0.550460159778595,0.6575377583503723,0,0,0.26828429102897644,0.6332422494888306,0,0
Frustrated,0,0.6186612844467163,0.6601479053497314,0,0,0,0,0,0,0,0,0,0,0,0.14822232723236084,0.13225339353084564,0,0.17563554644584656,0.19164517521858215,0.43060043454170227,0.5561157464981079,0,0,0,0,0.15464526414871216,0,0,0,0,0,0,0,0,0.14571712911128998,0.1359443962574005,0,0,0,0,0,0.21550875902175903,0,0,0.46516767144203186,0.5764681100845337,0,0,0.28563192486763,0.6484313607215881,0,0
Frustrated,0,0.6233832836151123,0.6679485440254211,0,0,0,0,0,0,0,0,0,0,0,0.1458880752325058,0.12970127165317535,0,0.16029955446720123,0.1717132180929184,0.4270189702510834,0.5311753153800964,0,0,0,0,0.13345034420490265,0,0,0,0,0,0,0,0,0.17991884052753448,0.1640285700559616,0,0,0,0,0,0.21433892846107483,0,0,0.4724957048892975,0.5735741853713989,0,0,0.2983037531375885,0.6575095653533936,0,0
Frustrated,0,0.6791547536849976,0.7042489051818848,0,0,0,0,0,0,0.1062755212187767,0,0,0,0,0,0,0,0.14404189586639404,0.15828637778759003,0.4471324384212494,0.5453605055809021,0,0,0,0,0.14526547491550446,0,0,0,0,0,0,0,0,0.1537758857011795,0.12835200130939484,0,0,0,0,0,0.1956692636013031,0,0,0.47165361046791077,0.5803550481796265,0,0,0.23457977175712585,0.5864471793174744,0,0
Frustrated,0,0.6318961381912231,0.6730784177780151,0,0,0,0,0,0,0,0,0,0,0,0.1406177282333374,0.12484270334243774,0,0.18141011893749237,0.20018163323402405,0.42586466670036316,0.565494954586029,0,0,0,0,0.1502894014120102,0,0,0,0,0,0,0,0,0.15237653255462646,0.1316683143377304,0,0,0,0,0,0.19980044662952423,0,0,0.45979270339012146,0.5668530464172363,0,0,0.29606300592422485,0.6486306190490723,0,0
Frustrated,0,0.5961074233055115,0.653801441192627,0,0,0,0,0,0,0,0,0,0,0,0.13334229588508606,0.1169932633638382,0,0.19745229184627533,0.22189950942993164,0.43897393345832825,0.5812346935272217,0,0,0,0,0.16509249806404114,0,0,0,0,0,0,0,0,0.1415659636259079,0.12242327630519867,0,0,0,0,0,0.22112125158309937,0,0,0.49045395851135254,0.5930789709091187,0,0,0.28717541694641113,0.626259982585907,0,0
Frustrated,0,0.5988578200340271,0.6579908132553101,0,0,0,0,0,0,0.10969382524490356,0,0,0,0,0.14085806906223297,0.12477703392505646,0,0.20442768931388855,0.23503348231315613,0.4395126402378082,0.5894142389297485,0,0,0,0,0.16541731357574463,0,0,0,0,0,0,0,0,0.12069033831357956,0.1073339506983757,0,0,0,0,0,0.2152269184589386,0,0,0.48081454634666443,0.5685464143753052,0,0,0.28462669253349304,0.6172949075698853,0,0
Frustrated,0,0.5716166496276855,0.6377452611923218,0,0,0,0,0,0,0.11256705224514008,0.10470379889011383,0,0,0,0.1284576952457428,0.11215627938508987,0,0.2054697424173355,0.23370175063610077,0.44144514203071594,0.5745853185653687,0,0,0,0,0.16109006106853485,0,0,0,0,0,0,0,0,0.13385799527168274,0.11795086413621902,0,0,0,0,0,0.24247907102108002,0,0,0.4692959785461426,0.544432520866394,0,0,0.2687133550643921,0.580783486366272,0,0
Frustrated,0,0.5686492919921875,0.6397873163223267,0,0,0,0,0,0,0.10381421446800232,0,0,0,0,0.1209116131067276,0.10579334944486618,0,0.22142000496387482,0.2538638412952423,0.44339263439178467,0.5890370607376099,0,0,0,0,0.17835098505020142,0,0,0,0,0,0,0,0,0,0,0,0,0,0,0,0.23752497136592865,0,0,0.5211455225944519,0.5908633470535278,0,0,0.2476775199174881,0.5430020093917847,0,0
Frustrated,0,0.5131711959838867,0.5911709666252136,0,0,0,0,0,0,0,0,0,0,0,0,0,0,0.23747487366199493,0.25986966490745544,0.46098849177360535,0.5721161365509033,0,0,0,0,0.19242407381534576,0,0,0,0,0,0,0,0,0.126259446144104,0.1250566691160202,0,0,0,0,0,0.3135548233985901,0,0,0.5213037133216858,0.6003602743148804,0,0,0.24767816066741943,0.5527803301811218,0,0
Frustrated,0,0.6038050651550293,0.6611161828041077,0,0,0,0,0,0,0.10513413697481155,0.10051503777503967,0,0,0,0.1355467438697815,0.11930764466524124,0,0.20942915976047516,0.2369435429573059,0.4505658745765686,0.5509494543075562,0,0,0,0,0.18074248731136322,0,0,0,0,0,0,0,0,0.10100199282169342,0,0,0,0,0,0,0.19942867755889893,0,0,0.4871808588504791,0.5550621747970581,0,0,0.24350596964359283,0.557589054107666,0,0
Frustrated,0,0.5387150645256042,0.6193863749504089,0,0,0,0,0,0,0.12061291188001633,0.11307418346405029,0,0,0,0.13332900404930115,0.11213234066963196,0,0.24369725584983826,0.2723766565322876,0.4885413944721222,0.5698981285095215,0,0,0,0,0.17078305780887604,0,0,0,0,0,0,0,0,0.120364248752594,0.11772017925977707,0,0,0,0,0,0.2118919938802719,0,0,0.5059683918952942,0.576051652431488,0,0,0.29595309495925903,0.6171671152114868,0,0
Frustrated,0,0.539869487285614,0.6112470626831055,0,0,0,0,0,0,0.1178540363907814,0.11256489157676697,0,0,0,0.1403050571680069,0.12127837538719177,0,0.2321345955133438,0.26347681879997253,0.47240400314331055,0.5790486335754395,0,0,0,0,0.16824805736541748,0,0,0,0,0,0,0,0,0.12661783397197723,0.1106516420841217,0,0,0,0,0,0.20971211791038513,0,0,0.4866013824939728,0.5721643567085266,0,0,0.27831631898880005,0.6017515659332275,0,0
Frustrated,0,0.5326929688453674,0.6054670810699463,0,0,0,0,0,0,0.11845455318689346,0.10984557121992111,0,0,0,0.11301271617412567,0,0,0.21947406232357025,0.2467251867055893,0.4594523012638092,0.5511281490325928,0,0,0,0,0.19160817563533783,0,0,0,0,0,0,0,0,0.13523037731647491,0.12290152907371521,0,0,0,0,0,0.22704580426216125,0,0,0.5110872983932495,0.5903723239898682,0,0,0.24084512889385223,0.5601437091827393,0,0
Frustrated,0,0.5694887638092041,0.623762845993042,0,0,0,0,0,0,0.11172062903642654,0.1036110371351242,0,0,0,0.12927700579166412,0.1117619201540947,0,0.216342493891716,0.24419483542442322,0.4467319846153259,0.5504691004753113,0,0,0,0,0.17601139843463898,0,0,0,0,0,0,0,0,0.1272246390581131,0,0,0,0,0,0,0.19762490689754486,0,0,0.47010013461112976,0.562332808971405,0,0,0.22956742346286774,0.5559502840042114,0,0
Frustrated,0,0.5207636952400208,0.5886028409004211,0,0,0,0,0,0,0.11453308165073395,0.10772185772657394,0,0,0,0.105534628033638,0,0,0.24520374834537506,0.2731427550315857,0.47362062335014343,0.5634405612945557,0,0,0,0,0.16822999715805054,0,0,0,0,0,0,0,0,0.11919858306646347,0.10569944232702255,0,0,0,0,0,0.19503240287303925,0,0,0.4968544542789459,0.5571490526199341,0,0,0.26426416635513306,0.566461980342865,0,0
Frustrated,0,0.5362920761108398,0.5993428826332092,0,0,0,0,0,0,0.11375854164361954,0.10996158421039581,0,0,0,0.11246492713689804,0,0,0.23629479110240936,0.2637214660644531,0.4575910270214081,0.5423458814620972,0,0,0,0,0.1815602034330368,0,0,0,0,0,0,0,0,0.13214081525802612,0.11855316907167435,0,0,0,0,0,0.2514133155345917,0,0,0.48604685068130493,0.5565665364265442,0,0,0.24342083930969238,0.5464284420013428,0,0
Frustrated,0,0.5333601236343384,0.598989725112915,0,0,0,0,0,0,0,0,0,0,0,0,0,0,0.22063575685024261,0.24481195211410522,0.4502696096897125,0.5570201873779297,0,0,0,0,0.17622175812721252,0,0,0,0,0,0,0,0,0.12864384055137634,0.11914639174938202,0,0,0,0,0,0.26729440689086914,0,0,0.4995429813861847,0.560073733329773,0,0,0.2626267671585083,0.5674822926521301,0,0
Frustrated,0,0.5454378128051758,0.612212061882019,0,0,0,0,0,0,0,0,0,0,0,0.11130024492740631,0,0,0.2195829600095749,0.2504673898220062,0.4468115270137787,0.5734784603118896,0,0,0,0,0.18129567801952362,0,0,0,0,0,0,0,0,0.10494960099458694,0,0,0,0,0,0,0.21784615516662598,0,0,0.49467429518699646,0.5672422051429749,0,0,0.2588822543621063,0.5534818172454834,0,0
Frustrated,0,0.5337015986442566,0.6088385581970215,0,0,0,0,0,0,0.10837823897600174,0.1045411229133606,0,0,0,0.11071270704269409,0,0,0.25900930166244507,0.28861746191978455,0.4347880780696869,0.5573291778564453,0,0,0,0,0.18361932039260864,0,0,0,0,0,0,0,0,0.12959663569927216,0.11245566606521606,0,0,0,0,0,0.18802717328071594,0,0,0.4979161322116852,0.5860700011253357,0,0,0.26545393466949463,0.5771801471710205,0,0
Frustrated,0,0.537279486656189,0.613985002040863,0,0,0,0,0,0,0.1168384775519371,0.11457062512636185,0,0,0,0.15610508620738983,0.13962075114250183,0,0.2406945675611496,0.2690800726413727,0.4465508759021759,0.5571466684341431,0,0,0,0,0.1625225841999054,0,0,0,0,0,0,0,0,0.12835358083248138,0.10131794214248657,0,0,0,0,0,0.19912078976631165,0,0,0.4339577853679657,0.5215041041374207,0.10711944848299026,0,0.27397438883781433,0.6095412373542786,0,0
Frustrated,0,0.6051054000854492,0.664039671421051,0,0,0,0,0,0,0.10217471420764923,0,0,0,0,0.11626175791025162,0,0,0.21138586103916168,0.23381878435611725,0.4569935202598572,0.5563775300979614,0,0,0,0,0.1708473116159439,0,0,0,0,0,0,0,0,0.12032807618379593,0.10131635516881943,0,0,0,0,0,0.19779980182647705,0,0,0.5041537284851074,0.5598615407943726,0,0,0.2329442799091339,0.5305701494216919,0,0
Frustrated,0,0.5951492190361023,0.6367700099945068,0,0,0,0,0,0,0,0,0,0,0,0.10325828939676285,0,0,0.18331536650657654,0.2010461688041687,0.452881395816803,0.558268129825592,0,0,0,0,0.18119730055332184,0,0,0,0,0,0,0,0,0.120791494846344,0.12231471389532089,0,0,0,0,0,0.21606698632240295,0,0,0.5605798363685608,0.5908433198928833,0,0,0.24579189717769623,0.5304924249649048,0,0
Frustrated,0,0.5702719688415527,0.6200402975082397,0,0,0,0,0,0,0.10279243439435959,0.10413812100887299,0,0,0,0.11414359509944916,0,0,0.22959262132644653,0.25481897592544556,0.43251171708106995,0.5527576804161072,0,0,0,0,0.16539758443832397,0,0,0,0,0,0,0,0,0,0,0,0,0,0,0,0.17929531633853912,0,0,0.499958336353302,0.5564893484115601,0,0,0.2556747496128082,0.5514692664146423,0,0
Frustrated,0,0.5602681636810303,0.6065744161605835,0,0,0,0,0,0,0.11491671204566956,0.10624083131551743,0,0,0,0.10649560391902924,0,0,0.24941423535346985,0.27299535274505615,0.46364256739616394,0.5482629537582397,0,0,0,0,0.1777815818786621,0,0,0,0,0,0,0,0,0.11135030537843704,0,0,0,0,0,0,0.2052355706691742,0,0,0.5119706392288208,0.5694558620452881,0,0,0.2633639872074127,0.5609399080276489,0,0
Frustrated,0,0.549976646900177,0.6022430062294006,0,0,0,0,0,0,0.12395569682121277,0.11855600029230118,0,0,0,0.10961484909057617,0,0,0.2590373158454895,0.28666800260543823,0.4609420597553253,0.5718711614608765,0,0,0,0,0.17823250591754913,0,0,0,0,0,0,0,0,0.11731993407011032,0.10281811654567719,0,0,0,0,0,0.21657413244247437,0,0,0.49308645725250244,0.5638910531997681,0,0,0.2594701647758484,0.5725321769714355,0,0
Frustrated,0,0.5211325883865356,0.580622673034668,0,0,0,0,0,0,0.12426407635211945,0.1177317276597023,0,0,0,0.10823819041252136,0,0,0.24523405730724335,0.27101653814315796,0.46411609649658203,0.5643033385276794,0,0,0,0,0.1706676036119461,0,0,0,0,0,0,0,0,0.12468312680721283,0.11071404069662094,0,0,0,0,0,0.22048236429691315,0,0,0.49928733706474304,0.5638751983642578,0,0,0.2618134319782257,0.5692558288574219,0,0
Frustrated,0,0.538862407207489,0.6048306822776794,0,0,0,0,0,0,0.1101122498512268,0.10874191671609879,0,0,0,0.13700835406780243,0.12067592144012451,0,0.23774485290050507,0.2631829082965851,0.46145081520080566,0.5620089769363403,0,0,0,0,0.17240601778030396,0,0,0,0,0,0,0,0,0.1255703568458557,0.10387884825468063,0,0,0,0,0,0.18859776854515076,0,0,0.4773319661617279,0.5677461624145508,0,0,0.2568504214286804,0.5886174440383911,0,0
Frustrated,0,0.5489180088043213,0.6167062520980835,0,0,0,0,0,0,0.10793536901473999,0.11157069355249405,0,0,0,0.1286202073097229,0.11050265282392502,0,0.22338619828224182,0.25111615657806396,0.4594714045524597,0.556187093257904,0,0,0,0,0.17013590037822723,0,0,0,0,0,0,0,0,0.12062681466341019,0,0,0,0,0,0,0.19014595448970795,0,0,0.4733971059322357,0.558186411857605,0,0,0.2536871135234833,0.5779291391372681,0,0
Frustrated,0,0.5393630862236023,0.6034404635429382,0,0,0,0,0,0,0.10151230543851852,0.10197380185127258,0,0,0,0.11159558594226837,0,0,0.23852431774139404,0.2663629651069641,0.4578041136264801,0.5569944381713867,0,0,0,0,0.1706274449825287,0,0,0,0,0,0,0,0,0.1329360157251358,0.12168127298355103,0,0,0,0,0,0.2072775512933731,0,0,0.49128007888793945,0.5607097148895264,0,0,0.27200961112976074,0.5752962827682495,0,0
Frustrated,0,0.5207290649414062,0.5950982570648193,0,0,0,0,0,0,0,0.10427236557006836,0,0,0,0.10501699149608612,0,0,0.24260839819908142,0.26617252826690674,0.45845115184783936,0.5685279965400696,0,0,0,0,0.16921086609363556,0,0,0,0,0,0,0,0,0.14376839995384216,0.1385905146598816,0,0,0,0,0,0.2527829706668854,0,0,0.4936964511871338,0.5588488578796387,0,0,0.2890171706676483,0.5999640226364136,0,0
Frustrated,0,0.5250030755996704,0.5940721035003662,0,0,0,0,0,0,0,0,0,0,0,0.14204220473766327,0.12725704908370972,0,0.2352478802204132,0.26060158014297485,0.44019415974617004,0.5548633337020874,0,0,0,0,0.17200453579425812,0,0,0,0,0,0,0,0,0.13563816249370575,0.11875884979963303,0,0,0,0,0,0.2428983598947525,0,0,0.47383350133895874,0.54176926612854,0,0,0.2950134575366974,0.6177397966384888,0,0
Frustrated,0,0.5541439056396484,0.6205669641494751,0,0,0,0,0,0,0.1069960668683052,0.10470908880233765,0,0,0,0.13025544583797455,0.11289861053228378,0,0.2368583232164383,0.26467952132225037,0.4542478621006012,0.5625987648963928,0,0,0,0,0.1642833650112152,0,0,0,0,0,0,0,0,0.1167585626244545,0,0,0,0,0,0,0.20024345815181732,0,0,0.48391038179397583,0.5629973411560059,0,0,0.2706792950630188,0.5878561735153198,0,0
Frustrated,0,0.609011173248291,0.6566190719604492,0,0,0,0,0,0,0.11509422957897186,0.1059245765209198,0,0,0,0.12739874422550201,0.1100427657365799,0,0.2259369045495987,0.2564754784107208,0.43281713128089905,0.5852607488632202,0,0,0,0,0.16207394003868103,0,0,0,0,0,0,0,0,0,0,0,0,0,0,0,0.16611246764659882,0,0,0.49062642455101013,0.5760107040405273,0,0,0.2467380315065384,0.5876414775848389,0,0
Frustrated,0,0.6197065114974976,0.6642596125602722,0,0,0,0,0,0,0.11574956029653549,0.10909763723611832,0,0,0,0.14929047226905823,0.13198602199554443,0,0.23136122524738312,0.26137351989746094,0.4312983453273773,0.573614239692688,0,0,0,0,0.15767206251621246,0,0,0,0,0,0,0,0,0.11800158023834229,0.10419522970914841,0,0,0,0,0,0.15885140001773834,0,0,0.4783000349998474,0.5575523376464844,0,0,0.27591684460639954,0.6237180233001709,0,0
Frustrated,0,0.5406681895256042,0.6050851345062256,0,0,0,0,0,0,0.11265340447425842,0.11471396684646606,0,0,0,0.13307245075702667,0.11496956646442413,0,0.25335103273391724,0.2808127999305725,0.46385183930397034,0.5726526975631714,0,0,0,0,0.16859620809555054,0,0,0,0,0,0,0,0,0.12394822388887405,0.11463182419538498,0,0,0,0,0,0.21263642609119415,0,0,0.49461570382118225,0.5603424310684204,0,0,0.2893058657646179,0.609825611114502,0,0
Frustrated,0,0.5337091684341431,0.6181629300117493,0,0,0,0,0,0,0.11594130843877792,0.11321085691452026,0,0,0,0.11342313885688782,0,0,0.25601327419281006,0.28517842292785645,0.490511953830719,0.5967464447021484,0,0,0,0,0.18334266543388367,0,0,0,0,0,0,0,0,0.1268882006406784,0.12659227848052979,0,0,0,0,0,0.23189012706279755,0,0,0.508729875087738,0.5744511485099792,0,0,0.2641970217227936,0.5951396226882935,0,0
Frustrated,0,0.559592604637146,0.6225793361663818,0,0,0,0,0,0,0.10539751499891281,0.1046316921710968,0,0,0,0.13256248831748962,0.11524033546447754,0,0.2090613842010498,0.2335355430841446,0.46285519003868103,0.5642671585083008,0,0,0,0,0.17680612206459045,0,0,0,0,0,0,0,0,0.14199113845825195,0.11708565801382065,0,0,0,0,0,0.212071031332016,0,0,0.4620714783668518,0.5661404132843018,0,0,0.263818621635437,0.5948655605316162,0,0
Frustrated,0,0.6414321660995483,0.6837078332901001,0,0,0,0,0,0,0,0,0,0,0,0.15529678761959076,0.14065001904964447,0,0.19805331528186798,0.21944847702980042,0.4251342713832855,0.572709321975708,0,0,0,0,0.19243058562278748,0,0,0,0,0,0,0,0,0.10821293294429779,0,0,0,0,0,0,0.1983063966035843,0,0,0.4788111448287964,0.597999632358551,0,0,0.21757100522518158,0.5748770236968994,0,0
Frustrated,0,0.6451482176780701,0.6882219314575195,0,0,0,0,0,0,0,0,0,0,0,0,0,0,0.17606420814990997,0.19558589160442352,0.4283161163330078,0.5732618570327759,0,0,0,0,0.18778830766677856,0,0,0,0,0,0,0,0,0.12841467559337616,0,0,0,0,0,0,0.20674346387386322,0,0,0.4761892259120941,0.5868213176727295,0,0,0.21239431202411652,0.5557491779327393,0,0
Frustrated,0,0.6177786588668823,0.6644277572631836,0,0,0,0,0,0,0.10311684757471085,0,0,0,0,0.10807444900274277,0,0,0.22423584759235382,0.2472638189792633,0.43755704164505005,0.5559195876121521,0,0,0,0,0.15173889696598053,0,0,0,0,0,0,0,0,0.10689423233270645,0.10035034269094467,0,0,0,0,0,0.19000977277755737,0,0,0.5220311880111694,0.5928966999053955,0,0,0.27564677596092224,0.5994628667831421,0,0
Frustrated,0,0.5821367502212524,0.6345323324203491,0,0,0,0,0,0,0.11926021426916122,0.10966567695140839,0,0,0,0.13317298889160156,0.11507952958345413,0,0.2270653247833252,0.2551465928554535,0.45562294125556946,0.5746525526046753,0,0,0,0,0.1774163842201233,0,0,0,0,0,0,0,0,0.1188778206706047,0.10549034923315048,0,0,0,0,0,0.21372662484645844,0,0,0.4866933226585388,0.5608915090560913,0,0,0.2768021821975708,0.5990259051322937,0,0
Frustrated,0,0.6009202003479004,0.6547244787216187,0,0,0,0,0,0,0.12126047164201736,0.1095554381608963,0,0,0,0.13055042922496796,0.1129097267985344,0,0.24256719648838043,0.2687608301639557,0.44081759452819824,0.5616936683654785,0,0,0,0,0.16910283267498016,0,0,0,0,0,0,0,0,0.12055111676454544,0.11850389093160629,0,0,0,0,0,0.21697460114955902,0,0,0.5314558744430542,0.5860371589660645,0,0,0.28779837489128113,0.600310206413269,0,0
Frustrated,0,0.6218857765197754,0.6571835875511169,0,0,0,0,0,0,0,0,0,0,0,0.10551468282938004,0,0,0.22048816084861755,0.2420463114976883,0.46144530177116394,0.5690255165100098,0,0,0,0,0.150222510099411,0,0,0,0,0,0,0,0,0.10963217169046402,0.11600843816995621,0,0,0,0,0,0.20420518517494202,0,0,0.5413650274276733,0.5907679796218872,0,0,0.2858476936817169,0.5942509770393372,0,0
Frustrated,0,0.5774945020675659,0.6229296922683716,0,0,0,0,0,0,0.11710810661315918,0.106409952044487,0,0,0,0.1176002100110054,0.10046365857124329,0,0.2371804118156433,0.26315608620643616,0.44190624356269836,0.564403235912323,0,0,0,0,0.14729948341846466,0,0,0,0,0,0,0,0,0.13287653028964996,0.11535006016492844,0,0,0,0,0,0.17838387191295624,0,0,0.46683943271636963,0.549726128578186,0,0,0.31283000111579895,0.642379641532898,0,0
Frustrated,0,0.5883640050888062,0.6420367956161499,0,0,0,0,0,0,0.11772634834051132,0.10211696475744247,0,0,0,0.14092722535133362,0.12540043890476227,0,0.21122993528842926,0.23769165575504303,0.44688940048217773,0.561785876750946,0,0,0,0,0.18535572290420532,0,0,0,0,0,0,0,0,0.11807844787836075,0.1035308986902237,0,0,0,0,0,0.19125862419605255,0,0,0.4950810968875885,0.5819275379180908,0,0,0.23607251048088074,0.5587974190711975,0,0
Frustrated,0,0.5561134815216064,0.6289448738098145,0,0,0,0,0,0,0.10555990785360336,0,0,0,0,0.12478692829608917,0.1043115183711052,0,0.2193189114332199,0.24814051389694214,0.42254120111465454,0.5829906463623047,0,0,0,0,0.15900106728076935,0,0,0,0,0,0,0,0,0.11213316023349762,0.10798680037260056,0,0,0,0,0,0.2656264901161194,0,0,0.49097803235054016,0.5539233088493347,0,0,0.27568307518959045,0.5955384373664856,0,0
Frustrated,0,0.5228121280670166,0.5977610349655151,0,0,0,0,0,0,0.1046014353632927,0.10638778656721115,0,0,0,0.11693761497735977,0,0,0.2287425547838211,0.25222885608673096,0.43541309237480164,0.5604184865951538,0,0,0,0,0.16872474551200867,0,0,0,0,0,0,0,0,0.13313411176204681,0.11898810416460037,0,0,0,0,0,0.2683139443397522,0,0,0.49362626671791077,0.5585237741470337,0,0,0.2789052128791809,0.6070597171783447,0,0
Frustrated,0,0.5749905109405518,0.6351555585861206,0,0,0,0,0,0,0.11283271014690399,0.10902455449104309,0,0,0,0.12401240319013596,0.10681957751512527,0,0.23120826482772827,0.253292053937912,0.45285046100616455,0.5609095096588135,0,0,0,0,0.1616688370704651,0,0,0,0,0,0,0,0,0.1130545437335968,0.10520803928375244,0,0,0,0,0,0.21303772926330566,0,0,0.49902820587158203,0.5554672479629517,0,0,0.26810556650161743,0.5822501182556152,0,0
Frustrated,0,0.583669900894165,0.6364186406135559,0,0,0,0,0,0,0.10804946720600128,0.10135028511285782,0,0,0,0.11463388800621033,0,0,0.23873446881771088,0.2601923942565918,0.44201117753982544,0.5447333455085754,0,0,0,0,0.15651154518127441,0,0,0,0,0,0,0,0,0.1253381073474884,0.1168118491768837,0,0,0,0,0,0.20498791337013245,0,0,0.5161885023117065,0.5739107728004456,0,0,0.29676565527915955,0.6138715744018555,0,0
Frustrated,0,0.5779620409011841,0.6436104774475098,0,0,0,0,0,0,0.1165725588798523,0.11289039999246597,0,0,0,0.1351163238286972,0.11629502475261688,0,0.1955353319644928,0.2232508510351181,0.44072404503822327,0.5737791657447815,0,0,0,0,0.17165683209896088,0,0,0,0,0,0,0,0,0.11462800204753876,0.10224463045597076,0,0,0,0,0,0.20719113945960999,0,0,0.4765583276748657,0.5577630996704102,0,0,0.2446882575750351,0.5785706043243408,0,0
Frustrated,0,0.5716466903686523,0.6506878137588501,0,0,0,0,0,0,0.11363351345062256,0.10195537656545639,0,0,0,0.13358230888843536,0.11357862502336502,0,0.23152990639209747,0.2651572823524475,0.4360761046409607,0.589897632598877,0,0,0,0,0.1746380478143692,0,0,0,0,0,0,0,0,0.1027788296341896,0,0,0,0,0,0,0.22538059949874878,0,0,0.5182352066040039,0.596074104309082,0,0,0.26016414165496826,0.5792136788368225,0,0
Frustrated,0,0.5501720905303955,0.6159893274307251,0,0,0,0,0,0,0.11108937859535217,0.10225378721952438,0,0,0,0.11732326447963715,0,0,0.21662789583206177,0.24156329035758972,0.4411924183368683,0.5560019612312317,0,0,0,0,0.15327948331832886,0,0,0,0,0,0,0,0,0.12466593086719513,0.11986055970191956,0,0,0,0,0,0.2093634456396103,0,0,0.49033039808273315,0.5527048110961914,0,0,0.2813570201396942,0.5986630916595459,0,0
Frustrated,0,0.5816823244094849,0.6340904235839844,0,0,0,0,0,0,0.10745859891176224,0,0,0,0,0.12519203126430511,0.10798977315425873,0,0.2093261331319809,0.23011569678783417,0.43314582109451294,0.5471953749656677,0,0,0,0,0.13056771457195282,0,0,0,0,0,0,0,0,0.1505555361509323,0.13741962611675262,0,0,0,0,0,0.20638641715049744,0,0,0.47123926877975464,0.528232216835022,0,0,0.3316221237182617,0.6565912961959839,0,0
Frustrated,0,0.6431293487548828,0.6865106225013733,0,0,0,0,0,0,0,0.10111479461193085,0,0,0,0.15149466693401337,0.13477873802185059,0,0.21167874336242676,0.22773145139217377,0.47746357321739197,0.5666318535804749,0,0,0,0,0.1638328731060028,0,0,0,0,0,0,0,0,0.15409156680107117,0.14526496827602386,0,0,0,0,0,0.2053072452545166,0,0,0.48403462767601013,0.5876867771148682,0,0,0.3089390993118286,0.6695855259895325,0,0
Frustrated,0,0.6159007549285889,0.6721240878105164,0,0,0,0,0,0,0.10648101568222046,0,0,0,0,0.1500084102153778,0.13366898894309998,0,0.20441755652427673,0.23129311203956604,0.4447784125804901,0.5772806406021118,0,0,0,0,0.1775878518819809,0,0,0,0,0,0,0,0,0.131763756275177,0.11622139066457748,0,0,0,0,0,0.2411804497241974,0,0,0.4616287052631378,0.5686255693435669,0,0,0.2708500027656555,0.6275652647018433,0,0
Frustrated,0,0.545452356338501,0.6113860607147217,0,0,0,0,0,0,0.1104293167591095,0.10859880596399307,0,0,0,0.11400905251502991,0,0,0.2123185694217682,0.23597225546836853,0.4551004469394684,0.5467783808708191,0,0,0,0,0.15240219235420227,0,0,0,0,0,0,0,0,0.1575411707162857,0.1482103317975998,0,0,0,0,0,0.2242460548877716,0,0,0.47599753737449646,0.5625379085540771,0,0,0.2974337637424469,0.6219689846038818,0,0
Frustrated,0,0.562886118888855,0.6223470568656921,0,0,0,0,0,0,0.10858850926160812,0.10841380804777145,0,0,0,0.11612546443939209,0,0,0.21549713611602783,0.24014738202095032,0.45578280091285706,0.5662335157394409,0,0,0,0,0.16798551380634308,0,0,0,0,0,0,0,0,0.13606244325637817,0.12608985602855682,0,0,0,0,0,0.21606266498565674,0,0,0.47484153509140015,0.5650186538696289,0,0,0.2630540132522583,0.5789620876312256,0,0
Frustrated,0,0.597179651260376,0.6464129686355591,0,0,0,0,0,0,0.10473274439573288,0.1007683202624321,0,0,0,0.13701964914798737,0.12066766619682312,0,0.21339017152786255,0.23583750426769257,0.44258734583854675,0.5521597862243652,0,0,0,0,0.15940746665000916,0,0,0,0,0,0,0,0,0.11933676153421402,0.10774537920951843,0,0,0,0,0,0.21507331728935242,0,0,0.4884864091873169,0.5570244789123535,0,0,0.2740875780582428,0.5971581339836121,0,0
Frustrated,0,0.5949000120162964,0.6470781564712524,0,0,0,0,0,0,0.11102019995450974,0.11110710352659225,0,0,0,0.1432965099811554,0.1272226870059967,0,0.2255072444677353,0.2515677213668823,0.45519813895225525,0.5701637268066406,0,0,0,0,0.17576134204864502,0,0,0,0,0,0,0,0,0.13861073553562164,0.12439761310815811,0,0,0,0,0,0.21280798316001892,0,0,0.49219807982444763,0.5600099563598633,0,0,0.2648228108882904,0.5871094465255737,0,0
Frustrated,0,0.5072669386863708,0.5948606729507446,0,0,0,0,0,0,0.1030070036649704,0.10411645472049713,0,0,0,0.14553508162498474,0.13065972924232483,0,0.232903391122818,0.25873425602912903,0.4363616108894348,0.544212818145752,0,0,0,0,0.18405663967132568,0,0,0,0,0,0,0,0,0.15280063450336456,0.12789572775363922,0,0,0,0,0,0.25431033968925476,0,0,0.48743245005607605,0.5745687484741211,0,0,0.24932074546813965,0.5748062133789062,0,0
Frustrated,0,0.5635343790054321,0.6370469331741333,0,0,0,0,0,0,0.10271376371383667,0.10339383035898209,0,0,0,0.14946968853473663,0.13310007750988007,0,0.20466898381710052,0.23250648379325867,0.4368075430393219,0.5708353519439697,0,0,0,0,0.16588054597377777,0,0,0,0,0,0,0,0,0.14273463189601898,0.12167619913816452,0,0,0,0,0,0.22211837768554688,0,0,0.4505060613155365,0.554189920425415,0,0,0.2599155604839325,0.6114771962165833,0,0
Frustrated,0,0.5695891380310059,0.6445275545120239,0,0,0,0,0,0,0.10770906507968903,0.11028695106506348,0,0,0,0.14429982006549835,0.12750226259231567,0,0.19295817613601685,0.21432681381702423,0.421671986579895,0.5613225698471069,0,0,0,0,0.15970055758953094,0,0,0,0,0,0,0,0,0.1351928859949112,0.11927077919244766,0,0,0,0,0,0.19166719913482666,0,0,0.4472414553165436,0.5395251512527466,0,0,0.2677980363368988,0.6155771613121033,0,0
Frustrated,0,0.5357628464698792,0.6053687334060669,0,0,0,0,0,0,0.11061951518058777,0.11429085582494736,0,0,0,0.1540297120809555,0.13591180741786957,0,0.20099179446697235,0.22276578843593597,0.44243451952934265,0.557152509689331,0,0,0,0,0.1546039879322052,0,0,0,0,0,0,0,0,0.14751599729061127,0.12906710803508759,0,0,0,0,0,0.2149910181760788,0,0,0.43804508447647095,0.520232617855072,0.1092115268111229,0,0.2610324025154114,0.6035442352294922,0,0
Frustrated,0,0.5360746383666992,0.6146378517150879,0,0,0,0,0,0,0.11174800992012024,0.11281280964612961,0,0,0,0.15496379137039185,0.1372520476579666,0,0.21779517829418182,0.24354872107505798,0.44988083839416504,0.5730146169662476,0,0,0,0,0.15296779572963715,0,0,0,0,0,0,0,0,0.13003131747245789,0.11501527577638626,0,0,0,0,0,0.22287362813949585,0,0,0.4529176354408264,0.5342326164245605,0,0,0.27393436431884766,0.6133192181587219,0,0
Frustrated,0,0.5726393461227417,0.6382828950881958,0,0,0,0,0,0,0.11876410245895386,0.11294566094875336,0,0,0,0.14543819427490234,0.12560302019119263,0,0.20417951047420502,0.22844010591506958,0.4696361720561981,0.565709114074707,0,0,0,0,0.14803199470043182,0,0,0,0,0,0,0,0,0.12262751162052155,0.10708332806825638,0,0,0,0,0,0.20553210377693176,0,0,0.4505569636821747,0.5276359915733337,0.10513138025999069,0,0.262717068195343,0.5933653116226196,0,0
Frustrated,0,0.5216776132583618,0.5988671779632568,0,0,0,0,0,0,0.10338390618562698,0.10211210697889328,0,0,0,0.1357298344373703,0.11650539189577103,0,0.20602352917194366,0.2295193076133728,0.44144487380981445,0.5502737760543823,0,0,0,0,0.16412129998207092,0,0,0,0,0,0,0,0,0.14521270990371704,0.12849707901477814,0,0,0,0,0,0.23334641754627228,0,0,0.4702170491218567,0.5544546246528625,0,0,0.2851550579071045,0.6213979721069336,0,0
Frustrated,0,0.484957754611969,0.5770817995071411,0,0,0,0,0,0,0,0.10934942215681076,0,0,0,0.11429692059755325,0,0,0.24291202425956726,0.2731007933616638,0.4206988513469696,0.5710147023200989,0,0,0,0,0.19739103317260742,0,0,0,0,0,0,0,0,0.12301860749721527,0.11589054018259048,0,0,0,0,0,0.2852175533771515,0,0,0.5457793474197388,0.6257683038711548,0,0,0.22652018070220947,0.5438888072967529,0,0
Frustrated,0,0.5056506991386414,0.597861647605896,0,0,0,0,0,0,0,0,0,0,0,0.1078873798251152,0,0,0.2322346717119217,0.2564137876033783,0.4265039265155792,0.5654759407043457,0,0,0,0,0.17300823330879211,0,0,0,0,0,0,0,0,0.15471456944942474,0.14857448637485504,0,0,0,0,0,0.3059183955192566,0,0,0.47247201204299927,0.5551320910453796,0,0,0.23522834479808807,0.5540406703948975,0,0
Frustrated,0,0.5599838495254517,0.6203451156616211,0,0,0,0,0,0,0.11063385009765625,0.11647698283195496,0,0,0,0.14211344718933105,0.12259361892938614,0,0.21893192827701569,0.24243685603141785,0.45849964022636414,0.5642482042312622,0,0,0,0,0.1527230590581894,0,0,0,0,0,0,0,0,0.1220068708062172,0.11260019242763519,0,0,0,0,0,0.21498587727546692,0,0,0.4474216401576996,0.5197175741195679,0.10005461424589157,0,0.2579689025878906,0.5899978280067444,0,0
Frustrated,0,0.6155489683151245,0.6688377261161804,0,0,0,0,0,0,0.10055362433195114,0,0,0,0,0.11193091422319412,0,0,0.233701691031456,0.2557613253593445,0.4056834876537323,0.5578726530075073,0,0,0,0,0.14269685745239258,0,0,0,0,0,0,0,0,0.11926359683275223,0.11077771335840225,0,0,0,0,0,0.1798669993877411,0,0,0.4938639998435974,0.5530574321746826,0,0,0.2552986145019531,0.5757060647010803,0,0
Frustrated,0,0.5887260437011719,0.6436847448348999,0,0,0,0,0,0,0.11435234546661377,0,0,0,0,0.13439269363880157,0.11392784863710403,0,0.22236350178718567,0.25375911593437195,0.40230828523635864,0.6023627519607544,0,0,0,0,0.16576074063777924,0,0,0,0,0,0,0,0,0.10608400404453278,0,0,0,0,0,0,0.20619088411331177,0,0,0.480714350938797,0.5768929123878479,0,0,0.24054564535617828,0.5735282897949219,0,0
Frustrated,0,0.5604884624481201,0.6398272514343262,0,0,0,0,0,0,0.10947074741125107,0,0,0,0,0.11491692811250687,0,0,0.25500333309173584,0.2875034511089325,0.4492688775062561,0.5944026708602905,0,0,0,0,0.18765893578529358,0,0,0,0,0,0,0,0,0.10992088913917542,0.10568837821483612,0,0,0,0,0,0.24188362061977386,0,0,0.508837103843689,0.5958177447319031,0,0,0.20733772218227386,0.5394802093505859,0,0
Frustrated,0,0.5003359317779541,0.5862189531326294,0,0,0,0,0,0,0,0,0,0,0,0.11719904094934464,0,0,0.22196826338768005,0.24393466114997864,0.4520086646080017,0.5542747974395752,0,0,0,0,0.1744069755077362,0,0,0,0,0,0,0,0,0.14461912214756012,0.13037221133708954,0,0,0,0,0,0.2644737958908081,0,0,0.5030565857887268,0.5814206004142761,0,0,0.2632037103176117,0.5742092132568359,0,0
Frustrated,0,0.5202077627182007,0.5895750522613525,0,0,0,0,0,0,0.11196928471326828,0.11077863723039627,0,0,0,0.12281478941440582,0.10420013964176178,0,0.2352205514907837,0.25531643629074097,0.4740457534790039,0.5462386608123779,0,0,0,0,0.1545536369085312,0,0,0,0,0,0,0,0,0.1284433901309967,0.1136397123336792,0,0,0,0,0,0.24313370883464813,0,0,0.4702050983905792,0.5560001730918884,0,0,0.28177833557128906,0.606941819190979,0,0
Frustrated,0,0.6054723858833313,0.668525755405426,0,0,0,0,0,0,0.11114685982465744,0.1094038337469101,0,0,0,0.12310714274644852,0.10493030399084091,0,0.1949097216129303,0.21365991234779358,0.47143107652664185,0.551355242729187,0,0,0,0,0.15631842613220215,0,0,0,0,0,0,0,0,0.16067473590373993,0.14107176661491394,0,0,0,0,0,0.22406645119190216,0,0,0.4412829875946045,0.5383573174476624,0.11501198261976242,0,0.2393523007631302,0.5831906795501709,0,0
Frustrated,0,0.599925696849823,0.6537383794784546,0,0,0,0,0,0,0.10887648910284042,0.1097247302532196,0,0,0,0.1361313909292221,0.11892667412757874,0,0.20028966665267944,0.21761350333690643,0.4545665383338928,0.5425188541412354,0,0,0,0,0.14370019733905792,0,0,0,0,0,0,0,0,0.16682496666908264,0.1311015784740448,0,0,0,0,0,0.19188538193702698,0,0,0.4192762076854706,0.532279372215271,0.12397714704275131,0,0.2759156823158264,0.6496672630310059,0,0
Frustrated,0,0.5691778659820557,0.6334540843963623,0,0,0,0,0,0,0,0,0,0,0,0.126812145113945,0.11024031043052673,0,0.22535419464111328,0.2504059374332428,0.4487088918685913,0.5596700310707092,0,0,0,0,0.16069737076759338,0,0,0,0,0,0,0,0,0.16332077980041504,0.13666604459285736,0,0,0,0,0,0.2056596428155899,0,0,0.42922893166542053,0.5498612523078918,0,0,0.26614078879356384,0.6297447681427002,0,0
Frustrated,0,0.5728553533554077,0.6376197338104248,0,0,0,0,0,0,0.11361115425825119,0.11293452978134155,0,0,0,0.11935500800609589,0,0,0.21781785786151886,0.24553361535072327,0.4581807255744934,0.5691313147544861,0,0,0,0,0.1738063246011734,0,0,0,0,0,0,0,0,0.11816669255495071,0.10532789677381516,0,0,0,0,0,0.2445095330476761,0,0,0.4541463851928711,0.5432398319244385,0,0,0.21572791039943695,0.5476961135864258,0,0
Frustrated,0,0.5373432040214539,0.6110785007476807,0,0,0,0,0,0,0.10694950073957443,0.1090739369392395,0,0,0,0.11784384399652481,0,0,0.20382100343704224,0.2286384105682373,0.4509514570236206,0.5554309487342834,0,0,0,0,0.19158834218978882,0,0,0,0,0,0,0,0,0.1209535300731659,0.1019076257944107,0,0,0,0,0,0.24449563026428223,0,0,0.4627842307090759,0.5600584149360657,0,0,0.22411827743053436,0.5475168824195862,0,0
Frustrated,0,0.5536519289016724,0.6168744564056396,0,0,0,0,0,0,0.11154956370592117,0.11776364594697952,0,0,0,0.11460299789905548,0,0,0.2253086417913437,0.2506016194820404,0.46206536889076233,0.5553068518638611,0,0,0,0,0.17081671953201294,0,0,0,0,0,0,0,0,0.12936675548553467,0.11357829719781876,0,0,0,0,0,0.24441708624362946,0,0,0.45850759744644165,0.5394810438156128,0,0,0.23024046421051025,0.5554137229919434,0,0
Frustrated,0,0.6096274852752686,0.6596829891204834,0,0,0,0,0,0,0.10638086497783661,0.1018947958946228,0,0,0,0.1001589298248291,0,0,0.2472231537103653,0.2688461244106293,0.4649643003940582,0.5303443074226379,0,0,0,0,0.16927377879619598,0,0,0,0,0,0,0,0,0.1387670785188675,0.1303902268409729,0,0,0,0,0,0.24739451706409454,0,0,0.5072498321533203,0.5960087776184082,0,0,0.2866627871990204,0.6210694313049316,0,0
Frustrated,0,0.5933516025543213,0.6359449028968811,0,0,0,0,0,0,0.11292999982833862,0.11651287972927094,0,0,0,0.12508068978786469,0.10793344676494598,0,0.19297896325588226,0.20956365764141083,0.43589019775390625,0.5294560194015503,0,0,0,0,0.14910274744033813,0,0,0,0,0,0,0,0,0.13636955618858337,0.12619289755821228,0,0,0,0,0,0.19089895486831665,0,0,0.4802672863006592,0.5655822157859802,0,0,0.30772238969802856,0.6466994881629944,0,0
Frustrated,0,0.5836231112480164,0.6318104863166809,0,0,0,0,0,0,0.11292644590139389,0.11113037914037704,0,0,0,0.11852152645587921,0.10194557905197144,0,0.21404306590557098,0.235051229596138,0.43532484769821167,0.5502240061759949,0,0,0,0,0.14149098098278046,0,0,0,0,0,0,0,0,0.1671460121870041,0.159144788980484,0,0,0,0,0,0.23734380304813385,0,0,0.4820438027381897,0.5576122999191284,0,0,0.3144444525241852,0.6545009016990662,0,0
Frustrated,0,0.5921344757080078,0.6442158222198486,0,0,0,0,0,0,0.10971115529537201,0.11024171113967896,0,0,0,0.13800959289073944,0.12265811860561371,0,0.19848114252090454,0.21678100526332855,0.4453745484352112,0.5473806858062744,0,0,0,0,0.1468808948993683,0,0,0,0,0,0,0,0,0.1563134491443634,0.13801300525665283,0,0,0,0,0,0.2202841341495514,0,0,0.44853904843330383,0.5402339100837708,0,0,0.30380746722221375,0.6572433710098267,0,0
Frustrated,0,0.5545262098312378,0.6225426197052002,0,0,0,0,0,0,0.11133923381567001,0.10249084234237671,0,0,0,0.1434524804353714,0.12329688668251038,0,0.20143358409404755,0.23281508684158325,0.42621269822120667,0.5930024981498718,0,0,0,0,0.1655106395483017,0,0,0,0,0,0,0,0,0.13450810313224792,0.12553198635578156,0,0,0,0,0,0.22201146185398102,0,0,0.48274749517440796,0.5619503259658813,0,0,0.258827269077301,0.5949223041534424,0,0
Frustrated,0,0.5678354501724243,0.6407274603843689,0,0,0,0,0,0,0.11186043173074722,0.12913230061531067,0,0,0,0.15690191090106964,0.1400190144777298,0,0.20721586048603058,0.2337142676115036,0.45473164319992065,0.5982495546340942,0,0,0,0,0.155843585729599,0,0,0,0,0,0,0,0,0.1455429345369339,0.1262371838092804,0,0,0,0,0,0.1968715637922287,0,0,0.44726791977882385,0.5473886728286743,0,0,0.2791695296764374,0.6300645470619202,0,0
Frustrated,0,0.5863447189331055,0.6421396732330322,0,0,0,0,0,0,0.10804054141044617,0.12224360555410385,0,0,0,0.15916092693805695,0.14235545694828033,0,0.20228292047977448,0.22673024237155914,0.43806177377700806,0.5731165409088135,0,0,0,0,0.14915256202220917,0,0,0,0,0,0,0,0,0.1422954499721527,0.12193713337182999,0,0,0,0,0,0.19483722746372223,0,0,0.4517822563648224,0.5475398302078247,0,0,0.2869902551174164,0.6357766389846802,0,0
Frustrated,0,0.6059204339981079,0.6572455167770386,0,0,0,0,0,0,0.11756619811058044,0.10827986896038055,0,0,0,0.14705772697925568,0.13177956640720367,0,0.2061774581670761,0.23134435713291168,0.43634483218193054,0.5739511251449585,0,0,0,0,0.16474854946136475,0,0,0,0,0,0,0,0,0.1412028968334198,0.11998837441205978,0,0,0,0,0,0.2057637870311737,0,0,0.47153913974761963,0.5688928365707397,0,0,0.2609981298446655,0.6080629825592041,0,0
Frustrated,0,0.5954095125198364,0.653005063533783,0,0,0,0,0,0,0.1132659912109375,0.11070773005485535,0,0,0,0.1522839069366455,0.13694211840629578,0,0.19675438106060028,0.21770820021629333,0.43490535020828247,0.5702729225158691,0,0,0,0,0.16072261333465576,0,0,0,0,0,0,0,0,0.15187159180641174,0.13527975976467133,0,0,0,0,0,0.2236754596233368,0,0,0.46327224373817444,0.5593441128730774,0,0,0.27783238887786865,0.6305944323539734,0,0
Frustrated,0,0.6080482006072998,0.6620599031448364,0,0,0,0,0,0,0.10809832811355591,0.10810985416173935,0,0,0,0.14867620170116425,0.13303142786026,0,0.1872001439332962,0.20758257806301117,0.4534699022769928,0.5720887780189514,0,0,0,0,0.1586086004972458,0,0,0,0,0,0,0,0,0.13322360813617706,0.11287573724985123,0,0,0,0,0,0.23742514848709106,0,0,0.44925418496131897,0.5578126907348633,0,0,0.2704320251941681,0.6213504672050476,0,0
Frustrated,0,0.5958935022354126,0.661888837814331,0,0,0,0,0,0,0.11363926529884338,0.10583501309156418,0,0,0,0.15018430352210999,0.13466279208660126,0,0.18497681617736816,0.20638339221477509,0.46083906292915344,0.5619810819625854,0,0,0,0,0.15336528420448303,0,0,0,0,0,0,0,0,0.12835663557052612,0.11452797800302505,0,0,0,0,0,0.2626974582672119,0,0,0.45756852626800537,0.552112877368927,0,0,0.24638526141643524,0.5899083018302917,0,0
Frustrated,0,0.6063818335533142,0.6587738990783691,0,0,0,0,0,0,0.11460992693901062,0.11711437255144119,0,0,0,0.1327946037054062,0.11643331497907639,0,0.20790626108646393,0.22902560234069824,0.46436256170272827,0.5642826557159424,0,0,0,0,0.14426487684249878,0,0,0,0,0,0,0,0,0.12941840291023254,0.11792104691267014,0,0,0,0,0,0.20516422390937805,0,0,0.4518592655658722,0.5363990664482117,0,0,0.2985427975654602,0.6416831016540527,0,0
Frustrated,0,0.5803000926971436,0.6312103271484375,0,0,0,0,0,0,0.10334981232881546,0.10293179750442505,0,0,0,0.11319157481193542,0,0,0.20804333686828613,0.22352243959903717,0.43044596910476685,0.527877926826477,0,0,0,0,0.1386542022228241,0,0,0,0,0,0,0,0,0.12621140480041504,0.10745526105165482,0,0,0,0,0,0.18845510482788086,0,0,0.46503445506095886,0.5593128204345703,0,0,0.31165847182273865,0.659355878829956,0,0
Frustrated,0,0.6080963611602783,0.6482932567596436,0,0,0,0,0,0,0.10900748521089554,0.1021404042840004,0,0,0,0.1701517403125763,0.15646110475063324,0,0.2023993283510208,0.22261731326580048,0.44283249974250793,0.55721515417099,0,0,0,0,0.1646081656217575,0,0,0,0,0,0,0,0,0.12716467678546906,0.10866988450288773,0,0,0,0,0,0.1987246721982956,0,0,0.4374937415122986,0.5372923612594604,0,0,0.24002981185913086,0.5941280126571655,0,0
Frustrated,0,0.6227736473083496,0.6598803997039795,0,0,0,0,0,0,0.1072004958987236,0.10224231332540512,0,0,0,0.13893325626850128,0.12532828748226166,0,0.1874469518661499,0.20631250739097595,0.4413648843765259,0.5571881532669067,0,0,0,0,0.16232724487781525,0,0,0,0,0,0,0,0,0.1313362419605255,0.11002226918935776,0,0,0,0,0,0.18623381853103638,0,0,0.4603061079978943,0.5757697820663452,0,0,0.24195872247219086,0.6071563363075256,0,0
Frustrated,0,0.6016311049461365,0.6516035795211792,0,0,0,0,0,0,0.1146148145198822,0.11150342971086502,0,0,0,0.15178944170475006,0.13574083149433136,0,0.20476989448070526,0.22928282618522644,0.4442846179008484,0.5710480213165283,0,0,0,0,0.15154756605625153,0,0,0,0,0,0,0,0,0.14140571653842926,0.1239413395524025,0,0,0,0,0,0.1764116883277893,0,0,0.4636947810649872,0.5659072399139404,0,0,0.3018355667591095,0.660645604133606,0,0
Frustrated,0,0.5528570413589478,0.6093308925628662,0,0,0,0,0,0,0.10819318890571594,0.10514315217733383,0,0,0,0.11877038329839706,0.10611896216869354,0,0.22034282982349396,0.23831330239772797,0.44236207008361816,0.5261526107788086,0,0,0,0,0.1663913130760193,0,0,0,0,0,0,0,0,0.1454523354768753,0.13057616353034973,0,0,0,0,0,0.24365368485450745,0,0,0.5119916200637817,0.5896350741386414,0,0,0.2715683579444885,0.5971733927726746,0,0
Frustrated,0,0.5710856914520264,0.6168820261955261,0,0,0,0,0,0,0.10942432284355164,0.1066596508026123,0,0,0,0.12843292951583862,0.11277850717306137,0,0.2084491103887558,0.23068483173847198,0.410972535610199,0.5321040153503418,0,0,0,0,0.14947400987148285,0,0,0,0,0,0,0,0,0.16060581803321838,0.13343355059623718,0,0,0,0,0,0.19807900488376617,0,0,0.45435237884521484,0.5380390286445618,0,0,0.2887735068798065,0.6363397836685181,0,0
Frustrated,0,0.609035074710846,0.6483182907104492,0,0,0,0,0,0,0.11284814029932022,0.11158742010593414,0,0,0,0.16536350548267365,0.15009084343910217,0,0.19225746393203735,0.21029499173164368,0.4484855532646179,0.5620987415313721,0,0,0,0,0.15377703309059143,0,0,0,0,0,0,0,0,0.1550060659646988,0.1371055245399475,0,0,0,0,0,0.20059306919574738,0,0,0.4563050866127014,0.5452984571456909,0,0,0.2726225256919861,0.626846194267273,0,0
Frustrated,0,0.6012903451919556,0.6541284322738647,0,0,0,0,0,0,0.11310448497533798,0.11099398881196976,0,0,0,0.14609485864639282,0.13037391006946564,0,0.21144893765449524,0.23537082970142365,0.4355563521385193,0.5681204199790955,0,0,0,0,0.14954835176467896,0,0,0,0,0,0,0,0,0.1403551697731018,0.124360591173172,0,0,0,0,0,0.20740212500095367,0,0,0.4706905484199524,0.5597059726715088,0,0,0.28085166215896606,0.6301635503768921,0,0
Frustrated,0,0.6370503902435303,0.6742548942565918,0,0,0,0,0,0,0.11258473992347717,0.11691348254680634,0,0,0,0.1695031076669693,0.1539899706840515,0,0.19992336630821228,0.21465052664279938,0.46058326959609985,0.5602461695671082,0,0,0,0,0.1522350013256073,0,0,0,0,0,0,0,0,0.14555613696575165,0.12937290966510773,0,0,0,0,0,0.2108982503414154,0,0,0.4471057653427124,0.5423926115036011,0,0,0.27204281091690063,0.6335098743438721,0,0
Frustrated,0,0.560610294342041,0.618249773979187,0,0,0,0,0,0,0.1067468672990799,0.11344621330499649,0,0,0,0.13188289105892181,0.11432606726884842,0,0.21016424894332886,0.2215813547372818,0.4574582278728485,0.5462881326675415,0,0,0,0,0.14830844104290009,0,0,0,0,0,0,0,0,0.17532216012477875,0.1634894162416458,0,0,0,0,0,0.22628970444202423,0,0,0.48782879114151,0.569083571434021,0.10014723241329193,0,0.30241748690605164,0.6542532444000244,0,0
Frustrated,0,0.5630214810371399,0.6352978348731995,0,0,0,0,0,0,0,0,0,0,0,0.15440937876701355,0.13776734471321106,0,0.20631980895996094,0.22221627831459045,0.44949519634246826,0.5726255774497986,0,0,0,0,0.1635923534631729,0,0,0,0,0,0,0,0,0.17206335067749023,0.16156308352947235,0,0,0,0,0,0.2515702545642853,0,0,0.4980420172214508,0.5898914337158203,0,0,0.28356608748435974,0.6469850540161133,0,0
Frustrated,0,0.5983613729476929,0.6615782976150513,0,0,0,0,0,0,0,0,0,0,0,0.13751712441444397,0.12184854596853256,0,0.18611930310726166,0.21223989129066467,0.4340813159942627,0.588750958442688,0,0,0,0,0.17096368968486786,0,0,0,0,0,0,0,0,0.13290393352508545,0.11921346187591553,0,0,0,0,0,0.19566971063613892,0,0,0.48326826095581055,0.5769770741462708,0,0,0.27223992347717285,0.6220923066139221,0,0
Frustrated,0,0.5905876159667969,0.6538665294647217,0,0,0,0,0,0,0.10612411797046661,0,0,0,0,0.13944564759731293,0.12232748419046402,0,0.19666971266269684,0.22314472496509552,0.4384964108467102,0.579267144203186,0,0,0,0,0.1696929782629013,0,0,0,0,0,0,0,0,0.14077270030975342,0.1224331259727478,0,0,0,0,0,0.20401623845100403,0,0,0.4781256318092346,0.5746180415153503,0,0,0.2519322633743286,0.5892797708511353,0,0
Frustrated,0,0.5667785406112671,0.6329681873321533,0,0,0,0,0,0,0.1089220717549324,0.10292186588048935,0,0,0,0.1488797813653946,0.13274623453617096,0,0.20451775193214417,0.23144423961639404,0.43015366792678833,0.5740463733673096,0,0,0,0,0.1645885407924652,0,0,0,0,0,0,0,0,0.1198553740978241,0.10614592581987381,0,0,0,0,0,0.2051485925912857,0,0,0.4798399806022644,0.5702244639396667,0,0,0.2455117106437683,0.5728433132171631,0,0
Frustrated,0,0.5887807607650757,0.6507198810577393,0,0,0,0,0,0,0.11084384471178055,0.10925821959972382,0,0,0,0.1597222089767456,0.14338377118110657,0,0.19810423254966736,0.21889366209506989,0.4446427822113037,0.5564444065093994,0,0,0,0,0.15296196937561035,0,0,0,0,0,0,0,0,0.14020852744579315,0.12865343689918518,0,0,0,0,0,0.2119416445493698,0,0,0.4642527997493744,0.5482345819473267,0,0,0.29137295484542847,0.6454339027404785,0,0
Frustrated,0,0.5536381602287292,0.627139687538147,0,0,0,0,0,0,0.11552495509386063,0.11398429423570633,0,0,0,0.13916268944740295,0.12243195623159409,0,0.20985768735408783,0.23453959822654724,0.4460986256599426,0.5560452342033386,0,0,0,0,0.17537400126457214,0,0,0,0,0,0,0,0,0.11160897463560104,0.10250414907932281,0,0,0,0,0,0.23608942329883575,0,0,0.5021235942840576,0.583480715751648,0,0,0.2396896928548813,0.562337338924408,0,0
Frustrated,0,0.5676112174987793,0.6406494379043579,0,0,0,0,0,0,0.10159645229578018,0.1043282225728035,0,0,0,0.13564302027225494,0.1184806227684021,0,0.2021133452653885,0.21844206750392914,0.46899405121803284,0.5679968595504761,0,0,0,0,0.19894924759864807,0,0,0,0,0,0,0,0,0.1272806078195572,0.1319786161184311,0,0,0,0,0,0.31512463092803955,0,0,0.5493798851966858,0.6349337100982666,0,0,0.2226693332195282,0.5613924264907837,0,0
Frustrated,0,0.5978963375091553,0.6614768505096436,0,0,0,0,0,0,0,0,0,0,0,0.15220217406749725,0.13791191577911377,0,0.19860832393169403,0.2211763560771942,0.43724876642227173,0.5777541399002075,0,0,0,0,0.19120684266090393,0,0,0,0,0,0,0,0,0.12581221759319305,0.1093243733048439,0,0,0,0,0,0.21993641555309296,0,0,0.49578332901000977,0.5872775316238403,0,0,0.23275497555732727,0.5599613785743713,0,0
Frustrated,0,0.6274410486221313,0.6654717922210693,0,0,0,0,0,0,0,0,0,0,0,0.15759173035621643,0.14221136271953583,0,0.209562748670578,0.2310594767332077,0.4464493691921234,0.5800435543060303,0,0,0,0,0.17383688688278198,0,0,0,0,0,0,0,0,0.14158591628074646,0.1338622123003006,0,0,0,0,0,0.20334649085998535,0,0,0.4956452548503876,0.5980523228645325,0,0,0.2475413680076599,0.5988315343856812,0,0
Frustrated,0,0.5752588510513306,0.6370464563369751,0,0,0,0,0,0,0.10697714984416962,0.10814698040485382,0,0,0,0.13032478094100952,0.11611567437648773,0,0.21485784649848938,0.236173614859581,0.4730980098247528,0.5748698711395264,0,0,0,0,0.21009992063045502,0,0,0,0,0,0,0,0,0,0,0,0,0,0,0,0.23346929252147675,0,0,0.5483243465423584,0.6330054402351379,0,0,0.19554971158504486,0.5130658745765686,0,0
Frustrated,0,0.5787583589553833,0.62668377161026,0,0,0,0,0,0,0.10966590791940689,0.1064562276005745,0,0,0,0.14831259846687317,0.13251155614852905,0,0.21041984856128693,0.23857982456684113,0.4566549062728882,0.585921049118042,0,0,0,0,0.1868664026260376,0,0,0,0,0,0,0,0,0,0,0,0,0,0,0,0.2274947464466095,0,0,0.495870977640152,0.5859392285346985,0,0,0.22192515432834625,0.5555310249328613,0,0
Frustrated,0,0.4775993227958679,0.5628823041915894,0,0,0,0,0,0,0,0.10613605380058289,0,0,0,0,0,0,0.2509814202785492,0.2719075381755829,0.48090943694114685,0.5982266664505005,0,0,0,0,0.21616895496845245,0,0,0,0,0,0,0,0,0.10433930158615112,0.11958827078342438,0,0,0,0,0,0.36695241928100586,0,0,0.5708744525909424,0.6240768432617188,0,0,0.18874797224998474,0.47963306307792664,0,0
Frustrated,0,0.48079395294189453,0.5899715423583984,0,0,0,0,0,0,0,0,0,0,0,0.1073014885187149,0,0,0.22135807573795319,0.24220480024814606,0.43776148557662964,0.5653324127197266,0,0,0,0,0.22093911468982697,0,0,0,0,0,0,0,0,0.10599619895219803,0.11968915909528732,0,0,0,0,0,0.2662806510925293,0,0,0.5461000204086304,0.6073036789894104,0,0,0.20651283860206604,0.5027470588684082,0,0
Frustrated,0,0.537014365196228,0.6362403631210327,0,0,0,0,0,0,0,0,0,0,0,0,0,0,0.19205422699451447,0.21325674653053284,0.4562632143497467,0.5417519807815552,0,0,0,0,0.24595189094543457,0,0,0,0,0,0,0,0,0,0,0,0,0,0,0,0.26084139943122864,0,0,0.5983794927597046,0.6602151393890381,0,0,0.14402183890342712,0.37703371047973633,0,0
Frustrated,0,0.6305238008499146,0.6773415207862854,0,0,0,0,0,0,0,0,0,0,0,0.1167244091629982,0,0,0.21475771069526672,0.24011610448360443,0.41602814197540283,0.563122034072876,0,0,0,0,0.1718762218952179,0,0,0,0,0,0,0,0,0.211768239736557,0.2133999913930893,0,0,0,0,0,0.21408292651176453,0,0,0.46830740571022034,0.5414568781852722,0.15453563630580902,0,0.24337613582611084,0.5529499053955078,0,0
Frustrated,0,0.7248774170875549,0.7358605861663818,0,0,0,0,0,0,0.13492274284362793,0,0.1074397936463356,0,0,0,0,0,0.11827892810106277,0.1432768702507019,0.41044822335243225,0.566877543926239,0,0,0,0,0.1382741779088974,0,0,0,0,0,0,0,0,0,0,0,0,0,0,0,0,0,0,0.5639009475708008,0.5608086585998535,0,0,0.24239479005336761,0.4695664942264557,0,0
Frustrated,0,0.6226727962493896,0.6628216505050659,0,0,0,0,0,0,0.11833809316158295,0,0,0,0,0,0,0,0.21045279502868652,0.24132518470287323,0.41423070430755615,0.5845110416412354,0,0,0,0,0.16175499558448792,0,0,0,0,0,0,0,0,0.1711418181657791,0.15976452827453613,0,0,0,0,0,0.18929573893547058,0,0,0.48829829692840576,0.5581436157226562,0,0,0.2882933020591736,0.6183898448944092,0,0
Frustrated,0,0.6219977140426636,0.664238452911377,0,0,0,0,0,0,0,0,0,0,0,0,0,0,0.14645372331142426,0.16595163941383362,0.404203325510025,0.5535610914230347,0,0,0,0,0.1820269525051117,0,0,0,0,0,0,0,0,0.1729661077260971,0.15548057854175568,0,0,0,0,0,0.18374989926815033,0,0,0.5119153261184692,0.6059907674789429,0,0,0.19089846312999725,0.5156273245811462,0,0
Frustrated,0,0.5755112767219543,0.631322979927063,0,0,0,0,0,0,0.11867593973875046,0.11010465025901794,0,0,0,0.11039648950099945,0,0,0.22942857444286346,0.2599296569824219,0.42950353026390076,0.5752348899841309,0,0,0,0,0.1635408103466034,0,0,0,0,0,0,0,0,0.14031168818473816,0.11437714844942093,0,0,0,0,0,0.1870916783809662,0,0,0.4849509596824646,0.580565333366394,0,0,0.2602979838848114,0.6113240718841553,0,0
Frustrated,0,0.6069338321685791,0.6587575674057007,0,0,0,0,0,0,0.10701099783182144,0.10172028839588165,0,0,0,0,0,0,0.23256760835647583,0.25546756386756897,0.43626081943511963,0.5668739080429077,0,0,0,0,0.16396445035934448,0,0,0,0,0,0,0,0,0.1145203709602356,0.11240848898887634,0,0,0,0,0,0.20668737590312958,0,0,0.5410134792327881,0.5844305753707886,0,0,0.2525891065597534,0.5585163235664368,0,0
Frustrated,0,0.6074663400650024,0.6690938472747803,0,0,0,0,0,0,0.11587510257959366,0.10525364428758621,0,0,0,0,0,0,0.22820977866649628,0.2564546465873718,0.4208439886569977,0.5807925462722778,0,0,0,0,0.15439505875110626,0,0,0,0,0,0,0,0,0.1287745088338852,0.1280846893787384,0,0,0,0,0,0.20309767127037048,0,0,0.5534429550170898,0.5977435111999512,0,0,0.271166056394577,0.5749599933624268,0,0
Frustrated,0,0.6320713758468628,0.6742175221443176,0,0,0,0,0,0,0.10903747379779816,0,0,0,0,0,0,0,0.20251430571079254,0.22594475746154785,0.43136027455329895,0.5587334632873535,0,0,0,0,0.13849776983261108,0,0,0,0,0,0,0,0,0.13293439149856567,0.11417397856712341,0,0,0,0,0,0.16715776920318604,0,0,0.5096694231033325,0.5910764336585999,0,0,0.2895590662956238,0.6268595457077026,0,0
Frustrated,0,0.6296259164810181,0.6653295755386353,0,0,0,0,0,0,0.11462978273630142,0,0,0,0,0.11325786262750626,0,0,0.1870371550321579,0.21590618789196014,0.4169160723686218,0.5732578635215759,0,0,0,0,0.1685325652360916,0,0,0,0,0,0,0,0,0.12234533578157425,0,0,0,0,0,0,0.19027963280677795,0,0,0.5021202564239502,0.5994079113006592,0,0,0.2369772493839264,0.5788520574569702,0,0
Frustrated,0,0.5430879592895508,0.605624258518219,0,0,0,0,0,0,0,0,0,0,0,0.11235566437244415,0,0,0.226090669631958,0.2529502511024475,0.401623010635376,0.5794587135314941,0,0,0,0,0.15174080431461334,0,0,0,0,0,0,0,0,0.1347128003835678,0.11587417125701904,0,0,0,0,0,0.24688534438610077,0,0,0.5264045000076294,0.6136581301689148,0,0,0.27089357376098633,0.6193050742149353,0,0
Frustrated,0,0.49052566289901733,0.5726649165153503,0,0,0,0,0,0,0,0.10570584982633591,0,0,0,0.11398237943649292,0,0,0.22764992713928223,0.25420331954956055,0.42938944697380066,0.5704183578491211,0,0,0,0,0.1584978699684143,0,0,0,0,0,0,0,0,0.12176734954118729,0.10348585993051529,0,0,0,0,0,0.22495310008525848,0,0,0.484228253364563,0.5430586338043213,0,0,0.2649995982646942,0.5907406806945801,0,0
Frustrated,0,0.5365232229232788,0.6052228212356567,0,0,0,0,0,0,0.11614382266998291,0.10213692486286163,0,0,0,0.101805180311203,0,0,0.22898507118225098,0.25660040974617004,0.43767598271369934,0.5637519359588623,0,0,0,0,0.1590990126132965,0,0,0,0,0,0,0,0,0.12303182482719421,0.10582910478115082,0,0,0,0,0,0.2370004802942276,0,0,0.5107766389846802,0.5868675708770752,0,0,0.28039681911468506,0.6046299338340759,0,0
Frustrated,0,0.5375101566314697,0.6120569705963135,0,0,0,0,0,0,0.1160435825586319,0.10163486003875732,0,0,0,0.11101721227169037,0,0,0.23977304995059967,0.26873546838760376,0.4453975558280945,0.5697412490844727,0,0,0,0,0.16247859597206116,0,0,0,0,0,0,0,0,0.1267656683921814,0.11548276990652084,0,0,0,0,0,0.2285078465938568,0,0,0.5124959349632263,0.5835782289505005,0,0,0.26974916458129883,0.5900927782058716,0,0
Frustrated,0,0.5797432661056519,0.645371675491333,0,0,0,0,0,0,0.12249927967786789,0.10542363673448563,0,0,0,0.1296645700931549,0.110809825360775,0,0.22537145018577576,0.25526976585388184,0.4310855269432068,0.5718356370925903,0,0,0,0,0.1666911095380783,0,0,0,0,0,0,0,0,0.1319049447774887,0.12094535678625107,0,0,0,0,0,0.1897968202829361,0,0,0.5037516355514526,0.5835785865783691,0,0,0.2584336996078491,0.5936049222946167,0,0
Frustrated,0,0.5868107080459595,0.6495014429092407,0,0,0,0,0,0,0.1227627545595169,0.11173989623785019,0,0,0,0.12253590673208237,0.10362175107002258,0,0.20548297464847565,0.22862178087234497,0.4381772577762604,0.566160261631012,0,0,0,0,0.16083671152591705,0,0,0,0,0,0,0,0,0.12228518724441528,0.10952737927436829,0,0,0,0,0,0.19315502047538757,0,0,0.5097951889038086,0.5913487076759338,0,0,0.24604429304599762,0.5827760696411133,0,0
Frustrated,0,0.580569863319397,0.6288541555404663,0,0,0,0,0,0,0.1173388659954071,0.10512637346982956,0,0,0,0.1393168419599533,0.11990269273519516,0,0.2364751547574997,0.26129648089408875,0.4523412585258484,0.5599296689033508,0,0,0,0,0.17117372155189514,0,0,0,0,0,0,0,0,0.12515607476234436,0.11285189539194107,0,0,0,0,0,0.20027591288089752,0,0,0.5136439800262451,0.608139157295227,0,0,0.23173023760318756,0.5742246508598328,0,0
Frustrated,0,0.5682095289230347,0.6299228668212891,0,0,0,0,0,0,0.11860942095518112,0.10296887159347534,0,0,0,0.13941240310668945,0.12161572277545929,0,0.21192288398742676,0.23766766488552094,0.4554508626461029,0.5725206732749939,0,0,0,0,0.16651833057403564,0,0,0,0,0,0,0,0,0.12766660749912262,0.11461503058671951,0,0,0,0,0,0.21822506189346313,0,0,0.487079381942749,0.5716091990470886,0,0,0.25670164823532104,0.5892013311386108,0,0
Frustrated,0,0.568069577217102,0.6274577379226685,0,0,0,0,0,0,0.11726602166891098,0.10067994147539139,0,0,0,0.12300780415534973,0.10467304289340973,0,0.21291804313659668,0.23988372087478638,0.4428064823150635,0.5617080926895142,0,0,0,0,0.15824612975120544,0,0,0,0,0,0,0,0,0.1276983767747879,0.11832115054130554,0,0,0,0,0,0.20779380202293396,0,0,0.4968569576740265,0.5744762420654297,0,0,0.2766284644603729,0.6037735939025879,0,0
Frustrated,0,0.5549167394638062,0.6347198486328125,0,0,0,0,0,0,0.11100593954324722,0.10037444531917572,0,0,0,0.13270507752895355,0.1159520223736763,0,0.23766641318798065,0.26937299966812134,0.4361119270324707,0.5801085829734802,0,0,0,0,0.17891639471054077,0,0,0,0,0,0,0,0,0.10892165452241898,0,0,0,0,0,0,0.23469224572181702,0,0,0.4961607754230499,0.5751486420631409,0,0,0.26009538769721985,0.5909597873687744,0,0
Frustrated,0,0.5499981641769409,0.6110732555389404,0,0,0,0,0,0,0.11077704280614853,0.10691722482442856,0,0,0,0.1333317905664444,0.11824123561382294,0,0.24559997022151947,0.26783981919288635,0.4460275173187256,0.5511165857315063,0,0,0,0,0.17284315824508667,0,0,0,0,0,0,0,0,0.12582218647003174,0.1137675866484642,0,0,0,0,0,0.22565673291683197,0,0,0.484965443611145,0.5596816539764404,0,0,0.27592331171035767,0.6045191287994385,0,0
Frustrated,0,0.5469194650650024,0.6146674156188965,0,0,0,0,0,0,0.11466380208730698,0.11136021465063095,0,0,0,0.1277359277009964,0.10927801579236984,0,0.2402481585741043,0.2641761004924774,0.46157047152519226,0.5704869627952576,0,0,0,0,0.1626933068037033,0,0,0,0,0,0,0,0,0.12980885803699493,0.12149132788181305,0,0,0,0,0,0.2267991602420807,0,0,0.4876247048377991,0.5472463369369507,0,0,0.28351616859436035,0.6082065105438232,0,0
Frustrated,0,0.5780234932899475,0.6409671306610107,0,0,0,0,0,0,0.10537609457969666,0.10718148946762085,0,0,0,0.1400729864835739,0.12268851697444916,0,0.2495383471250534,0.27509841322898865,0.4435379207134247,0.5621825456619263,0,0,0,0,0.15785863995552063,0,0,0,0,0,0,0,0,0.10770100355148315,0.10500171035528183,0,0,0,0,0,0.20651262998580933,0,0,0.5217937231063843,0.5753926038742065,0,0,0.24757088720798492,0.5540396571159363,0,0
Frustrated,0,0.5464975833892822,0.6259544491767883,0,0,0,0,0,0,0.10016733407974243,0.10280132293701172,0,0,0,0.14932456612586975,0.13288675248622894,0,0.217713862657547,0.24134579300880432,0.4511953890323639,0.5704082250595093,0,0,0,0,0.164027139544487,0,0,0,0,0,0,0,0,0.12089134752750397,0.11554605513811111,0,0,0,0,0,0.22343729436397552,0,0,0.4784850478172302,0.5477322340011597,0,0,0.2685561180114746,0.6001231670379639,0,0
Frustrated,0,0.5867375135421753,0.6484885215759277,0,0,0,0,0,0,0.10890985280275345,0.10830200463533401,0,0,0,0.1457609385251999,0.12814368307590485,0,0.20419847965240479,0.22394511103630066,0.47411051392555237,0.5692626237869263,0,0,0,0,0.16759200394153595,0,0,0,0,0,0,0,0,0.12679435312747955,0.12100080400705338,0,0,0,0,0,0.22414995729923248,0,0,0.4701693654060364,0.5431314706802368,0,0,0.2642536461353302,0.603476345539093,0,0
Frustrated,0,0.5414829254150391,0.6149545907974243,0,0,0,0,0,0,0.10754285007715225,0.10755779594182968,0,0,0,0.143387570977211,0.12481959164142609,0,0.2253579944372177,0.25079020857810974,0.44590967893600464,0.5618941783905029,0,0,0,0,0.17997434735298157,0,0,0,0,0,0,0,0,0.12872670590877533,0.11646056920289993,0,0,0,0,0,0.2403131127357483,0,0,0.47877663373947144,0.5615348815917969,0,0,0.24060097336769104,0.5756812691688538,0,0
Frustrated,0,0.5980277061462402,0.6508694887161255,0,0,0,0,0,0,0.11212596297264099,0.11005180329084396,0,0,0,0.15287551283836365,0.13650505244731903,0,0.21798314154148102,0.24167989194393158,0.45808184146881104,0.5739861130714417,0,0,0,0,0.16431593894958496,0,0,0,0,0,0,0,0,0.1380758285522461,0.12219307571649551,0,0,0,0,0,0.20488761365413666,0,0,0.45421481132507324,0.5421297550201416,0.10427187383174896,0,0.2685704529285431,0.6149297952651978,0,0
Frustrated,0,0.6876620054244995,0.7092704176902771,0,0,0,0,0,0,0,0,0,0,0,0.10561293363571167,0,0,0.1956983208656311,0.2099829763174057,0.4756010174751282,0.5663079023361206,0,0,0,0,0.17249368131160736,0,0,0,0,0,0,0,0,0,0,0,0,0,0,0,0.16042856872081757,0,0,0.5086208581924438,0.5986952781677246,0.10339058190584183,0,0.2279050499200821,0.5386935472488403,0,0
Frustrated,0,0.6297468543052673,0.670197606086731,0,0,0,0,0,0,0,0,0,0,0,0.14800779521465302,0.1310044676065445,0,0.22523127496242523,0.2501748502254486,0.44704708456993103,0.5758862495422363,0,0,0,0,0.15617167949676514,0,0,0,0,0,0,0,0,0.10734030604362488,0,0,0,0,0,0,0.15227903425693512,0,0,0.47028911113739014,0.5630706548690796,0,0,0.2558695375919342,0.5995557308197021,0,0
Frustrated,0,0.6333167552947998,0.6775420904159546,0,0,0,0,0,0,0,0.10048255324363708,0,0,0,0.13428142666816711,0.11518821865320206,0,0.23708559572696686,0.26287537813186646,0.4631175994873047,0.5871545076370239,0,0,0,0,0.20353522896766663,0,0,0,0,0,0,0,0,0.1408095359802246,0.14129094779491425,0,0,0,0,0,0.23302626609802246,0,0,0.5347161293029785,0.6395007371902466,0,0,0.22163046896457672,0.5546762943267822,0,0
Frustrated,0,0.5832937359809875,0.6394199132919312,0,0,0,0,0,0,0.11667092889547348,0.10656079649925232,0,0,0,0.15860848128795624,0.14361636340618134,0,0.24044515192508698,0.2691097557544708,0.44580042362213135,0.5841423273086548,0,0,0,0,0.170850932598114,0,0,0,0,0,0,0,0,0.10509243607521057,0,0,0,0,0,0,0.19517208635807037,0,0,0.45289772748947144,0.5723621845245361,0,0,0.22021377086639404,0.5731675624847412,0,0
Frustrated,0,0.6204553246498108,0.6571699380874634,0,0,0,0,0,0,0.1050155758857727,0,0,0,0,0.12650270760059357,0.11076444387435913,0,0.19057394564151764,0.21861055493354797,0.42808905243873596,0.5793688297271729,0,0,0,0,0.16821926832199097,0,0,0,0,0,0,0,0,0.1365758180618286,0.10883131623268127,0,0,0,0,0,0.21466869115829468,0,0,0.4537760317325592,0.5577223300933838,0,0,0.2390015870332718,0.5889859199523926,0,0
Frustrated,0,0.6177352666854858,0.6688482761383057,0,0,0,0,0,0,0.11599990725517273,0.10267002880573273,0,0,0,0.1485578864812851,0.1324787586927414,0,0.22379857301712036,0.250745564699173,0.42938128113746643,0.5654199123382568,0,0,0,0,0.18122728168964386,0,0,0,0,0,0,0,0,0,0,0,0,0,0,0,0.20883768796920776,0,0,0.5004594326019287,0.5850098133087158,0,0,0.2504480481147766,0.5602482557296753,0,0
Frustrated,0,0.5086740255355835,0.6029598116874695,0,0,0,0,0,0,0.10902608186006546,0.10426002740859985,0,0,0,0.10866221785545349,0,0,0.23474867641925812,0.2682770788669586,0.4444354772567749,0.5972467660903931,0,0,0,0,0.17915646731853485,0,0,0,0,0,0,0,0,0.13618715107440948,0.12474282830953598,0,0,0,0,0,0.29415273666381836,0,0,0.4978717267513275,0.5844563245773315,0,0,0.23071298003196716,0.5291986465454102,0,0
Frustrated,0,0.5302816033363342,0.5989837050437927,0,0,0,0,0,0,0.10010728985071182,0.10142325609922409,0,0,0,0,0,0,0.22122269868850708,0.2413247525691986,0.4628618359565735,0.5462281107902527,0,0,0,0,0.17306870222091675,0,0,0,0,0,0,0,0,0.14948204159736633,0.13446524739265442,0,0,0,0,0,0.30488842725753784,0,0,0.48412638902664185,0.5545096397399902,0,0,0.2632436454296112,0.5880216360092163,0,0
Frustrated,0,0.5649906396865845,0.6229296922683716,0,0,0,0,0,0,0.11706119030714035,0.108879454433918,0,0,0,0.1457044780254364,0.1309913545846939,0,0.23072250187397003,0.25647348165512085,0.45569443702697754,0.573407769203186,0,0,0,0,0.18080349266529083,0,0,0,0,0,0,0,0,0.10130085051059723,0,0,0,0,0,0,0.24803222715854645,0,0,0.48764559626579285,0.5648616552352905,0,0,0.23239777982234955,0.5581735372543335,0,0
Frustrated,0,0.5669001936912537,0.6381094455718994,0,0,0,0,0,0,0.11464649438858032,0.1142072007060051,0,0,0,0.1559281200170517,0.13923057913780212,0,0.23449289798736572,0.2644118666648865,0.4577889144420624,0.5783880352973938,0,0,0,0,0.18896318972110748,0,0,0,0,0,0,0,0,0.10769408196210861,0,0,0,0,0,0,0.2495127022266388,0,0,0.4940304756164551,0.5738589763641357,0,0,0.21220634877681732,0.5201817750930786,0,0
Frustrated,0,0.5705329179763794,0.6525798439979553,0,0,0,0,0,0,0.11528239399194717,0.10876017063856125,0,0,0,0.14853787422180176,0.1315973848104477,0,0.2286626100540161,0.25685781240463257,0.4767957925796509,0.5767829418182373,0,0,0,0,0.20308594405651093,0,0,0,0,0,0,0,0,0.11062686145305634,0,0,0,0,0,0,0.25093016028404236,0,0,0.5125179290771484,0.5974235534667969,0,0,0.19527482986450195,0.5050845146179199,0,0
Frustrated,0,0.5212137699127197,0.6030024290084839,0,0,0,0,0,0,0.1083623617887497,0.11090699583292007,0,0,0,0.1327100396156311,0.11721065640449524,0,0.22831116616725922,0.24907144904136658,0.4780813753604889,0.5683989524841309,0,0,0,0,0.17456099390983582,0,0,0,0,0,0,0,0,0.13236820697784424,0.11658412218093872,0,0,0,0,0,0.2717273533344269,0,0,0.46423768997192383,0.5483155250549316,0,0,0.2607783377170563,0.5935351848602295,0,0
Frustrated,0,0.5623557567596436,0.6286729574203491,0,0,0,0,0,0,0.11246347427368164,0.10255906730890274,0,0,0,0.13641035556793213,0.11945515125989914,0,0.22165626287460327,0.2398093342781067,0.4709649682044983,0.5490633249282837,0,0,0,0,0.17205150425434113,0,0,0,0,0,0,0,0,0.12342013418674469,0.11425112187862396,0,0,0,0,0,0.26221132278442383,0,0,0.4821096658706665,0.5448230504989624,0.10043220221996307,0,0.24397562444210052,0.5723158121109009,0,0
Frustrated,0,0.6286875009536743,0.6747719049453735,0,0,0,0,0,0,0,0,0,0,0,0.13882479071617126,0.12216787040233612,0,0.20785193145275116,0.23705041408538818,0.3980613350868225,0.5828571319580078,0,0,0,0,0.1676839143037796,0,0,0,0,0,0,0,0,0.11425241827964783,0,0,0,0,0,0,0.201151505112648,0,0,0.4894419014453888,0.5817463397979736,0,0,0.23303695023059845,0.5780646204948425,0,0
Frustrated,0,0.6280770301818848,0.668537437915802,0,0,0,0,0,0,0,0,0,0,0,0.14636939764022827,0.13247443735599518,0,0.1987094283103943,0.21791207790374756,0.42855316400527954,0.5511190891265869,0,0,0,0,0.21610869467258453,0,0,0,0,0,0,0,0,0.12429007887840271,0.11778710782527924,0,0,0,0,0,0.22463548183441162,0,0,0.5170997977256775,0.6306881904602051,0,0,0.22128450870513916,0.5601973533630371,0,0
Frustrated,0,0.5950735211372375,0.6620285511016846,0,0,0,0,0,0,0.10771217942237854,0.10010634362697601,0,0,0,0.12776485085487366,0.11181259900331497,0,0.23666512966156006,0.2656261920928955,0.44298025965690613,0.5677330493927002,0,0,0,0,0.2098558098077774,0,0,0,0,0,0,0,0,0,0,0,0,0,0,0,0.23134136199951172,0,0,0.5234047174453735,0.6244997978210449,0,0,0.22605225443840027,0.5520937442779541,0,0
Frustrated,0,0.5703436136245728,0.6450475454330444,0,0,0,0,0,0,0.10720445215702057,0.10594315826892853,0,0,0,0.13066188991069794,0.11187930405139923,0,0.22505517303943634,0.2523621916770935,0.44450876116752625,0.579607367515564,0,0,0,0,0.18986211717128754,0,0,0,0,0,0,0,0,0.10184032469987869,0,0,0,0,0,0,0.2361321598291397,0,0,0.5102913975715637,0.597436785697937,0,0,0.2474057376384735,0.574844241142273,0,0
Frustrated,0,0.560565710067749,0.6339727640151978,0,0,0,0,0,0,0.10547824949026108,0.10721229761838913,0,0,0,0.12899667024612427,0.11277894675731659,0,0.2171407788991928,0.2445957064628601,0.4433385133743286,0.580568253993988,0,0,0,0,0.1715918630361557,0,0,0,0,0,0,0,0,0.12753130495548248,0.11829961836338043,0,0,0,0,0,0.273377925157547,0,0,0.4826888144016266,0.5591377019882202,0,0,0.257805734872818,0.5868514180183411,0,0
Frustrated,0,0.5972882509231567,0.6476963758468628,0,0,0,0,0,0,0,0,0,0,0,0.1526019275188446,0.1369205266237259,0,0.2304498553276062,0.2542887330055237,0.4490068852901459,0.5713041424751282,0,0,0,0,0.18096865713596344,0,0,0,0,0,0,0,0,0.10100146383047104,0,0,0,0,0,0,0.21109507977962494,0,0,0.48760494589805603,0.5487529039382935,0,0,0.24618013203144073,0.5427138805389404,0,0
Frustrated,0,0.5929192304611206,0.6490962505340576,0,0,0,0,0,0,0,0.10308992117643356,0,0,0,0.14186273515224457,0.12504330277442932,0,0.22794662415981293,0.2539854049682617,0.45248013734817505,0.5810465812683105,0,0,0,0,0.17230376601219177,0,0,0,0,0,0,0,0,0.10634667426347733,0,0,0,0,0,0,0.21717549860477448,0,0,0.4974602162837982,0.5627524852752686,0,0,0.26588472723960876,0.5650804042816162,0,0
Frustrated,0,0.6062235832214355,0.6594226360321045,0,0,0,0,0,0,0,0,0,0,0,0.10960118472576141,0,0,0.18547484278678894,0.2026684582233429,0.4444880187511444,0.5507141351699829,0,0,0,0,0.18466416001319885,0,0,0,0,0,0,0,0,0.10783905535936356,0.11470206081867218,0,0,0,0,0,0.22665764391422272,0,0,0.5357242822647095,0.5636388063430786,0,0,0.22689013183116913,0.4934326410293579,0,0
Frustrated,0,0.6163262724876404,0.6570853590965271,0,0,0,0,0,0,0.10357020795345306,0.11050048470497131,0,0,0,0.15700940787792206,0.1406351774930954,0,0.20590496063232422,0.22327914834022522,0.45872148871421814,0.5648913383483887,0,0,0,0,0.15728344023227692,0,0,0,0,0,0,0,0,0.12724876403808594,0.12716065347194672,0,0,0,0,0,0.22650443017482758,0,0,0.4838453531265259,0.5533754825592041,0,0,0.28801393508911133,0.6241925954818726,0,0
Frustrated,0,0.6235675811767578,0.6675776243209839,0,0,0,0,0,0,0,0.10078344494104385,0,0,0,0.14968706667423248,0.13215960562229156,0,0.1998475342988968,0.21993036568164825,0.4484645128250122,0.574298083782196,0,0,0,0,0.1808529943227768,0,0,0,0,0,0,0,0,0.12640348076820374,0.12170780450105667,0,0,0,0,0,0.21305584907531738,0,0,0.4972493648529053,0.575875461101532,0,0,0.2650577425956726,0.5980802774429321,0,0
Frustrated,0,0.6292203664779663,0.6746594309806824,0,0,0,0,0,0,0,0,0,0,0,0.13260652124881744,0.11479983478784561,0,0.20386964082717896,0.22801829874515533,0.43514811992645264,0.5825988054275513,0,0,0,0,0.15606294572353363,0,0,0,0,0,0,0,0,0.11411470174789429,0,0,0,0,0,0,0.1778896301984787,0,0,0.48533958196640015,0.5873403549194336,0,0,0.24778258800506592,0.6053808331489563,0,0
Frustrated,0,0.6175782084465027,0.6720576882362366,0,0,0,0,0,0,0.1109924390912056,0.10470323264598846,0,0,0,0.16355998814105988,0.14617115259170532,0,0.19778268039226532,0.22130687534809113,0.4485219717025757,0.5820319056510925,0,0,0,0,0.17445966601371765,0,0,0,0,0,0,0,0,0.11607779562473297,0.10385735332965851,0,0,0,0,0,0.20508137345314026,0,0,0.48338061571121216,0.571834921836853,0,0,0.2247820645570755,0.5547429323196411,0,0
Frustrated,0,0.6011348962783813,0.6470431685447693,0,0,0,0,0,0,0.10411732643842697,0.11319072544574738,0,0,0,0.15021991729736328,0.1331765055656433,0,0.22965314984321594,0.248263418674469,0.44807180762290955,0.5557980537414551,0,0,0,0,0.15038101375102997,0,0,0,0,0,0,0,0,0.1247999295592308,0.1155407503247261,0,0,0,0,0,0.19456568360328674,0,0,0.477695494890213,0.5511083006858826,0,0,0.2965683937072754,0.6361456513404846,0,0
Frustrated,0,0.5962937474250793,0.6546056270599365,0,0,0,0,0,0,0.1054563820362091,0.10288361459970474,0,0,0,0.14301960170269012,0.12658825516700745,0,0.22510869801044464,0.2518215775489807,0.4289399981498718,0.5734683871269226,0,0,0,0,0.16791777312755585,0,0,0,0,0,0,0,0,0.12087737023830414,0.10975728929042816,0,0,0,0,0,0.21035099029541016,0,0,0.4836112856864929,0.5681317448616028,0,0,0.2793511748313904,0.6197230815887451,0,0
Frustrated,0,0.6019628047943115,0.6487547755241394,0,0,0,0,0,0,0,0,0,0,0,0.13211975991725922,0.11379299312829971,0,0.22898896038532257,0.24039281904697418,0.43254896998405457,0.538701057434082,0,0,0,0,0.19292762875556946,0,0,0,0,0,0,0,0,0.1860792189836502,0.18337640166282654,0,0,0,0,0,0.2704266607761383,0,0,0.48609447479248047,0.612155020236969,0,0,0.24502873420715332,0.6008498668670654,0,0
Frustrated,0,0.6279762983322144,0.6716102361679077,0,0,0,0,0,0,0,0,0,0,0,0.14524595439434052,0.1308142989873886,0,0.18406228721141815,0.20037145912647247,0.4225722551345825,0.5563267469406128,0,0,0,0,0.16258879005908966,0,0,0,0,0,0,0,0,0.14407314360141754,0.12142695486545563,0,0,0,0,0,0.23950639367103577,0,0,0.45095616579055786,0.5578940510749817,0,0,0.24803340435028076,0.6091833114624023,0,0
Frustrated,0,0.6529061794281006,0.701472818851471,0,0,0,0,0,0,0,0,0,0,0,0.1038595587015152,0,0,0.18281367421150208,0.20015540719032288,0.42540600895881653,0.5666025876998901,0,0,0,0,0.15957073867321014,0,0,0,0,0,0,0,0,0.14227765798568726,0.1209331676363945,0,0,0,0,0,0.17451022565364838,0,0,0.47499337792396545,0.5897813439369202,0,0,0.24948224425315857,0.6139755845069885,0,0
Frustrated,0,0.6031825542449951,0.6685450077056885,0,0,0,0,0,0,0,0,0,0,0,0.14988525211811066,0.1342124342918396,0,0.1930946260690689,0.21794646978378296,0.4312296509742737,0.5734252333641052,0,0,0,0,0.1792631298303604,0,0,0,0,0,0,0,0,0.11977844685316086,0.10415636003017426,0,0,0,0,0,0.21349190175533295,0,0,0.4801570177078247,0.5726237893104553,0,0,0.2343730479478836,0.5660670399665833,0,0
Frustrated,0,0.5204092264175415,0.6095521450042725,0,0,0,0,0,0,0,0,0,0,0,0.1286131739616394,0.11129779368638992,0,0.21882647275924683,0.24127276241779327,0.45600825548171997,0.5600600242614746,0,0,0,0,0.19449657201766968,0,0,0,0,0,0,0,0,0.13443265855312347,0.12054022401571274,0,0,0,0,0,0.2640363574028015,0,0,0.5004853010177612,0.583755612373352,0,0,0.20743800699710846,0.5226632356643677,0,0
Frustrated,0,0.5780633091926575,0.6394466161727905,0,0,0,0,0,0,0.10289306938648224,0.11089573800563812,0,0,0,0.16105903685092926,0.1449412703514099,0,0.227825328707695,0.2500912845134735,0.4513474702835083,0.5550251603126526,0,0,0,0,0.19563867151737213,0,0,0,0,0,0,0,0,0.1240047737956047,0.10715316236019135,0,0,0,0,0,0.25930318236351013,0,0,0.4926660656929016,0.5844323039054871,0,0,0.2152862697839737,0.5463814735412598,0,0
Frustrated,0,0.5971479415893555,0.6510858535766602,0,0,0,0,0,0,0,0,0,0,0,0.14434495568275452,0.1288432776927948,0,0.22376489639282227,0.24997952580451965,0.4399670362472534,0.5666893720626831,0,0,0,0,0.19566157460212708,0,0,0,0,0,0,0,0,0.14172177016735077,0.12752898037433624,0,0,0,0,0,0.21071670949459076,0,0,0.49787992238998413,0.6051197052001953,0,0,0.2640436887741089,0.6088298559188843,0,0
Frustrated,0,0.6075087189674377,0.667229175567627,0,0,0,0,0,0,0.11083252727985382,0.10056807845830917,0,0,0,0.12319894134998322,0.1043258011341095,0,0.20983999967575073,0.23970316350460052,0.4408676028251648,0.5805078744888306,0,0,0,0,0.1891402304172516,0,0,0,0,0,0,0,0,0.11119579523801804,0,0,0,0,0,0,0.21054774522781372,0,0,0.4962782561779022,0.6133233308792114,0,0,0.24749742448329926,0.592369794845581,0,0
Frustrated,0,0.5571683049201965,0.6233941316604614,0,0,0,0,0,0,0.11339844018220901,0.11276324838399887,0,0,0,0.1287154257297516,0.11129391938447952,0,0.21221300959587097,0.23511025309562683,0.43600112199783325,0.560184121131897,0,0,0,0,0.17956337332725525,0,0,0,0,0,0,0,0,0.11760912090539932,0.10060159116983414,0,0,0,0,0,0.262300580739975,0,0,0.49885669350624084,0.5856208801269531,0,0,0.250430166721344,0.5769553780555725,0,0
Frustrated,0,0.5646734833717346,0.6171273589134216,0,0,0,0,0,0,0,0.1065453439950943,0,0,0,0.13746698200702667,0.12228398025035858,0,0.212097629904747,0.23331718146800995,0.4199374318122864,0.5429462194442749,0,0,0,0,0.15432526171207428,0,0,0,0,0,0,0,0,0.12696227431297302,0.10578279942274094,0,0,0,0,0,0.24570390582084656,0,0,0.4755489230155945,0.541775107383728,0,0,0.28690099716186523,0.6094512939453125,0,0
Frustrated,0,0.5715793371200562,0.6304214000701904,0,0,0,0,0,0,0.10927613824605942,0.11224788427352905,0,0,0,0.11938613653182983,0.1020512655377388,0,0.21969856321811676,0.24612168967723846,0.42171230912208557,0.5598229169845581,0,0,0,0,0.14660288393497467,0,0,0,0,0,0,0,0,0.13196727633476257,0.11018943786621094,0,0,0,0,0,0.21780449151992798,0,0,0.4712522625923157,0.5629526376724243,0,0,0.29155203700065613,0.6336163282394409,0,0
Frustrated,0,0.6063480377197266,0.6506780385971069,0,0,0,0,0,0,0.10820427536964417,0.10286843031644821,0,0,0,0.13133102655410767,0.11551983654499054,0,0.21078024804592133,0.2367079108953476,0.4396571218967438,0.5781641006469727,0,0,0,0,0.15484294295310974,0,0,0,0,0,0,0,0,0.11437638849020004,0,0,0,0,0,0,0.18563510477542877,0,0,0.4538592994213104,0.5485745668411255,0,0,0.2606103718280792,0.6038926839828491,0,0
Frustrated,0,0.5804911851882935,0.6378408670425415,0,0,0,0,0,0,0.10612022876739502,0.10003860294818878,0,0,0,0.13893862068653107,0.12257198989391327,0,0.20932413637638092,0.24072955548763275,0.42216402292251587,0.5915706157684326,0,0,0,0,0.15696659684181213,0,0,0,0,0,0,0,0,0.12308337539434433,0,0,0,0,0,0,0.192210853099823,0,0,0.45378613471984863,0.5577535629272461,0,0,0.25344428420066833,0.5893392562866211,0,0
Frustrated,0,0.5766263008117676,0.6463271379470825,0,0,0,0,0,0,0.10843247920274734,0.1061120554804802,0,0,0,0.14268191158771515,0.12557420134544373,0,0.23025082051753998,0.25722527503967285,0.4497247636318207,0.5877695679664612,0,0,0,0,0.1707986742258072,0,0,0,0,0,0,0,0,0.12661638855934143,0.10679125040769577,0,0,0,0,0,0.2036026120185852,0,0,0.45633336901664734,0.5605286955833435,0,0,0.24215053021907806,0.5919302701950073,0,0
Frustrated,0,0.5802826285362244,0.6383883357048035,0,0,0,0,0,0,0.10888374596834183,0.10941553860902786,0,0,0,0.14068903028964996,0.12436562031507492,0,0.22539977729320526,0.24589696526527405,0.44001540541648865,0.5566599369049072,0,0,0,0,0.15258650481700897,0,0,0,0,0,0,0,0,0.12593971192836761,0.11412367969751358,0,0,0,0,0,0.18507744371891022,0,0,0.4604593813419342,0.5365905165672302,0,0,0.29523882269859314,0.634553074836731,0,0
Frustrated,0,0.583480715751648,0.6473000645637512,0,0,0,0,0,0,0.10954608023166656,0.11102095246315002,0,0,0,0.15709921717643738,0.13999909162521362,0,0.2093782275915146,0.23030482232570648,0.4298272728919983,0.5601742267608643,0,0,0,0,0.15875525772571564,0,0,0,0,0,0,0,0,0.1265612691640854,0.11305201053619385,0,0,0,0,0,0.1941199153661728,0,0,0.4744645357131958,0.5549768805503845,0,0,0.28081074357032776,0.619871199131012,0,0
Frustrated,0,0.6016598343849182,0.6653236150741577,0,0,0,0,0,0,0.10705705732107162,0.1044699177145958,0,0,0,0.15230463445186615,0.1365412026643753,0,0.21267271041870117,0.23417283594608307,0.44460001587867737,0.5613541007041931,0,0,0,0,0.1626378744840622,0,0,0,0,0,0,0,0,0.12975284457206726,0.1136903241276741,0,0,0,0,0,0.21560893952846527,0,0,0.4688132405281067,0.5685057640075684,0,0,0.27255722880363464,0.6189241409301758,0,0
Frustrated,0,0.5999019145965576,0.6626511216163635,0,0,0,0,0,0,0.10569151490926743,0.10961566120386124,0,0,0,0.15582463145256042,0.13962018489837646,0,0.21426725387573242,0.22967015206813812,0.4597456753253937,0.5568039417266846,0,0,0,0,0.17066767811775208,0,0,0,0,0,0,0,0,0.1357690542936325,0.11573565006256104,0,0,0,0,0,0.2298526167869568,0,0,0.4614303410053253,0.5553809404373169,0,0,0.25806528329849243,0.6013643741607666,0,0
Frustrated,0,0.6007977724075317,0.6552269458770752,0,0,0,0,0,0,0,0,0,0,0,0.13293693959712982,0.11609288305044174,0,0.2144821286201477,0.23095716536045074,0.4491470456123352,0.558946967124939,0,0,0,0,0.17185217142105103,0,0,0,0,0,0,0,0,0.13133452832698822,0.1121726855635643,0,0,0,0,0,0.22634395956993103,0,0,0.48422330617904663,0.5821813344955444,0,0,0.2635107934474945,0.6142277121543884,0,0
Frustrated,0,0.5821473002433777,0.636294424533844,0,0,0,0,0,0,0,0,0,0,0,0.1343611627817154,0.11820415407419205,0,0.227474182844162,0.24628059566020966,0.44826531410217285,0.537699818611145,0,0,0,0,0.20349565148353577,0,0,0,0,0,0,0,0,0.15117138624191284,0.1291639804840088,0,0,0,0,0,0.23153716325759888,0,0,0.4933147728443146,0.6223243474960327,0,0,0.23293933272361755,0.5818021297454834,0,0
Frustrated,0,0.557013750076294,0.6296626925468445,0,0,0,0,0,0,0.1099679246544838,0.1115771234035492,0,0,0,0.1408425122499466,0.12416418641805649,0,0.22570320963859558,0.2502670884132385,0.43819954991340637,0.548276424407959,0,0,0,0,0.18545573949813843,0,0,0,0,0,0,0,0,0.12881091237068176,0.10633514076471329,0,0,0,0,0,0.22256889939308167,0,0,0.4801112115383148,0.5725395083427429,0,0,0.23134097456932068,0.5555706024169922,0,0
Frustrated,0,0.5860944986343384,0.6550376415252686,0,0,0,0,0,0,0.10420820116996765,0.10372264683246613,0,0,0,0.13614605367183685,0.1192227229475975,0,0.20506404340267181,0.23039963841438293,0.4498923420906067,0.5836051106452942,0,0,0,0,0.1923939436674118,0,0,0,0,0,0,0,0,0.1122698038816452,0,0,0,0,0,0,0.24345707893371582,0,0,0.4903915524482727,0.5912988781929016,0,0,0.21755680441856384,0.5616948008537292,0,0
Frustrated,0,0.5675443410873413,0.6287695169448853,0,0,0,0,0,0,0,0.10150843113660812,0,0,0,0.13527408242225647,0.12135393172502518,0,0.21450306475162506,0.23441220819950104,0.44421258568763733,0.5437201857566833,0,0,0,0,0.17594873905181885,0,0,0,0,0,0,0,0,0.15197283029556274,0.13153482973575592,0,0,0,0,0,0.2744509279727936,0,0,0.4809429347515106,0.5728737115859985,0,0,0.2380920946598053,0.5741643309593201,0,0
Frustrated,0,0.5912624597549438,0.6573264598846436,0,0,0,0,0,0,0.10389240831136703,0,0,0,0,0.1099531352519989,0,0,0.2256036251783371,0.2508523166179657,0.4202888309955597,0.5542634725570679,0,0,0,0,0.1790606826543808,0,0,0,0,0,0,0,0,0.11907654255628586,0.10946738719940186,0,0,0,0,0,0.23528167605400085,0,0,0.5295034646987915,0.5909546613693237,0,0,0.2511548399925232,0.5664177536964417,0,0
Frustrated,0,0.5876213312149048,0.641842246055603,0,0,0,0,0,0,0.10921641439199448,0.10869087278842926,0,0,0,0.13450056314468384,0.11882224678993225,0,0.2277103215456009,0.24815091490745544,0.442257821559906,0.5459306240081787,0,0,0,0,0.1585596352815628,0,0,0,0,0,0,0,0,0.12950316071510315,0.11823958903551102,0,0,0,0,0,0.21398846805095673,0,0,0.4950915575027466,0.5693731307983398,0,0,0.29117241501808167,0.6206260919570923,0,0
Frustrated,0,0.5866669416427612,0.6428627371788025,0,0,0,0,0,0,0.10591980814933777,0.10744620859622955,0,0,0,0.15146809816360474,0.13523490726947784,0,0.20736216008663177,0.23149454593658447,0.43847885727882385,0.5762370824813843,0,0,0,0,0.15547524392604828,0,0,0,0,0,0,0,0,0.1302880495786667,0.12204062193632126,0,0,0,0,0,0.21346540749073029,0,0,0.479451984167099,0.553634762763977,0,0,0.27863696217536926,0.6153125166893005,0,0
Frustrated,0,0.6189307570457458,0.6673481464385986,0,0,0,0,0,0,0.11543936282396317,0.10847305506467819,0,0,0,0.13583019375801086,0.11879143863916397,0,0.22145923972129822,0.24817302823066711,0.461309552192688,0.5774375796318054,0,0,0,0,0.15185724198818207,0,0,0,0,0,0,0,0,0,0,0,0,0,0,0,0.15824313461780548,0,0,0.4803856313228607,0.582724928855896,0,0,0.21841537952423096,0.559558629989624,0,0
Frustrated,0,0.6193370223045349,0.6663687825202942,0,0,0,0,0,0,0.10347416996955872,0.1037769541144371,0,0,0,0.15342751145362854,0.13743329048156738,0,0.21039947867393494,0.23111049830913544,0.44567590951919556,0.5742794871330261,0,0,0,0,0.16280999779701233,0,0,0,0,0,0,0,0,0.12396896630525589,0.10472116619348526,0,0,0,0,0,0.20241893827915192,0,0,0.4534773528575897,0.5568596124649048,0,0,0.2679443061351776,0.6229275465011597,0,0
Frustrated,0,0.6073105335235596,0.6645134091377258,0,0,0,0,0,0,0.10654750466346741,0.10569413006305695,0,0,0,0.14467987418174744,0.12885496020317078,0,0.2126806378364563,0.23389394581317902,0.44941824674606323,0.5708650350570679,0,0,0,0,0.1726737767457962,0,0,0,0,0,0,0,0,0.12868423759937286,0.10994835942983627,0,0,0,0,0,0.2384471446275711,0,0,0.46525585651397705,0.5717646479606628,0,0,0.2511740028858185,0.6051685810089111,0,0
Frustrated,0,0.6178234815597534,0.6673263311386108,0,0,0,0,0,0,0.11113041639328003,0.10037412494421005,0,0,0,0.14464806020259857,0.12945181131362915,0,0.20280194282531738,0.22827808558940887,0.4425528943538666,0.5831298828125,0,0,0,0,0.18610802292823792,0,0,0,0,0,0,0,0,0.1188170537352562,0.10150615125894547,0,0,0,0,0,0.2389538288116455,0,0,0.4957599639892578,0.5889186263084412,0,0,0.23638322949409485,0.5744051933288574,0,0
Frustrated,0,0.6203866004943848,0.672850489616394,0,0,0,0,0,0,0.1114656925201416,0.10417816042900085,0,0,0,0.1507919430732727,0.13440485298633575,0,0.20034977793693542,0.22344715893268585,0.44862571358680725,0.5841295719146729,0,0,0,0,0.1791871190071106,0,0,0,0,0,0,0,0,0.11672617495059967,0.10205516964197159,0,0,0,0,0,0.22306106984615326,0,0,0.47845548391342163,0.5715769529342651,0,0,0.24970433115959167,0.5859959125518799,0,0
Frustrated,0,0.5748157501220703,0.6296806335449219,0,0,0,0,0,0,0.10313419252634048,0.10366445779800415,0,0,0,0.12561213970184326,0.10795053839683533,0,0.2485547959804535,0.2695060670375824,0.428994357585907,0.5455805063247681,0,0,0,0,0.15359826385974884,0,0,0,0,0,0,0,0,0.13076916337013245,0.1297982931137085,0,0,0,0,0,0.20589521527290344,0,0,0.5116886496543884,0.5727282762527466,0,0,0.2956712245941162,0.6244896650314331,0,0
Frustrated,0,0.5869313478469849,0.6440706253051758,0,0,0,0,0,0,0.10644617676734924,0.11015447229146957,0,0,0,0.1518784463405609,0.13530385494232178,0,0.2167813926935196,0.24073681235313416,0.42487451434135437,0.5599721670150757,0,0,0,0,0.15072612464427948,0,0,0,0,0,0,0,0,0.12467513233423233,0.11096376925706863,0,0,0,0,0,0.199562206864357,0,0,0.4710911214351654,0.5464391708374023,0,0,0.28582465648651123,0.6231802701950073,0,0
Frustrated,0,0.5741455554962158,0.6336402297019958,0,0,0,0,0,0,0.10974392294883728,0.11135486513376236,0,0,0,0.13677263259887695,0.11901542544364929,0,0.22826752066612244,0.250722736120224,0.45150941610336304,0.5619710683822632,0,0,0,0,0.1574007123708725,0,0,0,0,0,0,0,0,0.12159953266382217,0.11323317140340805,0,0,0,0,0,0.22197334468364716,0,0,0.47616496682167053,0.5667502284049988,0,0,0.2837234139442444,0.6307224631309509,0,0
Frustrated,0,0.6057232618331909,0.6647783517837524,0,0,0,0,0,0,0,0.10085251927375793,0,0,0,0.1397576928138733,0.12247603386640549,0,0.21229296922683716,0.23506836593151093,0.4184308648109436,0.5696330070495605,0,0,0,0,0.1493430733680725,0,0,0,0,0,0,0,0,0.12932297587394714,0.1116480752825737,0,0,0,0,0,0.16470390558242798,0,0,0.4709535837173462,0.5817927122116089,0.10454725474119186,0,0.3003767430782318,0.6658715605735779,0,0
Frustrated,0,0.5878956317901611,0.6489773988723755,0,0,0,0,0,0,0.10926367342472076,0.10772440582513809,0,0,0,0.1453225165605545,0.12798663973808289,0,0.20668509602546692,0.226117804646492,0.4273117184638977,0.5634249448776245,0,0,0,0,0.14481773972511292,0,0,0,0,0,0,0,0,0.12137145549058914,0.10082454234361649,0,0,0,0,0,0.16556616127490997,0,0,0.4559004306793213,0.5495213270187378,0.10421399772167206,0,0.29747307300567627,0.6573718786239624,0,0
Frustrated,0,0.5807594060897827,0.649505615234375,0,0,0,0,0,0,0.11137324571609497,0.1100616604089737,0,0,0,0.15581582486629486,0.1380808800458908,0,0.22107653319835663,0.24703791737556458,0.43307608366012573,0.5778864622116089,0,0,0,0,0.15519878268241882,0,0,0,0,0,0,0,0,0.11738093942403793,0.10424622893333435,0,0,0,0,0,0.19546504318714142,0,0,0.47414079308509827,0.5547374486923218,0,0,0.2950328290462494,0.635616660118103,0,0
Frustrated,0,0.5540478229522705,0.6327263116836548,0,0,0,0,0,0,0.11382942646741867,0.11066717654466629,0,0,0,0.14962902665138245,0.13380558788776398,0,0.2168188840150833,0.24478697776794434,0.4373062252998352,0.5781970024108887,0,0,0,0,0.16593925654888153,0,0,0,0,0,0,0,0,0.1156657338142395,0.11153477430343628,0,0,0,0,0,0.24212272465229034,0,0,0.48607802391052246,0.5582257509231567,0,0,0.2728765606880188,0.6040928363800049,0,0
Frustrated,0,0.5599051713943481,0.6352489590644836,0,0,0,0,0,0,0.1019059419631958,0,0,0,0,0.11728287488222122,0,0,0.20073232054710388,0.22835247218608856,0.42872488498687744,0.5646464824676514,0,0,0,0,0.18988101184368134,0,0,0,0,0,0,0,0,0.10775472223758698,0.10308392345905304,0,0,0,0,0,0.21946567296981812,0,0,0.5172460079193115,0.5880239009857178,0,0,0.24532799422740936,0.5544551014900208,0,0
Frustrated,0,0.5678189992904663,0.6361595392227173,0,0,0,0,0,0,0.10726673901081085,0.10231372714042664,0,0,0,0.13284538686275482,0.11603882908821106,0,0.22101065516471863,0.2464054971933365,0.4347360134124756,0.5649759769439697,0,0,0,0,0.17251159250736237,0,0,0,0,0,0,0,0,0.12416256964206696,0.11682681739330292,0,0,0,0,0,0.24470072984695435,0,0,0.5018974542617798,0.580005943775177,0,0,0.24836598336696625,0.5766633749008179,0,0
Frustrated,0,0.6114921569824219,0.6662778258323669,0,0,0,0,0,0,0.10894811898469925,0.1083817407488823,0,0,0,0.12428227812051773,0.10834137350320816,0,0.1741308569908142,0.19039106369018555,0.4316309690475464,0.5438631772994995,0,0,0,0,0.15289199352264404,0,0,0,0,0,0,0,0,0.14153581857681274,0.13044004142284393,0,0,0,0,0,0.21173027157783508,0,0,0.488602876663208,0.5815449953079224,0,0,0.27478596568107605,0.626387357711792,0,0
Frustrated,0,0.6293704509735107,0.6812996864318848,0,0,0,0,0,0,0,0.10286063700914383,0,0,0,0.13354596495628357,0.11802584677934647,0,0.1972692459821701,0.2201458215713501,0.41720956563949585,0.5660361647605896,0,0,0,0,0.1662043035030365,0,0,0,0,0,0,0,0,0.11237074434757233,0.11571413278579712,0,0,0,0,0,0.20749995112419128,0,0,0.5281909108161926,0.6319444179534912,0,0,0.28160589933395386,0.6410602927207947,0,0
Frustrated,0,0.5857226252555847,0.6440287828445435,0,0,0,0,0,0,0,0.10456196218729019,0,0,0,0.12889736890792847,0.11340648680925369,0,0.20881542563438416,0.22576257586479187,0.43217986822128296,0.5383480787277222,0,0,0,0,0.16616977751255035,0,0,0,0,0,0,0,0,0.16087591648101807,0.16001729667186737,0,0,0,0,0,0.24474987387657166,0,0,0.5165091753005981,0.6008448600769043,0,0,0.2932835817337036,0.6539163589477539,0,0
Frustrated,0,0.5995156764984131,0.657381534576416,0,0,0,0,0,0,0.10342943668365479,0.10141266137361526,0,0,0,0.1494404524564743,0.1331777125597,0,0.21116620302200317,0.23622176051139832,0.432261198759079,0.5669598579406738,0,0,0,0,0.16554699838161469,0,0,0,0,0,0,0,0,0.13331805169582367,0.12502610683441162,0,0,0,0,0,0.22919662296772003,0,0,0.5013472437858582,0.5859183073043823,0,0,0.2714133560657501,0.6142621040344238,0,0
Frustrated,0,0.5902903079986572,0.6565499305725098,0,0,0,0,0,0,0.10777808725833893,0.10287553817033768,0,0,0,0.15480290353298187,0.13855645060539246,0,0.19522249698638916,0.2179224193096161,0.4347136616706848,0.5656652450561523,0,0,0,0,0.18025921285152435,0,0,0,0,0,0,0,0,0.12514826655387878,0.11688937991857529,0,0,0,0,0,0.2239619642496109,0,0,0.503644585609436,0.5981886386871338,0,0,0.25476253032684326,0.5975983142852783,0,0
Frustrated,0,0.5923538208007812,0.6594924330711365,0,0,0,0,0,0,0.10419747233390808,0.10614117980003357,0,0,0,0.14949263632297516,0.1324118971824646,0,0.199941486120224,0.22144609689712524,0.44754111766815186,0.5741750001907349,0,0,0,0,0.18585902452468872,0,0,0,0,0,0,0,0,0.13044384121894836,0.12310057133436203,0,0,0,0,0,0.223517507314682,0,0,0.5014549493789673,0.6135774254798889,0,0,0.25405755639076233,0.6032025814056396,0,0
Frustrated,0,0.6001365184783936,0.660487711429596,0,0,0,0,0,0,0,0.10223238170146942,0,0,0,0.14586661756038666,0.12888915836811066,0,0.22573108971118927,0.25014495849609375,0.4606338143348694,0.5702481865882874,0,0,0,0,0.19148144125938416,0,0,0,0,0,0,0,0,0.1242992952466011,0.11490797251462936,0,0,0,0,0,0.23334276676177979,0,0,0.5264896154403687,0.6161556243896484,0,0,0.24590352177619934,0.5701940655708313,0,0
Frustrated,0,0.5990709066390991,0.6608208417892456,0,0,0,0,0,0,0,0.1051800325512886,0,0,0,0.14004531502723694,0.12418835610151291,0,0.23833534121513367,0.26068300008773804,0.45187440514564514,0.5726210474967957,0,0,0,0,0.19025935232639313,0,0,0,0,0,0,0,0,0.1372213363647461,0.1179206520318985,0,0,0,0,0,0.22824726998806,0,0,0.47788384556770325,0.5891849994659424,0,0,0.2580704987049103,0.6120384335517883,0,0
Frustrated,0,0.607096791267395,0.6662259101867676,0,0,0,0,0,0,0.11086276173591614,0.10449454933404922,0,0,0,0.15275566279888153,0.13722513616085052,0,0.20804204046726227,0.23333044350147247,0.42814311385154724,0.5684458613395691,0,0,0,0,0.19514654576778412,0,0,0,0,0,0,0,0,0.12151921540498734,0.10655120015144348,0,0,0,0,0,0.22315412759780884,0,0,0.4825296998023987,0.5805249214172363,0,0,0.22549551725387573,0.564325213432312,0,0
Frustrated,0,0.5606393218040466,0.6256246566772461,0,0,0,0,0,0,0.10642492771148682,0.10582863539457321,0,0,0,0.13748589158058167,0.12051093578338623,0,0.22853177785873413,0.25151902437210083,0.440812885761261,0.5528512001037598,0,0,0,0,0.15257033705711365,0,0,0,0,0,0,0,0,0.10290878266096115,0,0,0,0,0,0,0.1895218789577484,0,0,0.4939657747745514,0.5542395114898682,0,0,0.2756344974040985,0.5873888731002808,0,0
Frustrated,0,0.5920085310935974,0.6462621688842773,0,0,0,0,0,0,0,0.10155939310789108,0,0,0,0.14026479423046112,0.12257932871580124,0,0.2321321666240692,0.25612831115722656,0.4169349670410156,0.5590927600860596,0,0,0,0,0.15392078459262848,0,0,0,0,0,0,0,0,0.11762868613004684,0.11299745738506317,0,0,0,0,0,0.17834307253360748,0,0,0.5173145532608032,0.5724856853485107,0,0,0.28301262855529785,0.5994096994400024,0,0
Frustrated,0,0.6231009364128113,0.6742016673088074,0,0,0,0,0,0,0.10277335345745087,0.10237658768892288,0,0,0,0.15091285109519958,0.13352259993553162,0,0.21784768998622894,0.2403043955564499,0.44846266508102417,0.5864452123641968,0,0,0,0,0.16028481721878052,0,0,0,0,0,0,0,0,0.13602066040039062,0.1210079938173294,0,0,0,0,0,0.20627763867378235,0,0,0.4809901714324951,0.554780900478363,0.1067870631814003,0,0.28853121399879456,0.6207144856452942,0,0
Frustrated,0,0.6183778643608093,0.6668115854263306,0,0,0,0,0,0,0.10946175456047058,0.10937496274709702,0,0,0,0.16153955459594727,0.14458447694778442,0,0.20489582419395447,0.22767360508441925,0.42591390013694763,0.5791609287261963,0,0,0,0,0.16679874062538147,0,0,0,0,0,0,0,0,0.12476464360952377,0.10714048147201538,0,0,0,0,0,0.2029213160276413,0,0,0.46886804699897766,0.5630578398704529,0.10331203788518906,0,0.25806355476379395,0.6040346622467041,0,0
Frustrated,0,0.6218584775924683,0.664833664894104,0,0,0,0,0,0,0.10543729364871979,0,0,0,0,0.1404372751712799,0.12445169687271118,0,0.1942431926727295,0.2225731611251831,0.42078423500061035,0.5839632749557495,0,0,0,0,0.17924454808235168,0,0,0,0,0,0,0,0,0.1117771565914154,0.1027892678976059,0,0,0,0,0,0.2228984385728836,0,0,0.5088083744049072,0.609523594379425,0,0,0.24461834132671356,0.590422511100769,0,0
Frustrated,0,0.5731555223464966,0.6377044916152954,0,0,0,0,0,0,0,0,0,0,0,0.14322777092456818,0.12699900567531586,0,0.1880645453929901,0.2095128297805786,0.43093717098236084,0.5717825889587402,0,0,0,0,0.17229542136192322,0,0,0,0,0,0,0,0,0.12142230570316315,0.10792896896600723,0,0,0,0,0,0.24358054995536804,0,0,0.46813493967056274,0.5653064250946045,0,0,0.24348895251750946,0.5895790457725525,0,0
Frustrated,0,0.5503568649291992,0.6200456619262695,0,0,0,0,0,0,0.10244327038526535,0.10818739235401154,0,0,0,0.14369751513004303,0.12884359061717987,0,0.2143019437789917,0.23136483132839203,0.4652293920516968,0.5635348558425903,0,0,0,0,0.18444129824638367,0,0,0,0,0,0,0,0,0.12388773262500763,0.11384596675634384,0,0,0,0,0,0.25878673791885376,0,0,0.48306816816329956,0.5629666447639465,0,0,0.24809885025024414,0.5887810587882996,0,0
Frustrated,0,0.5952210426330566,0.6558679342269897,0,0,0,0,0,0,0.10164787620306015,0.10440473258495331,0,0,0,0.13961605727672577,0.12421032786369324,0,0.20904944837093353,0.2288617640733719,0.4487961530685425,0.5658940076828003,0,0,0,0,0.18404574692249298,0,0,0,0,0,0,0,0,0.11391106247901917,0,0,0,0,0,0,0.2411889135837555,0,0,0.4870584011077881,0.5769201517105103,0,0,0.24498555064201355,0.5794564485549927,0,0
Frustrated,0,0.6229526996612549,0.678150475025177,0,0,0,0,0,0,0.10274772346019745,0,0,0,0,0.11764803528785706,0.1030564084649086,0,0.21762870252132416,0.24015085399150848,0.4406770169734955,0.5661610960960388,0,0,0,0,0.17289505898952484,0,0,0,0,0,0,0,0,0.10478372126817703,0,0,0,0,0,0,0.18794043362140656,0,0,0.5235819816589355,0.6020077466964722,0,0,0.2385556548833847,0.5551753640174866,0,0
Frustrated,0,0.6034203171730042,0.6626672744750977,0,0,0,0,0,0,0.10354446619749069,0.10139845311641693,0,0,0,0.14084263145923615,0.12457074224948883,0,0.21724723279476166,0.24204528331756592,0.43639644980430603,0.5818765759468079,0,0,0,0,0.15918099880218506,0,0,0,0,0,0,0,0,0.11439137160778046,0.1046912893652916,0,0,0,0,0,0.17838992178440094,0,0,0.4785185158252716,0.5671812891960144,0,0,0.23881632089614868,0.5773444175720215,0,0
Frustrated,0,0.529365062713623,0.5933935046195984,0,0,0,0,0,0,0,0.10329260677099228,0,0,0,0.12814773619174957,0.1161872074007988,0,0.20530031621456146,0.22186051309108734,0.419938862323761,0.523176908493042,0,0,0,0,0.16376709938049316,0,0,0,0,0,0,0,0,0.1432691216468811,0.13055863976478577,0,0,0,0,0,0.25472450256347656,0,0,0.4902644753456116,0.5660539865493774,0,0,0.24472811818122864,0.5567336678504944,0,0
Frustrated,0,0.5655789375305176,0.6312100887298584,0,0,0,0,0,0,0.10277722030878067,0.10582617670297623,0,0,0,0.12472039461135864,0.11045096814632416,0,0.21772542595863342,0.2354217767715454,0.46092507243156433,0.54726243019104,0,0,0,0,0.16469471156597137,0,0,0,0,0,0,0,0,0.12881921231746674,0.12761804461479187,0,0,0,0,0,0.2601318657398224,0,0,0.5078399181365967,0.5825543403625488,0,0,0.26639309525489807,0.5878579616546631,0,0
Frustrated,0,0.587054967880249,0.6496699452400208,0,0,0,0,0,0,0.10160090774297714,0.1006224974989891,0,0,0,0.14454394578933716,0.12679579854011536,0,0.1917549967765808,0.21000732481479645,0.4731214642524719,0.5732243061065674,0,0,0,0,0.17416252195835114,0,0,0,0,0,0,0,0,0.11395176500082016,0.10928919166326523,0,0,0,0,0,0.2532428801059723,0,0,0.5055288076400757,0.5894984006881714,0,0,0.25885236263275146,0.5996549129486084,0,0
Frustrated,0,0.6108254194259644,0.6722865104675293,0,0,0,0,0,0,0.11029575020074844,0.10453635454177856,0,0,0,0.13934653997421265,0.12194757163524628,0,0.1929340660572052,0.21663831174373627,0.4543897807598114,0.5733456611633301,0,0,0,0,0.18069162964820862,0,0,0,0,0,0,0,0,0.11576105654239655,0.10653489828109741,0,0,0,0,0,0.25208228826522827,0,0,0.49979954957962036,0.5986039042472839,0,0,0.2397758960723877,0.5767821073532104,0,0
Frustrated,0,0.5994814038276672,0.6597304344177246,0,0,0,0,0,0,0.10600806027650833,0.10767832398414612,0,0,0,0.14928123354911804,0.13282719254493713,0,0.19765202701091766,0.2207069993019104,0.4321002960205078,0.5775786638259888,0,0,0,0,0.17103487253189087,0,0,0,0,0,0,0,0,0.14170968532562256,0.13170216977596283,0,0,0,0,0,0.237290158867836,0,0,0.4824146628379822,0.573337733745575,0,0,0.2530208230018616,0.5945607423782349,0,0
Frustrated,0,0.6063306927680969,0.663582444190979,0,0,0,0,0,0,0.10424564778804779,0.10274279117584229,0,0,0,0.1328871101140976,0.11717279255390167,0,0.20281022787094116,0.22105437517166138,0.45872631669044495,0.56914883852005,0,0,0,0,0.16407792270183563,0,0,0,0,0,0,0,0,0.140671968460083,0.1489560455083847,0,0,0,0,0,0.2313719242811203,0,0,0.5092287063598633,0.5677614212036133,0,0,0.30761289596557617,0.6316031217575073,0,0
Frustrated,0,0.5880669355392456,0.6500680446624756,0,0,0,0,0,0,0.10910302400588989,0.10577204078435898,0,0,0,0.15297570824623108,0.13734516501426697,0,0.20127704739570618,0.22338779270648956,0.44328606128692627,0.5631698966026306,0,0,0,0,0.1718735694885254,0,0,0,0,0,0,0,0,0.139637291431427,0.1367473602294922,0,0,0,0,0,0.2541213631629944,0,0,0.49826353788375854,0.5720375776290894,0,0,0.2779485583305359,0.6133264899253845,0,0
Frustrated,0,0.6005454063415527,0.6570186614990234,0,0,0,0,0,0,0.11095485836267471,0.10294868797063828,0,0,0,0.14543402194976807,0.12819406390190125,0,0.20249277353286743,0.22621750831604004,0.4313364624977112,0.576276421546936,0,0,0,0,0.17080409824848175,0,0,0,0,0,0,0,0,0.13549086451530457,0.12739063799381256,0,0,0,0,0,0.23651598393917084,0,0,0.5018641948699951,0.5835126638412476,0,0,0.2729126513004303,0.6134212017059326,0,0
Frustrated,0,0.6333770751953125,0.6694836616516113,0,0,0,0,0,0,0,0,0,0,0,0.16646772623062134,0.1530904471874237,0,0.1766914278268814,0.18930678069591522,0.4276837110519409,0.5553098917007446,0,0,0,0,0.18046103417873383,0,0,0,0,0,0,0,0,0.1358373612165451,0.1089291200041771,0,0,0,0,0,0.21248339116573334,0,0,0.4551243782043457,0.5787729024887085,0,0,0.24416512250900269,0.6088882684707642,0,0
Frustrated,0,0.6383678317070007,0.6761084794998169,0,0,0,0,0,0,0,0,0,0,0,0.10624860227108002,0,0,0.18220840394496918,0.1996878832578659,0.4160715937614441,0.5614113807678223,0,0,0,0,0.15615177154541016,0,0,0,0,0,0,0,0,0.13634797930717468,0.10737074166536331,0,0,0,0,0,0.15806296467781067,0,0,0.4642869234085083,0.5962192416191101,0,0,0.2715790867805481,0.6287429332733154,0,0
Frustrated,0,0.5787779092788696,0.637089192867279,0,0,0,0,0,0,0.10955400764942169,0.1068180501461029,0,0,0,0.14625322818756104,0.1296464502811432,0,0.21969375014305115,0.24823030829429626,0.4402426481246948,0.5798652172088623,0,0,0,0,0.15587645769119263,0,0,0,0,0,0,0,0,0.14271579682826996,0.12149324268102646,0,0,0,0,0,0.20138345658779144,0,0,0.4689865708351135,0.5643880367279053,0,0,0.26874661445617676,0.6101198196411133,0,0
Frustrated,0,0.5891251564025879,0.6496286988258362,0,0,0,0,0,0,0.11024574190378189,0.11159563064575195,0,0,0,0.13210353255271912,0.11439882963895798,0,0.21101032197475433,0.23938852548599243,0.45095309615135193,0.5800840258598328,0,0,0,0,0.15969713032245636,0,0,0,0,0,0,0,0,0.11368793994188309,0.1020648404955864,0,0,0,0,0,0.2126549780368805,0,0,0.47779279947280884,0.5681620836257935,0,0,0.26814737915992737,0.6112556457519531,0,0
Frustrated,0,0.5632491707801819,0.6363812685012817,0,0,0,0,0,0,0.11180922389030457,0.10918817669153214,0,0,0,0.14402469992637634,0.12783953547477722,0,0.23434102535247803,0.2620164453983307,0.4419306218624115,0.5859020948410034,0,0,0,0,0.15241177380084991,0,0,0,0,0,0,0,0,0.12468414753675461,0.11175809055566788,0,0,0,0,0,0.21863539516925812,0,0,0.46353137493133545,0.5543816089630127,0,0,0.2955118417739868,0.6385674476623535,0,0
Frustrated,0,0.5855770707130432,0.646401047706604,0,0,0,0,0,0,0.10547993332147598,0.10617206990718842,0,0,0,0.1656646877527237,0.14884011447429657,0,0.2100929468870163,0.23121215403079987,0.44199350476264954,0.5723203420639038,0,0,0,0,0.16252166032791138,0,0,0,0,0,0,0,0,0.1246933713555336,0.10910975933074951,0,0,0,0,0,0.20781180262565613,0,0,0.46504631638526917,0.5499281883239746,0.10509029030799866,0,0.28993070125579834,0.6359198093414307,0,0
Frustrated,0,0.5992205739021301,0.6680119633674622,0,0,0,0,0,0,0,0,0,0,0,0.12331338971853256,0.10592730343341827,0,0.20045453310012817,0.21897917985916138,0.4451013207435608,0.5710070133209229,0,0,0,0,0.16613730788230896,0,0,0,0,0,0,0,0,0.1149401143193245,0.12130178511142731,0,0,0,0,0,0.24063706398010254,0,0,0.5360980033874512,0.5810165405273438,0,0,0.2794407308101654,0.5763392448425293,0,0
Frustrated,0,0.6359919309616089,0.679985761642456,0,0,0,0,0,0,0.10200319439172745,0,0,0,0,0.12211084365844727,0.10964789241552353,0,0.2040865272283554,0.22212833166122437,0.47112762928009033,0.5653476119041443,0,0,0,0,0.1602124720811844,0,0,0,0,0,0,0,0,0.11990676820278168,0.12184230983257294,0,0,0,0,0,0.1933201253414154,0,0,0.5098924040794373,0.5863815546035767,0,0,0.2978919446468353,0.6201469898223877,0,0
Frustrated,0,0.5186729431152344,0.5971056222915649,0,0,0,0,0,0,0,0.1076238602399826,0,0,0,0.11503750830888748,0,0,0.21574066579341888,0.2358119785785675,0.43923309445381165,0.5572110414505005,0,0,0,0,0.17851313948631287,0,0,0,0,0,0,0,0,0.1521099954843521,0.14584162831306458,0,0,0,0,0,0.2541908323764801,0,0,0.5373833179473877,0.6061086058616638,0,0,0.26303166151046753,0.5731327533721924,0,0
Frustrated,0,0.5664757490158081,0.639772355556488,0,0,0,0,0,0,0.12269601225852966,0.1037004292011261,0,0,0,0.12250208854675293,0.1046706810593605,0,0.21569271385669708,0.2436380684375763,0.4445160925388336,0.5822832584381104,0,0,0,0,0.16897717118263245,0,0,0,0,0,0,0,0,0.1239817887544632,0.1121961697936058,0,0,0,0,0,0.2604329586029053,0,0,0.50709468126297,0.5922044515609741,0,0,0.29514119029045105,0.6271349191665649,0,0
Frustrated,0,0.5384424924850464,0.6156245470046997,0,0,0,0,0,0,0.10429084300994873,0.10672159492969513,0,0,0,0.13841785490512848,0.1184295117855072,0,0.23138967156410217,0.24861222505569458,0.4924187660217285,0.5774967670440674,0,0,0,0,0.17982865869998932,0,0,0,0,0,0,0,0,0.13188032805919647,0.1330501288175583,0,0,0,0,0,0.25963807106018066,0,0,0.5221545696258545,0.6025645732879639,0,0,0.27697479724884033,0.617971658706665,0,0
Frustrated,0,0.6016982793807983,0.6567374467849731,0,0,0,0,0,0,0.10160154104232788,0.10029624402523041,0,0,0,0.13657309114933014,0.11761586368083954,0,0.19046807289123535,0.21839949488639832,0.42296290397644043,0.5758634805679321,0,0,0,0,0.15698572993278503,0,0,0,0,0,0,0,0,0.12694217264652252,0.11297344416379929,0,0,0,0,0,0.20149943232536316,0,0,0.4849740266799927,0.580061674118042,0,0,0.2864507734775543,0.6192612648010254,0,0
Frustrated,0,0.582854151725769,0.6459134817123413,0,0,0,0,0,0,0.10138002038002014,0,0,0,0,0.14686885476112366,0.13085292279720306,0,0.19994989037513733,0.22091320157051086,0.45572629570961,0.5723714828491211,0,0,0,0,0.16109243035316467,0,0,0,0,0,0,0,0,0.12684312462806702,0.11555857956409454,0,0,0,0,0,0.22342166304588318,0,0,0.4821682274341583,0.5718811750411987,0,0,0.2942570745944977,0.6291790008544922,0,0
Frustrated,0,0.5843913555145264,0.6478913426399231,0,0,0,0,0,0,0.10628858953714371,0.10711169987916946,0,0,0,0.1431194245815277,0.1270134001970291,0,0.2072039097547531,0.23007014393806458,0.454831063747406,0.5722757577896118,0,0,0,0,0.17575067281723022,0,0,0,0,0,0,0,0,0.11914587765932083,0.10903158783912659,0,0,0,0,0,0.23973876237869263,0,0,0.48817160725593567,0.5656716823577881,0,0,0.25030988454818726,0.5825003385543823,0,0
Frustrated,0,0.5458184480667114,0.6311834454536438,0,0,0,0,0,0,0.110310859978199,0.1129419282078743,0,0,0,0.1316913366317749,0.1144481897354126,0,0.22933225333690643,0.25650742650032043,0.46807533502578735,0.5779903531074524,0,0,0,0,0.19162966310977936,0,0,0,0,0,0,0,0,0.11199180036783218,0.11284340918064117,0,0,0,0,0,0.2691405415534973,0,0,0.5305720567703247,0.6068524122238159,0,0,0.23896285891532898,0.5533146858215332,0,0
Frustrated,0,0.5654416084289551,0.6391584277153015,0,0,0,0,0,0,0.11225317418575287,0.11050993204116821,0,0,0,0.15050947666168213,0.13364890217781067,0,0.2163771390914917,0.24182866513729095,0.4446558654308319,0.5614153146743774,0,0,0,0,0.17490176856517792,0,0,0,0,0,0,0,0,0.12501758337020874,0.12097230553627014,0,0,0,0,0,0.2323685884475708,0,0,0.5046195387840271,0.5952818393707275,0,0,0.25520819425582886,0.5872533917427063,0,0
Frustrated,0,0.5985356569290161,0.6520453691482544,0,0,0,0,0,0,0.10599052906036377,0.10538249462842941,0,0,0,0.16212722659111023,0.1460101306438446,0,0.20357082784175873,0.2284446507692337,0.44617217779159546,0.5770334005355835,0,0,0,0,0.17094646394252777,0,0,0,0,0,0,0,0,0.12462735921144485,0.11170008033514023,0,0,0,0,0,0.21655702590942383,0,0,0.47769156098365784,0.5683000683784485,0,0,0.2591577172279358,0.6100943088531494,0,0
Frustrated,0,0.6046680212020874,0.6459342241287231,0,0,0,0,0,0,0,0.10021401941776276,0,0,0,0.13848961889743805,0.12319883704185486,0,0.19241763651371002,0.20939375460147858,0.43658867478370667,0.5557945966720581,0,0,0,0,0.16746298968791962,0,0,0,0,0,0,0,0,0.1280847191810608,0.1102430671453476,0,0,0,0,0,0.20582033693790436,0,0,0.46159034967422485,0.5698502063751221,0.1004815474152565,0,0.2326476126909256,0.5907606482505798,0,0
Frustrated,0,0.612967312335968,0.6571507453918457,0,0,0,0,0,0,0,0,0,0,0,0.12406670302152634,0.10875332355499268,0,0.19837556779384613,0.21584276854991913,0.41840359568595886,0.5510157346725464,0,0,0,0,0.18072208762168884,0,0,0,0,0,0,0,0,0.1276378482580185,0.1103849932551384,0,0,0,0,0,0.19063353538513184,0,0,0.49732697010040283,0.5972433090209961,0,0,0.23457056283950806,0.5894545912742615,0,0
Frustrated,0,0.5961049795150757,0.6526358127593994,0,0,0,0,0,0,0.10021752864122391,0.10216019302606583,0,0,0,0.14262108504772186,0.1259874850511551,0,0.2153376042842865,0.23951053619384766,0.42739975452423096,0.5599141120910645,0,0,0,0,0.15356610715389252,0,0,0,0,0,0,0,0,0.11933751404285431,0.1098717525601387,0,0,0,0,0,0.18278640508651733,0,0,0.4791170358657837,0.5490943193435669,0,0,0.27312925457954407,0.6000150442123413,0,0
Frustrated,0,0.591893196105957,0.6565537452697754,0,0,0,0,0,0,0.10400904715061188,0.1017242819070816,0,0,0,0.15151381492614746,0.13462936878204346,0,0.21859538555145264,0.24288320541381836,0.4437619745731354,0.5725184082984924,0,0,0,0,0.16867026686668396,0,0,0,0,0,0,0,0,0.13363827764987946,0.12038189172744751,0,0,0,0,0,0.21875226497650146,0,0,0.47402188181877136,0.5607367753982544,0,0,0.25854822993278503,0.6008371114730835,0,0
Frustrated,0,0.6009839773178101,0.6659690141677856,0,0,0,0,0,0,0,0,0,0,0,0.14674974977970123,0.13012060523033142,0,0.23418636620044708,0.2579675018787384,0.45183342695236206,0.5766327381134033,0,0,0,0,0.20347130298614502,0,0,0,0,0,0,0,0,0.13195760548114777,0.13265696167945862,0,0,0,0,0,0.27466079592704773,0,0,0.5261406302452087,0.6074063777923584,0,0,0.23361392319202423,0.5721673965454102,0,0
Frustrated,0,0.5686835646629333,0.6358124017715454,0,0,0,0,0,0,0,0.10173458606004715,0,0,0,0.13553813099861145,0.1183275654911995,0,0.2318912297487259,0.2536771595478058,0.4269993305206299,0.5594462156295776,0,0,0,0,0.18129776418209076,0,0,0,0,0,0,0,0,0.12470285594463348,0.1144208088517189,0,0,0,0,0,0.24967604875564575,0,0,0.5013185739517212,0.5721874237060547,0,0,0.24908310174942017,0.5663254261016846,0,0
Frustrated,0,0.5912520885467529,0.6536709070205688,0,0,0,0,0,0,0.10758031904697418,0.10729473829269409,0,0,0,0.15791480243206024,0.14137853682041168,0,0.20802029967308044,0.23390372097492218,0.43557971715927124,0.5792125463485718,0,0,0,0,0.1780717670917511,0,0,0,0,0,0,0,0,0.11655683070421219,0.1102030798792839,0,0,0,0,0,0.24073383212089539,0,0,0.4906812310218811,0.564660906791687,0,0,0.23975439369678497,0.5710464715957642,0,0
Frustrated,0,0.5730353593826294,0.629470705986023,0,0,0,0,0,0,0.10438504815101624,0.10416187345981598,0,0,0,0.1275143325328827,0.10989179462194443,0,0.2133922129869461,0.23830783367156982,0.442203551530838,0.5642894506454468,0,0,0,0,0.18735812604427338,0,0,0,0,0,0,0,0,0.11480820924043655,0.10988690704107285,0,0,0,0,0,0.24210940301418304,0,0,0.48885130882263184,0.5688122510910034,0,0,0.23516060411930084,0.5769015550613403,0,0
Frustrated,0,0.5786440968513489,0.6401568651199341,0,0,0,0,0,0,0.10539162904024124,0.10368157923221588,0,0,0,0.14037492871284485,0.12421336024999619,0,0.2186467945575714,0.24257232248783112,0.4338100254535675,0.5711207985877991,0,0,0,0,0.17155872285366058,0,0,0,0,0,0,0,0,0.12204840779304504,0.11509717255830765,0,0,0,0,0,0.21152560412883759,0,0,0.5000269412994385,0.570923388004303,0,0,0.2425929307937622,0.5580075979232788,0,0
Frustrated,0,0.6080820560455322,0.6575926542282104,0,0,0,0,0,0,0,0,0,0,0,0.1390724778175354,0.12211857736110687,0,0.22043663263320923,0.24715964496135712,0.42376503348350525,0.5745021104812622,0,0,0,0,0.15193834900856018,0,0,0,0,0,0,0,0,0.11870789527893066,0.1054510548710823,0,0,0,0,0,0.17667488753795624,0,0,0.49827706813812256,0.5806857347488403,0,0,0.2625117301940918,0.5951963663101196,0,0
Frustrated,0,0.6114929914474487,0.6642915606498718,0,0,0,0,0,0,0.10587803274393082,0.10730530321598053,0,0,0,0.13799245655536652,0.12149646133184433,0,0.2194705307483673,0.2432011216878891,0.42788511514663696,0.5775083899497986,0,0,0,0,0.1602286994457245,0,0,0,0,0,0,0,0,0.14463114738464355,0.13244026899337769,0,0,0,0,0,0.19220595061779022,0,0,0.49754995107650757,0.5881702303886414,0,0,0.30427414178848267,0.6538461446762085,0,0
Frustrated,0,0.5984565019607544,0.6594637632369995,0,0,0,0,0,0,0.11103011667728424,0.10680137574672699,0,0,0,0.13926322758197784,0.12201834470033646,0,0.21781210601329803,0.2414325475692749,0.4478173851966858,0.5833384990692139,0,0,0,0,0.16297604143619537,0,0,0,0,0,0,0,0,0.1280447244644165,0.11530070751905441,0,0,0,0,0,0.2085699439048767,0,0,0.4835914671421051,0.5763652324676514,0.10998151451349258,0,0.2981140613555908,0.6526498794555664,0,0
Frustrated,0,0.6162185668945312,0.6706666946411133,0,0,0,0,0,0,0.11817478388547897,0.10456947982311249,0,0,0,0.14287732541561127,0.12612511217594147,0,0.21479426324367523,0.24137058854103088,0.46481046080589294,0.5759614706039429,0,0,0,0,0.16295850276947021,0,0,0,0,0,0,0,0,0.12086935341358185,0.11022979766130447,0,0,0,0,0,0.2076093703508377,0,0,0.4787898361682892,0.5773942470550537,0,0,0.29278481006622314,0.6521484851837158,0,0
Frustrated,0,0.6065714359283447,0.664533257484436,0,0,0,0,0,0,0.10211238265037537,0.10842203348875046,0,0,0,0.12780813872814178,0.11212508380413055,0,0.22177042067050934,0.24038520455360413,0.45626822113990784,0.5668357014656067,0,0,0,0,0.16820500791072845,0,0,0,0,0,0,0,0,0.1376996785402298,0.12458021938800812,0,0,0,0,0,0.21792097389698029,0,0,0.48009783029556274,0.5891472101211548,0,0,0.2910429835319519,0.6590198278427124,0,0
Frustrated,0,0.6106865406036377,0.6670771837234497,0,0,0,0,0,0,0,0.10028944164514542,0,0,0,0.13445843756198883,0.11846417933702469,0,0.1982286274433136,0.2180580496788025,0.4261370897293091,0.5823603868484497,0,0,0,0,0.1630687415599823,0,0,0,0,0,0,0,0,0.1359562873840332,0.11725746095180511,0,0,0,0,0,0.1922571361064911,0,0,0.47940900921821594,0.5897425413131714,0,0,0.2910962700843811,0.6531720757484436,0,0
Frustrated,0,0.6090657711029053,0.6620455980300903,0,0,0,0,0,0,0.10165920853614807,0,0,0,0,0.1280139982700348,0.11226677149534225,0,0.21360844373703003,0.23406949639320374,0.4441741406917572,0.5595622062683105,0,0,0,0,0.16336843371391296,0,0,0,0,0,0,0,0,0.110331691801548,0.10565093159675598,0,0,0,0,0,0.21243779361248016,0,0,0.5343334078788757,0.6054372191429138,0,0,0.26638898253440857,0.5887637734413147,0,0
Frustrated,0,0.6008085012435913,0.6573854684829712,0,0,0,0,0,0,0.11509198695421219,0.10509105026721954,0,0,0,0.1383577287197113,0.12129735201597214,0,0.21360601484775543,0.24105298519134521,0.4278985559940338,0.5739631056785583,0,0,0,0,0.16510599851608276,0,0,0,0,0,0,0,0,0.12001064419746399,0.11239086836576462,0,0,0,0,0,0.20637695491313934,0,0,0.49969807267189026,0.577580988407135,0,0,0.2667902410030365,0.594791054725647,0,0
Frustrated,0,0.6273386478424072,0.6810597777366638,0,0,0,0,0,0,0.11265566945075989,0.10267613083124161,0,0,0,0.13867898285388947,0.12297941744327545,0,0.19575539231300354,0.21908096969127655,0.443186491727829,0.576903760433197,0,0,0,0,0.17211046814918518,0,0,0,0,0,0,0,0,0.1254972219467163,0.10969407856464386,0,0,0,0,0,0.22606109082698822,0,0,0.4828607738018036,0.5741531848907471,0,0,0.26301658153533936,0.6084861755371094,0,0
Frustrated,0,0.5953218340873718,0.6604275703430176,0,0,0,0,0,0,0.10804202407598495,0.10777647793292999,0,0,0,0.15054439008235931,0.13448922336101532,0,0.2275145947933197,0.24992719292640686,0.4722805321216583,0.5707147121429443,0,0,0,0,0.18529731035232544,0,0,0,0,0,0,0,0,0.11163199692964554,0.10607033967971802,0,0,0,0,0,0.21579284965991974,0,0,0.492116779088974,0.587520956993103,0,0,0.23903405666351318,0.5764889717102051,0,0
Frustrated,0,0.5460840463638306,0.6245946884155273,0,0,0,0,0,0,0.11003883928060532,0.1183645948767662,0,0,0,0.13857509195804596,0.11780127882957458,0,0.24139317870140076,0.26832103729248047,0.4555816054344177,0.5896722078323364,0,0,0,0,0.1661982536315918,0,0,0,0,0,0,0,0,0.12943167984485626,0.11875079572200775,0,0,0,0,0,0.22289909422397614,0,0,0.488608181476593,0.5598261952400208,0.12050338089466095,0,0.27030670642852783,0.6126139163970947,0,0
Frustrated,0,0.5958185791969299,0.6576172113418579,0,0,0,0,0,0,0.10650835931301117,0.10652695596218109,0,0,0,0.1569061428308487,0.13866625726222992,0,0.20752155780792236,0.23150038719177246,0.43580853939056396,0.5797675848007202,0,0,0,0,0.1661633551120758,0,0,0,0,0,0,0,0,0.14036646485328674,0.13058944046497345,0,0,0,0,0,0.2201041430234909,0,0,0.4865535795688629,0.5658591985702515,0.10821200162172318,0,0.2711118161678314,0.6131693124771118,0,0
Frustrated,0,0.5910133123397827,0.65355384349823,0,0,0,0,0,0,0.10681777447462082,0.11092659085988998,0,0,0,0.14742127060890198,0.13049276173114777,0,0.2306196093559265,0.2523341774940491,0.41197749972343445,0.554763913154602,0,0,0,0,0.1535498946905136,0,0,0,0,0,0,0,0,0.13902075588703156,0.131352499127388,0,0,0,0,0,0.21942436695098877,0,0,0.5035565495491028,0.5749942064285278,0,0,0.3062467873096466,0.6506960988044739,0,0
Frustrated,0,0.6005019545555115,0.6545661687850952,0,0,0,0,0,0,0.1009368896484375,0.10324089229106903,0,0,0,0.137826070189476,0.12202577292919159,0,0.20867332816123962,0.22859613597393036,0.43689560890197754,0.5603258609771729,0,0,0,0,0.17165793478488922,0,0,0,0,0,0,0,0,0.12483414262533188,0.11707466840744019,0,0,0,0,0,0.21740083396434784,0,0,0.500963568687439,0.5811338424682617,0,0,0.25854000449180603,0.6011243462562561,0,0
Frustrated,0,0.603992223739624,0.6490664482116699,0,0,0,0,0,0,0.10967925190925598,0.10720120370388031,0,0,0,0.1544470340013504,0.13683204352855682,0,0.2177436798810959,0.24284496903419495,0.4381457269191742,0.5794177055358887,0,0,0,0,0.15216024219989777,0,0,0,0,0,0,0,0,0.13078083097934723,0.1151326596736908,0,0,0,0,0,0.1818372905254364,0,0,0.4844464659690857,0.5810723304748535,0,0,0.2898944616317749,0.6352679133415222,0,0
Frustrated,0,0.6292091608047485,0.6762921214103699,0,0,0,0,0,0,0.10973814874887466,0,0,0,0,0.1357564926147461,0.11937861144542694,0,0.22856564819812775,0.2533131539821625,0.4594210088253021,0.5730645656585693,0,0,0,0,0.15976566076278687,0,0,0,0,0,0,0,0,0.13024234771728516,0.1218157634139061,0,0,0,0,0,0.2024141550064087,0,0,0.5027329921722412,0.595527172088623,0,0,0.31204670667648315,0.6497433185577393,0,0
Frustrated,0,0.614825963973999,0.6650360822677612,0,0,0,0,0,0,0.11419488489627838,0.10475780069828033,0,0,0,0.1426893025636673,0.1262715756893158,0,0.2183447927236557,0.24423258006572723,0.4416823387145996,0.5722163915634155,0,0,0,0,0.16171957552433014,0,0,0,0,0,0,0,0,0.11991092562675476,0.10717479139566422,0,0,0,0,0,0.19553861021995544,0,0,0.4916437864303589,0.5837156772613525,0,0,0.2835344970226288,0.623150110244751,0,0
Frustrated,0,0.5975938439369202,0.6595314741134644,0,0,0,0,0,0,0.11455653607845306,0.10765929520130157,0,0,0,0.14632955193519592,0.13090725243091583,0,0.2264653891324997,0.25129434466362,0.45505818724632263,0.5774252414703369,0,0,0,0,0.1807660013437271,0,0,0,0,0,0,0,0,0.12339520454406738,0.111691415309906,0,0,0,0,0,0.2644239068031311,0,0,0.4818279445171356,0.5722789168357849,0,0,0.22521421313285828,0.5727977752685547,0,0
Frustrated,0,0.5045146942138672,0.5996042490005493,0,0,0,0,0,0,0.11218494921922684,0.11341818422079086,0,0,0,0.13110341131687164,0.11329285055398941,0,0.23425725102424622,0.25918906927108765,0.4678643047809601,0.5658326148986816,0,0,0,0,0.1882237195968628,0,0,0,0,0,0,0,0,0.11718813329935074,0.10918665677309036,0,0,0,0,0,0.28088870644569397,0,0,0.5039592981338501,0.5824124217033386,0,0,0.2485911250114441,0.5725065469741821,0,0
Frustrated,0,0.5814734101295471,0.650395393371582,0,0,0,0,0,0,0.1184004619717598,0.11537861824035645,0,0,0,0.15931613743305206,0.14321303367614746,0,0.2165667861700058,0.24130554497241974,0.44461074471473694,0.5675404071807861,0,0,0,0,0.17009681463241577,0,0,0,0,0,0,0,0,0.10328047722578049,0,0,0,0,0,0,0.20844194293022156,0,0,0.4829225242137909,0.5574636459350586,0,0,0.2563263475894928,0.5869882106781006,0,0
Frustrated,0,0.5990177989006042,0.6572906374931335,0,0,0,0,0,0,0,0,0,0,0,0.1459687501192093,0.13001340627670288,0,0.21469652652740479,0.23826345801353455,0.4503191113471985,0.5720261931419373,0,0,0,0,0.18340934813022614,0,0,0,0,0,0,0,0,0.12009201943874359,0.1149287149310112,0,0,0,0,0,0.2265283167362213,0,0,0.4918200671672821,0.5737667679786682,0,0,0.26072221994400024,0.5978982448577881,0,0
Frustrated,0,0.5475651025772095,0.6047176718711853,0,0,0,0,0,0,0.10636600106954575,0.10870665311813354,0,0,0,0.10550101101398468,0,0,0.2134910672903061,0.21686358749866486,0.4775565266609192,0.5048745274543762,0,0,0,0,0.19335567951202393,0,0,0,0,0,0,0,0,0.17123723030090332,0.17224259674549103,0,0,0,0,0,0.2256605476140976,0,0,0.5219110250473022,0.5656797885894775,0,0,0.23049239814281464,0.5466156005859375,0,0
Frustrated,0,0.6466137170791626,0.686825692653656,0,0,0,0,0,0,0.10447725653648376,0,0,0,0,0.1270918995141983,0.11106216907501221,0,0.19063322246074677,0.20426370203495026,0.4687487781047821,0.5648062229156494,0,0,0,0,0.1548832207918167,0,0,0,0,0,0,0,0,0.10212939977645874,0.10984043776988983,0,0,0,0,0,0.20927593111991882,0,0,0.5267831683158875,0.5720247030258179,0,0,0.23977814614772797,0.5537540912628174,0,0
Frustrated,0,0.6359975337982178,0.6907694339752197,0,0,0,0,0,0,0.11142701655626297,0.10370088368654251,0,0,0,0.1337972730398178,0.11726083606481552,0,0.19853493571281433,0.22798548638820648,0.41357627511024475,0.5836747884750366,0,0,0,0,0.16922813653945923,0,0,0,0,0,0,0,0,0.13851068913936615,0.12818996608257294,0,0,0,0,0,0.19760379195213318,0,0,0.5077850818634033,0.5967731475830078,0,0,0.2871589958667755,0.6216133832931519,0,0
Frustrated,0,0.621924877166748,0.6720561981201172,0,0,0,0,0,0,0.10718979686498642,0,0,0,0,0.13858357071876526,0.12298966199159622,0,0.2010490894317627,0.22830481827259064,0.430514931678772,0.578637421131134,0,0,0,0,0.17005394399166107,0,0,0,0,0,0,0,0,0.13316400349140167,0.11666151881217957,0,0,0,0,0,0.22178225219249725,0,0,0.48442718386650085,0.5776302814483643,0,0,0.27400583028793335,0.6175017356872559,0,0
Frustrated,0,0.5998581647872925,0.6553541421890259,0,0,0,0,0,0,0.11470875889062881,0.10728990286588669,0,0,0,0.14062435925006866,0.12423868477344513,0,0.20924964547157288,0.2367708384990692,0.4368058145046234,0.5744433999061584,0,0,0,0,0.15639905631542206,0,0,0,0,0,0,0,0,0.12459713220596313,0.1111176535487175,0,0,0,0,0,0.20205114781856537,0,0,0.48208174109458923,0.5707055330276489,0,0,0.28842881321907043,0.6298086643218994,0,0
Frustrated,0,0.6154227256774902,0.6642009615898132,0,0,0,0,0,0,0.10987445712089539,0.10507504642009735,0,0,0,0.14130745828151703,0.12513181567192078,0,0.20873191952705383,0.23504036664962769,0.4456714391708374,0.5670664310455322,0,0,0,0,0.16340786218643188,0,0,0,0,0,0,0,0,0.12044082581996918,0.10859362781047821,0,0,0,0,0,0.2051171213388443,0,0,0.5017294883728027,0.5883181691169739,0,0,0.28566473722457886,0.6225320100784302,0,0
Frustrated,0,0.608768880367279,0.6597346067428589,0,0,0,0,0,0,0.10276345908641815,0,0,0,0,0.1468893587589264,0.13126732409000397,0,0.20407500863075256,0.22714897990226746,0.4446161389350891,0.5707276463508606,0,0,0,0,0.17562879621982574,0,0,0,0,0,0,0,0,0.12145579606294632,0.10815268754959106,0,0,0,0,0,0.20352640748023987,0,0,0.4831514060497284,0.5785388946533203,0,0,0.2676776945590973,0.614974856376648,0,0
Frustrated,0,0.6384066343307495,0.6786292791366577,0,0,0,0,0,0,0.10628009587526321,0.10270881652832031,0,0,0,0.13374274969100952,0.11929364502429962,0,0.1839209645986557,0.20323015749454498,0.4479377269744873,0.5731570720672607,0,0,0,0,0.17236773669719696,0,0,0,0,0,0,0,0,0.12458718568086624,0.10425522178411484,0,0,0,0,0,0.20810501277446747,0,0,0.48277992010116577,0.5757225751876831,0,0,0.27820664644241333,0.6312918663024902,0,0
Frustrated,0,0.6165540218353271,0.6692001819610596,0,0,0,0,0,0,0.10218211263418198,0.1009175106883049,0,0,0,0.16214071214199066,0.14569029211997986,0,0.1902705579996109,0.21001675724983215,0.4356450140476227,0.5735335946083069,0,0,0,0,0.16085422039031982,0,0,0,0,0,0,0,0,0.13391166925430298,0.1125694140791893,0,0,0,0,0,0.20508350431919098,0,0,0.46820878982543945,0.5700588226318359,0,0,0.2808680832386017,0.6396604776382446,0,0
Frustrated,0,0.6038210391998291,0.6580837965011597,0,0,0,0,0,0,0.1067705824971199,0.10506655275821686,0,0,0,0.13732664287090302,0.12116953730583191,0,0.21730361878871918,0.24268853664398193,0.4295225441455841,0.5695867538452148,0,0,0,0,0.16730937361717224,0,0,0,0,0,0,0,0,0.11594053357839584,0.10407082736492157,0,0,0,0,0,0.21792134642601013,0,0,0.4931223690509796,0.5890661478042603,0,0,0.2340252697467804,0.5780327916145325,0,0
Frustrated,0,0.5800679922103882,0.6363259553909302,0,0,0,0,0,0,0.10114572197198868,0,0,0,0,0.15914365649223328,0.14422255754470825,0,0.21828828752040863,0.24279941618442535,0.39410123229026794,0.5607734322547913,0,0,0,0,0.16248436272144318,0,0,0,0,0,0,0,0,0.13006383180618286,0.11165967583656311,0,0,0,0,0,0.19834597408771515,0,0,0.45230692625045776,0.5543839335441589,0,0,0.26177075505256653,0.6188085675239563,0,0
Frustrated,0,0.5810706615447998,0.6402369737625122,0,0,0,0,0,0,0.10403946787118912,0,0,0,0,0.1660483181476593,0.1495538055896759,0,0.2249746471643448,0.25168198347091675,0.43110033869743347,0.5831619501113892,0,0,0,0,0.16992312669754028,0,0,0,0,0,0,0,0,0.12648533284664154,0.11432743072509766,0,0,0,0,0,0.22056730091571808,0,0,0.4784897565841675,0.5656746029853821,0,0,0.2584214210510254,0.5890978574752808,0,0
Frustrated,0,0.5802904963493347,0.6471936702728271,0,0,0,0,0,0,0,0.10035873204469681,0,0,0,0.1426660716533661,0.1271233707666397,0,0.21708127856254578,0.2332284301519394,0.46520256996154785,0.5605400204658508,0,0,0,0,0.17734266817569733,0,0,0,0,0,0,0,0,0.14816778898239136,0.1451501101255417,0,0,0,0,0,0.23200581967830658,0,0,0.4932628870010376,0.5874863862991333,0,0,0.2649831175804138,0.6054598093032837,0,0
Frustrated,0,0.5478395819664001,0.6208658218383789,0,0,0,0,0,0,0.10302654653787613,0.10188654810190201,0,0,0,0.14222198724746704,0.12496253848075867,0,0.23785653710365295,0.2574373781681061,0.4539850652217865,0.5466484427452087,0,0,0,0,0.17967970669269562,0,0,0,0,0,0,0,0,0.15680751204490662,0.13790495693683624,0,0,0,0,0,0.21566396951675415,0,0,0.45685258507728577,0.5594968199729919,0,0,0.2503398060798645,0.5938876271247864,0,0
Frustrated,0,0.5180810689926147,0.6110923290252686,0,0,0,0,0,0,0.11054706573486328,0.12371473014354706,0,0,0,0.12799717485904694,0.1074448898434639,0,0.26879701018333435,0.29522016644477844,0.4896599352359772,0.5885617733001709,0,0,0,0,0.1931837946176529,0,0,0,0,0,0,0,0,0.12939566373825073,0.11965514719486237,0,0,0,0,0,0.25223100185394287,0,0,0.49403244256973267,0.5758839249610901,0,0,0.19949983060359955,0.5161157846450806,0,0
Frustrated,0,0.536408007144928,0.6152449250221252,0,0,0,0,0,0,0.1050414890050888,0.11119683086872101,0,0,0,0.1364421248435974,0.11831951886415482,0,0.23854100704193115,0.2605666518211365,0.4661131501197815,0.5637030601501465,0,0,0,0,0.1731756627559662,0,0,0,0,0,0,0,0,0.14063765108585358,0.1338513344526291,0,0,0,0,0,0.24896524846553802,0,0,0.4818335175514221,0.561400294303894,0,0,0.2553519606590271,0.5890182256698608,0,0
Frustrated,0,0.5326069593429565,0.6117280721664429,0,0,0,0,0,0,0.10367249697446823,0.11751781404018402,0,0,0,0.13897205889225006,0.12108340859413147,0,0.22530701756477356,0.24230536818504333,0.45448169112205505,0.5633481740951538,0,0,0,0,0.17533960938453674,0,0,0,0,0,0,0,0,0.15536454319953918,0.1307586431503296,0,0,0,0,0,0.2614476680755615,0,0,0.4701232314109802,0.5495547652244568,0.11458151787519455,0,0.267395943403244,0.6144330501556396,0,0
Frustrated,0,0.5656998157501221,0.6384088397026062,0,0,0,0,0,0,0.10536088049411774,0,0,0,0,0.13033883273601532,0.11424349248409271,0,0.21432973444461823,0.22198329865932465,0.4716901481151581,0.5322904586791992,0,0,0,0,0.1629326492547989,0,0,0,0,0,0,0,0,0.11839760094881058,0.11175509542226791,0,0,0,0,0,0.23946838080883026,0,0,0.465820848941803,0.5357561111450195,0.1121099665760994,0,0.255824476480484,0.6001816987991333,0,0
Frustrated,0,0.6273844242095947,0.6789145469665527,0,0,0,0,0,0,0,0,0,0,0,0.11268212646245956,0,0,0.20996613800525665,0.2322295755147934,0.42303958535194397,0.5722112655639648,0,0,0,0,0.15517720580101013,0,0,0,0,0,0,0,0,0.1227383241057396,0.10654763132333755,0,0,0,0,0,0.16243061423301697,0,0,0.4804126024246216,0.5855313539505005,0,0,0.28372588753700256,0.6451923847198486,0,0
Frustrated,0,0.6171034574508667,0.6669032573699951,0,0,0,0,0,0,0.10180368274450302,0,0,0,0,0.1317734718322754,0.11576797813177109,0,0.21719084680080414,0.24296428263187408,0.4243650436401367,0.5748523473739624,0,0,0,0,0.17827948927879333,0,0,0,0,0,0,0,0,0.1285208761692047,0.10581684857606888,0,0,0,0,0,0.2074124664068222,0,0,0.4829387068748474,0.5878522396087646,0,0,0.2515566647052765,0.6025031208992004,0,0
Frustrated,0,0.599687933921814,0.6575058698654175,0,0,0,0,0,0,0.10632488876581192,0.10180731862783432,0,0,0,0.13379286229610443,0.11864158511161804,0,0.20567002892494202,0.227488175034523,0.4465356171131134,0.5724306106567383,0,0,0,0,0.1836535632610321,0,0,0,0,0,0,0,0,0.11151718348264694,0,0,0,0,0,0,0.22004346549510956,0,0,0.4833715558052063,0.5774959921836853,0,0,0.2330891340970993,0.5769667625427246,0,0
Frustrated,0,0.561497688293457,0.6388025283813477,0,0,0,0,0,0,0.10167036950588226,0.10953576117753983,0,0,0,0.15373536944389343,0.13725219666957855,0,0.2267458736896515,0.2535196840763092,0.457884281873703,0.5868790149688721,0,0,0,0,0.19233882427215576,0,0,0,0,0,0,0,0,0.11021400988101959,0.10140080749988556,0,0,0,0,0,0.2615930140018463,0,0,0.5003980398178101,0.5821735262870789,0,0,0.22007960081100464,0.5436309576034546,0,0
Frustrated,0,0.571830153465271,0.643363356590271,0,0,0,0,0,0,0.10519689321517944,0.10660701990127563,0,0,0,0.15655779838562012,0.1409270465373993,0,0.20987416803836823,0.2370442897081375,0.41317152976989746,0.5825138092041016,0,0,0,0,0.19096967577934265,0,0,0,0,0,0,0,0,0.12424282729625702,0.11494744569063187,0,0,0,0,0,0.24862366914749146,0,0,0.5040074586868286,0.5868439674377441,0,0,0.22895686328411102,0.5542658567428589,0,0
Frustrated,0,0.6403180360794067,0.7020232081413269,0,0,0,0,0,0,0,0,0,0,0,0.11136766523122787,0,0,0.20697833597660065,0.2336304783821106,0.40410116314888,0.5785812139511108,0,0,0,0,0.17301709949970245,0,0,0,0,0,0,0,0,0.10266251862049103,0,0,0,0,0,0,0.2006852924823761,0,0,0.49820074439048767,0.5928075313568115,0,0,0.22476577758789062,0.5631319284439087,0,0
Frustrated,0,0.6699247360229492,0.7007201910018921,0,0,0,0,0,0,0,0,0,0,0,0.11113986372947693,0.10071766376495361,0,0.20560897886753082,0.22510454058647156,0.43050897121429443,0.5630081295967102,0,0,0,0,0.17159925401210785,0,0,0,0,0,0,0,0,0,0,0,0,0,0,0,0.1783091276884079,0,0,0.4994865953922272,0.5999597311019897,0,0,0.21510808169841766,0.559525728225708,0,0
Frustrated,0,0.606954038143158,0.6566928625106812,0,0,0,0,0,0,0.10651211440563202,0.10356011241674423,0,0,0,0.14800216257572174,0.13317576050758362,0,0.19917359948158264,0.21975377202033997,0.43917426466941833,0.5559871196746826,0,0,0,0,0.16572611033916473,0,0,0,0,0,0,0,0,0.11698002368211746,0,0,0,0,0,0,0.22068023681640625,0,0,0.4739435613155365,0.5707911849021912,0,0,0.2425691783428192,0.5861055850982666,0,0
Frustrated,0,0.5950894355773926,0.6453311443328857,0,0,0,0,0,0,0.1022026464343071,0.10275387763977051,0,0,0,0.14693737030029297,0.13251899182796478,0,0.2323637157678604,0.25302425026893616,0.43259868025779724,0.5516524314880371,0,0,0,0,0.1717529445886612,0,0,0,0,0,0,0,0,0.11101749539375305,0.10397665202617645,0,0,0,0,0,0.24825769662857056,0,0,0.5141428709030151,0.5787405371665955,0,0,0.2672148644924164,0.5828585624694824,0,0
Frustrated,0,0.557178795337677,0.6262067556381226,0,0,0,0,0,0,0.10834787040948868,0.10984263569116592,0,0,0,0.14736181497573853,0.13181072473526,0,0.23399648070335388,0.25622573494911194,0.4426176846027374,0.5590530633926392,0,0,0,0,0.16501538455486298,0,0,0,0,0,0,0,0,0.12470662593841553,0.1173761636018753,0,0,0,0,0,0.2432330697774887,0,0,0.488285630941391,0.559337854385376,0,0,0.2574504613876343,0.5790085792541504,0,0
Frustrated,0,0.5781995058059692,0.6363539695739746,0,0,0,0,0,0,0.10083130747079849,0.10282854735851288,0,0,0,0.13563178479671478,0.12056393921375275,0,0.20754888653755188,0.2303629219532013,0.43397679924964905,0.560036838054657,0,0,0,0,0.15977895259857178,0,0,0,0,0,0,0,0,0.1287560611963272,0.1140693798661232,0,0,0,0,0,0.2161838710308075,0,0,0.4655604064464569,0.5468292832374573,0,0,0.270988404750824,0.610855221748352,0,0
Frustrated,0,0.5971119403839111,0.6508734226226807,0,0,0,0,0,0,0.11031860113143921,0.10925770550966263,0,0,0,0.15119729936122894,0.13436953723430634,0,0.20583373308181763,0.22734642028808594,0.4394713044166565,0.5712132453918457,0,0,0,0,0.15698087215423584,0,0,0,0,0,0,0,0,0.11916519701480865,0.1114126592874527,0,0,0,0,0,0.2251826971769333,0,0,0.4846513867378235,0.5538650751113892,0,0,0.26866623759269714,0.6089025735855103,0,0
Frustrated,0,0.6173340082168579,0.6708521246910095,0,0,0,0,0,0,0.11594951897859573,0.10640010237693787,0,0,0,0.15335527062416077,0.1357596218585968,0,0.2095576971769333,0.23442569375038147,0.45172467827796936,0.5942500829696655,0,0,0,0,0.16231182217597961,0,0,0,0,0,0,0,0,0.10962531715631485,0.10040179640054703,0,0,0,0,0,0.19326356053352356,0,0,0.48397010564804077,0.5670567750930786,0,0,0.28753089904785156,0.6288556456565857,0,0
Frustrated,0,0.6157515645027161,0.6706913113594055,0,0,0,0,0,0,0.11447815597057343,0.10513634979724884,0,0,0,0.15910054743289948,0.1419406682252884,0,0.20905354619026184,0.2339210957288742,0.4428391754627228,0.5899482369422913,0,0,0,0,0.16460536420345306,0,0,0,0,0,0,0,0,0.1162283644080162,0.10568621754646301,0,0,0,0,0,0.20413564145565033,0,0,0.47733739018440247,0.5588390827178955,0,0,0.28011560440063477,0.6210434436798096,0,0
Frustrated,0,0.6311187148094177,0.6788250803947449,0,0,0,0,0,0,0.11600710451602936,0.10108563303947449,0,0,0,0.15989606082439423,0.14344125986099243,0,0.20783129334449768,0.23331864178180695,0.44359007477760315,0.5947588682174683,0,0,0,0,0.17297965288162231,0,0,0,0,0,0,0,0,0.11671809107065201,0.10361672192811966,0,0,0,0,0,0.2004939764738083,0,0,0.48138633370399475,0.5667762756347656,0,0,0.27432358264923096,0.6203596591949463,0,0
Frustrated,0,0.6227511167526245,0.678503155708313,0,0,0,0,0,0,0.10653409361839294,0.10013233870267868,0,0,0,0.1718072146177292,0.15484561026096344,0,0.22225961089134216,0.2473302185535431,0.44630736112594604,0.5895254611968994,0,0,0,0,0.18278415501117706,0,0,0,0,0,0,0,0,0.12307395786046982,0.10823977738618851,0,0,0,0,0,0.22186794877052307,0,0,0.4930380880832672,0.5819299221038818,0,0,0.26259809732437134,0.6077516078948975,0,0
Frustrated,0,0.5905930995941162,0.656359851360321,0,0,0,0,0,0,0.10057955235242844,0.10115019232034683,0,0,0,0.15371985733509064,0.13734981417655945,0,0.2110525369644165,0.2340260148048401,0.4360422194004059,0.5726804733276367,0,0,0,0,0.16945135593414307,0,0,0,0,0,0,0,0,0.12041181325912476,0.11330623924732208,0,0,0,0,0,0.2178134173154831,0,0,0.4877161681652069,0.5737830400466919,0,0,0.2706893980503082,0.6143639087677002,0,0
Frustrated,0,0.5986120700836182,0.6581085920333862,0,0,0,0,0,0,0.11026141047477722,0.10695141553878784,0,0,0,0.1582220494747162,0.1421135663986206,0,0.21061624586582184,0.23333266377449036,0.4370742440223694,0.5698586702346802,0,0,0,0,0.17315764725208282,0,0,0,0,0,0,0,0,0.12956199049949646,0.11588095873594284,0,0,0,0,0,0.2341032326221466,0,0,0.48433032631874084,0.5746514797210693,0,0,0.2701120674610138,0.6197158098220825,0,0
Frustrated,0,0.5772770047187805,0.6408407688140869,0,0,0,0,0,0,0.10943568497896194,0.10753483325242996,0,0,0,0.1338205337524414,0.1160740926861763,0,0.20637968182563782,0.2290441393852234,0.4392164647579193,0.5682128667831421,0,0,0,0,0.16402533650398254,0,0,0,0,0,0,0,0,0.146481454372406,0.13097573816776276,0,0,0,0,0,0.2482670694589615,0,0,0.47738781571388245,0.5609129667282104,0,0,0.28282102942466736,0.6227951645851135,0,0
Frustrated,0,0.5745611190795898,0.6344454288482666,0,0,0,0,0,0,0.10933834314346313,0.1058749333024025,0,0,0,0.12873831391334534,0.11404653638601303,0,0.20798633992671967,0.23035316169261932,0.4438084363937378,0.5654138326644897,0,0,0,0,0.16195367276668549,0,0,0,0,0,0,0,0,0.12859447300434113,0.12205733358860016,0,0,0,0,0,0.24508392810821533,0,0,0.4697187840938568,0.538611888885498,0,0,0.27364382147789,0.6140539646148682,0,0
Frustrated,0,0.5898529291152954,0.6417542695999146,0,0,0,0,0,0,0.10782117396593094,0.10323414206504822,0,0,0,0.1539471298456192,0.13901296257972717,0,0.20485278964042664,0.22906792163848877,0.4033511281013489,0.5560007095336914,0,0,0,0,0.16558797657489777,0,0,0,0,0,0,0,0,0.12786148488521576,0.1217152327299118,0,0,0,0,0,0.21942874789237976,0,0,0.49491894245147705,0.5663761496543884,0,0,0.27849045395851135,0.6186296939849854,0,0
Frustrated,0,0.5808719396591187,0.6370643377304077,0,0,0,0,0,0,0.10372666269540787,0.1083417534828186,0,0,0,0.14690285921096802,0.13068073987960815,0,0.210672989487648,0.2348794788122177,0.4249544143676758,0.563472330570221,0,0,0,0,0.16679207980632782,0,0,0,0,0,0,0,0,0.1249128133058548,0.11582309007644653,0,0,0,0,0,0.23233568668365479,0,0,0.4936467409133911,0.5712239742279053,0,0,0.27691450715065,0.613726019859314,0,0
Frustrated,0,0.5832250714302063,0.6527812480926514,0,0,0,0,0,0,0,0,0,0,0,0.13580873608589172,0.11896969377994537,0,0.20769673585891724,0.23466379940509796,0.44417905807495117,0.5812238454818726,0,0,0,0,0.18409016728401184,0,0,0,0,0,0,0,0,0.1141427755355835,0.10697755962610245,0,0,0,0,0,0.2602878510951996,0,0,0.5108127593994141,0.6004104614257812,0,0,0.22303856909275055,0.5485118627548218,0,0
Frustrated,0,0.6236897706985474,0.6688423156738281,0,0,0,0,0,0,0,0,0,0,0,0.13866563141345978,0.12247731536626816,0,0.19247838854789734,0.20919005572795868,0.4359477162361145,0.5619644522666931,0,0,0,0,0.18064111471176147,0,0,0,0,0,0,0,0,0.1535380780696869,0.14108404517173767,0,0,0,0,0,0.27767372131347656,0,0,0.4714314341545105,0.5793355703353882,0,0,0.24547559022903442,0.6095055937767029,0,0
Frustrated,0,0.6152198314666748,0.6659954786300659,0,0,0,0,0,0,0.10930988192558289,0.10521833598613739,0,0,0,0.1393457055091858,0.12445615231990814,0,0.19640423357486725,0.22190797328948975,0.4347522258758545,0.5805673003196716,0,0,0,0,0.17823974788188934,0,0,0,0,0,0,0,0,0.1276259422302246,0.11606244742870331,0,0,0,0,0,0.2451259344816208,0,0,0.4740525484085083,0.5709508657455444,0,0,0.24566520750522614,0.5987148880958557,0,0
Frustrated,0,0.5705957412719727,0.6228414177894592,0,0,0,0,0,0,0,0,0,0,0,0.10642881691455841,0,0,0.1880188137292862,0.20755884051322937,0.4023136496543884,0.5497503280639648,0,0,0,0,0.1926947683095932,0,0,0,0,0,0,0,0,0.13123075664043427,0.12383440881967545,0,0,0,0,0,0.257951945066452,0,0,0.5111351013183594,0.5803300142288208,0,0,0.22557348012924194,0.54289311170578,0,0
Frustrated,0,0.625939130783081,0.675833523273468,0,0,0,0,0,0,0.10088562965393066,0,0,0,0,0.13053783774375916,0.11488410830497742,0,0.2278686910867691,0.25353336334228516,0.42855527997016907,0.5675822496414185,0,0,0,0,0.15951193869113922,0,0,0,0,0,0,0,0,0.10958455502986908,0.1020461842417717,0,0,0,0,0,0.2121318131685257,0,0,0.5064264535903931,0.5848149061203003,0,0,0.2554067373275757,0.5898756980895996,0,0
Frustrated,0,0.616599440574646,0.6641824245452881,0,0,0,0,0,0,0.10333099216222763,0.10121380537748337,0,0,0,0.13805314898490906,0.12178043276071548,0,0.19039705395698547,0.21342255175113678,0.40325963497161865,0.5693021416664124,0,0,0,0,0.15381835401058197,0,0,0,0,0,0,0,0,0.1292029172182083,0.10627415776252747,0,0,0,0,0,0.20026998221874237,0,0,0.47090327739715576,0.5727671384811401,0.1043744906783104,0,0.2770085632801056,0.6347903609275818,0,0
Frustrated,0,0.6384398341178894,0.6762481927871704,0,0,0,0,0,0,0,0,0,0,0,0.14350257813930511,0.1287733018398285,0,0.17296920716762543,0.19033370912075043,0.42268773913383484,0.5651165246963501,0,0,0,0,0.1647539734840393,0,0,0,0,0,0,0,0,0.13571219146251678,0.11896074563264847,0,0,0,0,0,0.2016705721616745,0,0,0.46771690249443054,0.5742610096931458,0,0,0.2766880393028259,0.6404142379760742,0,0
Frustrated,0,0.654573917388916,0.689468264579773,0,0,0,0,0,0,0,0,0,0,0,0.11459527164697647,0.10189593583345413,0,0.17801564931869507,0.1972978711128235,0.4156872630119324,0.5675489902496338,0,0,0,0,0.16021454334259033,0,0,0,0,0,0,0,0,0.12250540405511856,0,0,0,0,0,0,0.17658373713493347,0,0,0.484287828207016,0.603801965713501,0,0,0.2560592293739319,0.6209259033203125,0,0
Frustrated,0,0.6224639415740967,0.6687915325164795,0,0,0,0,0,0,0.105846107006073,0.10076846927404404,0,0,0,0.1386634260416031,0.12380821257829666,0,0.19939376413822174,0.2203831672668457,0.44599106907844543,0.5729143619537354,0,0,0,0,0.17925797402858734,0,0,0,0,0,0,0,0,0.11817324906587601,0.10430913418531418,0,0,0,0,0,0.20887616276741028,0,0,0.4926094710826874,0.5847551822662354,0,0,0.24236394464969635,0.5835816860198975,0,0
Frustrated,0,0.5679334402084351,0.6364023685455322,0,0,0,0,0,0,0.10519078373908997,0.10368682444095612,0,0,0,0.13970796763896942,0.1254422515630722,0,0.22695264220237732,0.24274517595767975,0.5044727325439453,0.5747823119163513,0,0,0,0,0.20063982903957367,0,0,0,0,0,0,0,0,0.12029679119586945,0.12455035746097565,0,0,0,0,0,0.283408522605896,0,0,0.5400295257568359,0.6241875290870667,0,0,0.24991567432880402,0.6016373634338379,0,0
Frustrated,0,0.5251678228378296,0.601465106010437,0,0,0,0,0,0,0.11456628143787384,0.11393740773200989,0,0,0,0.1441921442747116,0.13029029965400696,0,0.2492140531539917,0.2730027437210083,0.47569286823272705,0.5781193971633911,0,0,0,0,0.1795332431793213,0,0,0,0,0,0,0,0,0.12293054908514023,0.1222253069281578,0,0,0,0,0,0.27820295095443726,0,0,0.4980291426181793,0.5784287452697754,0,0,0.2638184726238251,0.5878773331642151,0,0
Frustrated,0,0.5668424963951111,0.6322875618934631,0,0,0,0,0,0,0.10501248389482498,0.11125994473695755,0,0,0,0.17280398309230804,0.15722809731960297,0,0.2088054120540619,0.22767476737499237,0.44511380791664124,0.572669506072998,0,0,0,0,0.16839782893657684,0,0,0,0,0,0,0,0,0.13663232326507568,0.12563934922218323,0,0,0,0,0,0.24421952664852142,0,0,0.470118910074234,0.570168137550354,0,0,0.26459208130836487,0.624509334564209,0,0
Frustrated,0,0.5965144634246826,0.6603710651397705,0,0,0,0,0,0,0,0.10483602434396744,0,0,0,0.15515148639678955,0.13823197782039642,0,0.21973146498203278,0.2365516871213913,0.4535425305366516,0.5617431402206421,0,0,0,0,0.18513049185276031,0,0,0,0,0,0,0,0,0.1613984853029251,0.1594265103340149,0,0,0,0,0,0.2388436645269394,0,0,0.4985254406929016,0.6024909615516663,0,0,0.2703537046909332,0.618006706237793,0,0
Frustrated,0,0.6222901940345764,0.6709916591644287,0,0,0,0,0,0,0.10863129049539566,0.10297296196222305,0,0,0,0.1585661917924881,0.14229881763458252,0,0.21391908824443817,0.2370658665895462,0.44324249029159546,0.571484386920929,0,0,0,0,0.17527484893798828,0,0,0,0,0,0,0,0,0.12416010349988937,0.11535300314426422,0,0,0,0,0,0.2345316857099533,0,0,0.47969263792037964,0.5689897537231445,0,0,0.2605622410774231,0.6003814935684204,0,0
Frustrated,0,0.6096962690353394,0.6667494773864746,0,0,0,0,0,0,0,0.10343024134635925,0,0,0,0.15156953036785126,0.13597282767295837,0,0.22038565576076508,0.2362108677625656,0.46274513006210327,0.5723105669021606,0,0,0,0,0.1757471263408661,0,0,0,0,0,0,0,0,0.11893008649349213,0.11005924642086029,0,0,0,0,0,0.21771182119846344,0,0,0.46210938692092896,0.5495738983154297,0,0,0.24786479771137238,0.6135473251342773,0,0
Frustrated,0,0.6023913621902466,0.6596754789352417,0,0,0,0,0,0,0.10608947277069092,0.10737182945013046,0,0,0,0.1515035480260849,0.1359238475561142,0,0.24380311369895935,0.2679358124732971,0.45852333307266235,0.5974124670028687,0,0,0,0,0.15141402184963226,0,0,0,0,0,0,0,0,0.10567492246627808,0.10064862668514252,0,0,0,0,0,0.22343330085277557,0,0,0.4659423232078552,0.5399924516677856,0,0,0.2975110709667206,0.6438535451889038,0,0
Frustrated,0,0.5021508932113647,0.6013025641441345,0,0,0,0,0,0,0,0.10543902218341827,0,0,0,0.12927915155887604,0.10967528820037842,0,0.23156768083572388,0.25293856859207153,0.4465024769306183,0.5701963901519775,0,0,0,0,0.18768998980522156,0,0,0,0,0,0,0,0,0.1376240998506546,0.12903767824172974,0,0,0,0,0,0.3018419146537781,0,0,0.5050783157348633,0.5980747938156128,0,0,0.24139446020126343,0.5825142860412598,0,0
Frustrated,0,0.5580247640609741,0.6371507048606873,0,0,0,0,0,0,0.10412939637899399,0.10864284634590149,0,0,0,0.14876577258110046,0.13368161022663116,0,0.21094205975532532,0.23211833834648132,0.44871047139167786,0.5767251253128052,0,0,0,0,0.18445992469787598,0,0,0,0,0,0,0,0,0.11426091194152832,0.10797961801290512,0,0,0,0,0,0.2396426796913147,0,0,0.4872402846813202,0.5734496116638184,0,0,0.2562980353832245,0.5807535648345947,0,0
Frustrated,0,0.5840280055999756,0.6494035720825195,0,0,0,0,0,0,0.107363261282444,0.1074158102273941,0,0,0,0.15222647786140442,0.1360224187374115,0,0.21295671164989471,0.2356950044631958,0.4580388367176056,0.5751262903213501,0,0,0,0,0.17437267303466797,0,0,0,0,0,0,0,0,0.12499160319566727,0.11724764108657837,0,0,0,0,0,0.22637638449668884,0,0,0.4767293632030487,0.5599536895751953,0,0,0.25634345412254333,0.5893829464912415,0,0
Frustrated,0,0.5783756971359253,0.6507045030593872,0,0,0,0,0,0,0.10722918063402176,0.10742992907762527,0,0,0,0.16601316630840302,0.14982864260673523,0,0.2075381875038147,0.2256162315607071,0.4578433632850647,0.5696502923965454,0,0,0,0,0.17998850345611572,0,0,0,0,0,0,0,0,0.13820010423660278,0.12426378577947617,0,0,0,0,0,0.24047142267227173,0,0,0.4647761583328247,0.5522212386131287,0,0,0.25356602668762207,0.5911980271339417,0,0
Frustrated,0,0.6119157075881958,0.6695646643638611,0,0,0,0,0,0,0.1051066592335701,0,0,0,0,0.1649550199508667,0.1502617448568344,0,0.20738698542118073,0.22900041937828064,0.4414638578891754,0.579475998878479,0,0,0,0,0.1931520402431488,0,0,0,0,0,0,0,0,0.1291569620370865,0.10846531391143799,0,0,0,0,0,0.2253962904214859,0,0,0.47014278173446655,0.5762249231338501,0,0,0.22605957090854645,0.5810971856117249,0,0
Frustrated,0,0.6220245361328125,0.6686887741088867,0,0,0,0,0,0,0,0,0,0,0,0.14285588264465332,0.12791715562343597,0,0.1962304413318634,0.21617557108402252,0.4428830146789551,0.5743099451065063,0,0,0,0,0.1900014877319336,0,0,0,0,0,0,0,0,0.14558708667755127,0.12360306829214096,0,0,0,0,0,0.21905402839183807,0,0,0.4692179262638092,0.5767896175384521,0,0,0.2399085909128189,0.5928202867507935,0,0
Frustrated,0,0.569901704788208,0.6315052509307861,0,0,0,0,0,0,0,0.10776554048061371,0,0,0,0.13134872913360596,0.1131339818239212,0,0.22136127948760986,0.24339963495731354,0.44134029746055603,0.5675352811813354,0,0,0,0,0.18424910306930542,0,0,0,0,0,0,0,0,0.15249866247177124,0.13938403129577637,0,0,0,0,0,0.2153647094964981,0,0,0.4846270680427551,0.5903036594390869,0,0,0.2667912542819977,0.6221199631690979,0,0
Frustrated,0,0.5844073295593262,0.6496513485908508,0,0,0,0,0,0,0,0.10525397211313248,0,0,0,0.13195718824863434,0.11556939035654068,0,0.22265976667404175,0.24586200714111328,0.44163426756858826,0.5732972621917725,0,0,0,0,0.19089587032794952,0,0,0,0,0,0,0,0,0.13255217671394348,0.12095854431390762,0,0,0,0,0,0.24355179071426392,0,0,0.48613351583480835,0.589145839214325,0,0,0.23719868063926697,0.5819985866546631,0,0
Frustrated,0,0.5751314163208008,0.6436024308204651,0,0,0,0,0,0,0.1093151867389679,0.11175591498613358,0,0,0,0.1391942799091339,0.12329468876123428,0,0.23505306243896484,0.2599099576473236,0.4491361677646637,0.575222373008728,0,0,0,0,0.18728944659233093,0,0,0,0,0,0,0,0,0.11628157645463943,0.1055561900138855,0,0,0,0,0,0.2512008249759674,0,0,0.48179861903190613,0.5687664747238159,0,0,0.23066206276416779,0.5592125654220581,0,0
Frustrated,0,0.5423041582107544,0.6143475770950317,0,0,0,0,0,0,0.10329734534025192,0.10892757028341293,0,0,0,0.13605457544326782,0.12129197269678116,0,0.2236417829990387,0.24187339842319489,0.44975459575653076,0.5557509660720825,0,0,0,0,0.1701386570930481,0,0,0,0,0,0,0,0,0.12006668001413345,0.10466448962688446,0,0,0,0,0,0.24193890392780304,0,0,0.47173699736595154,0.5650750398635864,0,0,0.24687319993972778,0.5871521234512329,0,0
Frustrated,0,0.5475040674209595,0.6161361336708069,0,0,0,0,0,0,0.10216130316257477,0.11235751211643219,0,0,0,0.12105385959148407,0.10282590240240097,0,0.21977701783180237,0.24031230807304382,0.4583885371685028,0.5741153955459595,0,0,0,0,0.16267211735248566,0,0,0,0,0,0,0,0,0.13412049412727356,0.11911150813102722,0,0,0,0,0,0.24284321069717407,0,0,0.4727798104286194,0.5600028038024902,0,0,0.2683522403240204,0.6008553504943848,0,0
Frustrated,0,0.547365128993988,0.6199741363525391,0,0,0,0,0,0,0.10125737637281418,0.11267197132110596,0,0,0,0.11971460282802582,0.10239874571561813,0,0.22788773477077484,0.24697798490524292,0.445452481508255,0.5463354587554932,0,0,0,0,0.1734539419412613,0,0,0,0,0,0,0,0,0.17107081413269043,0.15346182882785797,0,0,0,0,0,0.3046475350856781,0,0,0.4866551160812378,0.5725935697555542,0,0,0.2535644769668579,0.5914614200592041,0,0
Frustrated,0,0.5291476249694824,0.6061931252479553,0,0,0,0,0,0,0.1033153310418129,0.1125962883234024,0,0,0,0.15435610711574554,0.13963164389133453,0,0.21653902530670166,0.23553778231143951,0.4461899697780609,0.5472291707992554,0,0,0,0,0.1744040995836258,0,0,0,0,0,0,0,0,0.14251340925693512,0.12914468348026276,0,0,0,0,0,0.2762089669704437,0,0,0.4669261872768402,0.5519546270370483,0,0,0.2604508101940155,0.5935971736907959,0,0
Frustrated,0,0.5892760753631592,0.6485624313354492,0,0,0,0,0,0,0,0,0,0,0,0.10246272385120392,0,0,0.1746673434972763,0.19017378985881805,0.4477212727069855,0.5581372380256653,0,0,0,0,0.2050943225622177,0,0,0,0,0,0,0,0,0.10850363224744797,0.10755258053541183,0,0,0,0,0,0.2472427785396576,0,0,0.5484155416488647,0.6108759641647339,0,0,0.23800724744796753,0.5330515503883362,0,0
Frustrated,0,0.6350471377372742,0.6912589073181152,0,0,0,0,0,0,0.10506423562765121,0,0,0,0,0.11788465082645416,0.10082465410232544,0,0.20049580931663513,0.2227884978055954,0.4499874711036682,0.5604590177536011,0,0,0,0,0.17848055064678192,0,0,0,0,0,0,0,0,0.10468866676092148,0,0,0,0,0,0,0.21446748077869415,0,0,0.5800065994262695,0.6501275300979614,0,0,0.2297140210866928,0.5250470042228699,0,0
Frustrated,0,0.6285210847854614,0.6740196943283081,0,0,0,0,0,0,0,0,0,0,0,0.13519620895385742,0.11995996534824371,0,0.19782191514968872,0.2200552374124527,0.429961234331131,0.5757960081100464,0,0,0,0,0.17687180638313293,0,0,0,0,0,0,0,0,0.1163090169429779,0.1077403575181961,0,0,0,0,0,0.17567981779575348,0,0,0.5255734920501709,0.620976984500885,0,0,0.23698481917381287,0.5749765634536743,0,0
Frustrated,0,0.6277527809143066,0.6765699982643127,0,0,0,0,0,0,0.11245954781770706,0.10075502842664719,0,0,0,0.15754753351211548,0.14186926186084747,0,0.2049180269241333,0.23152050375938416,0.44615963101387024,0.5838606357574463,0,0,0,0,0.17072241008281708,0,0,0,0,0,0,0,0,0.11196450144052505,0.10646270960569382,0,0,0,0,0,0.20712465047836304,0,0,0.5137951374053955,0.6110607385635376,0,0,0.2511487901210785,0.5912671089172363,0,0
Frustrated,0,0.650377631187439,0.6880128979682922,0,0,0,0,0,0,0,0,0,0,0,0.1251363307237625,0.11021678894758224,0,0.1747419387102127,0.19035334885120392,0.40465399622917175,0.5634874105453491,0,0,0,0,0.1810494065284729,0,0,0,0,0,0,0,0,0.1306024193763733,0.11948941648006439,0,0,0,0,0,0.1985165774822235,0,0,0.5086439847946167,0.627511203289032,0,0,0.2618386745452881,0.6294640302658081,0,0
Frustrated,0,0.6333097815513611,0.6744993329048157,0,0,0,0,0,0,0,0,0,0,0,0.11844763159751892,0.10029182583093643,0,0.16451522707939148,0.17146089673042297,0.41153162717819214,0.5488040447235107,0,0,0,0,0.1669081598520279,0,0,0,0,0,0,0,0,0.14020350575447083,0.1209825724363327,0,0,0,0,0,0.18148373067378998,0,0,0.5065958499908447,0.6401315927505493,0,0,0.27546101808547974,0.6549010276794434,0,0
Frustrated,0,0.6584367752075195,0.7035737037658691,0,0,0,0,0,0,0,0,0,0,0,0.10142809897661209,0,0,0.18316233158111572,0.19562597572803497,0.4631492793560028,0.5671416521072388,0,0,0,0,0.18300758302211761,0,0,0,0,0,0,0,0,0.12412456423044205,0.13007870316505432,0,0,0,0,0,0.23152264952659607,0,0,0.5588722229003906,0.6276537179946899,0,0,0.24492472410202026,0.55716472864151,0,0
Frustrated,0,0.6299554705619812,0.683730959892273,0,0,0,0,0,0,0.10910721123218536,0.1058315858244896,0,0,0,0.11816256493330002,0.10397786647081375,0,0.2088746279478073,0.23238064348697662,0.4414675831794739,0.5916465520858765,0,0,0,0,0.15796837210655212,0,0,0,0,0,0,0,0,0.12201617658138275,0.11810041964054108,0,0,0,0,0,0.19013026356697083,0,0,0.5232031345367432,0.6253291964530945,0,0,0.27082309126853943,0.6298995018005371,0,0
Frustrated,0,0.6006838083267212,0.6625499129295349,0,0,0,0,0,0,0.11364518105983734,0,0,0,0,0.1305699199438095,0.11312378197908401,0,0.2159859985113144,0.2532600462436676,0.42093390226364136,0.6111017465591431,0,0,0,0,0.15010544657707214,0,0,0,0,0,0,0,0,0,0,0,0,0,0,0,0.1923072785139084,0,0,0.5934140682220459,0.6717762351036072,0,0,0.2872072160243988,0.607792854309082,0,0
Frustrated,0,0.5555195808410645,0.6183961033821106,0,0,0,0,0,0,0.10383959859609604,0,0,0,0,0.13637377321720123,0.11980732530355453,0,0.19510363042354584,0.22291184961795807,0.42294323444366455,0.5909398794174194,0,0,0,0,0.1823141723871231,0,0,0,0,0,0,0,0,0.10811571031808853,0,0,0,0,0,0,0.18184368312358856,0,0,0.5590337514877319,0.6527657508850098,0,0,0.2665310502052307,0.6113792061805725,0,0
Frustrated,0,0.5845112800598145,0.6555245518684387,0,0,0,0,0,0,0.11158675700426102,0.10516475886106491,0,0,0,0.14025086164474487,0.12494805455207825,0,0.2105344980955124,0.2360931932926178,0.45257577300071716,0.5817526578903198,0,0,0,0,0.1864164024591446,0,0,0,0,0,0,0,0,0.12812533974647522,0.11871226131916046,0,0,0,0,0,0.25311756134033203,0,0,0.5478934049606323,0.6510167121887207,0,0,0.2579922080039978,0.6173019409179688,0,0
Frustrated,0,0.6122127771377563,0.6741287708282471,0,0,0,0,0,0,0,0,0,0,0,0.1305401772260666,0.11515157669782639,0,0.2032538205385208,0.23119550943374634,0.4315139949321747,0.5970527529716492,0,0,0,0,0.18288898468017578,0,0,0,0,0,0,0,0,0.11848314106464386,0.10619723051786423,0,0,0,0,0,0.2132291942834854,0,0,0.5314515233039856,0.6445283889770508,0,0,0.27588215470314026,0.638248085975647,0,0
Frustrated,0,0.596611738204956,0.6605461835861206,0,0,0,0,0,0,0.10021550208330154,0.10444304347038269,0,0,0,0.10642284154891968,0,0,0.198726087808609,0.2160618007183075,0.4584553837776184,0.5877407193183899,0,0,0,0,0.1704065352678299,0,0,0,0,0,0,0,0,0.14234057068824768,0.1245674192905426,0,0,0,0,0,0.21437066793441772,0,0,0.518463134765625,0.6291617155075073,0,0,0.28101205825805664,0.6485419273376465,0,0
Frustrated,0,0.639384388923645,0.6839855909347534,0,0,0,0,0,0,0,0,0,0,0,0.12352795898914337,0.10725585371255875,0,0.1951453983783722,0.21052764356136322,0.4529523253440857,0.5738883018493652,0,0,0,0,0.18025614321231842,0,0,0,0,0,0,0,0,0.12173996865749359,0.10530616343021393,0,0,0,0,0,0.1820334494113922,0,0,0.5417088270187378,0.6456694006919861,0,0,0.2674459218978882,0.6199266314506531,0,0
Frustrated,0,0.7101688385009766,0.7464598417282104,0,0,0,0,0,0,0.11155477911233902,0.1009472981095314,0,0,0,0.10100285708904266,0,0,0.18616360425949097,0.19916950166225433,0.5260587930679321,0.6174507141113281,0,0,0,0,0.1941612958908081,0,0,0,0,0,0,0,0,0.10980243980884552,0.1371839940547943,0,0,0,0,0,0.24730874598026276,0,0,0.6577625870704651,0.6984981298446655,0,0,0.24785025417804718,0.5569725036621094,0,0
Frustrated,0,0.6825146675109863,0.7241305112838745,0,0,0,0,0,0,0,0,0,0,0,0.11160708218812943,0,0,0.19219304621219635,0.20975442230701447,0.4941862225532532,0.5988490581512451,0,0,0,0,0.15504908561706543,0,0,0,0,0,0,0,0,0.11007332801818848,0.11091744154691696,0,0,0,0,0,0.234727680683136,0,0,0.5818852186203003,0.6711442470550537,0,0,0.272844523191452,0.6011456847190857,0,0
Frustrated,0,0.6442742347717285,0.6896044611930847,0,0,0,0,0,0,0.10215572267770767,0.10237234085798264,0,0,0,0.13759152591228485,0.1227417141199112,0,0.22852830588817596,0.24897713959217072,0.4848858416080475,0.583319902420044,0,0,0,0,0.16978180408477783,0,0,0,0,0,0,0,0,0.1180465891957283,0.1188114583492279,0,0,0,0,0,0.22642867267131805,0,0,0.5703400373458862,0.6573014259338379,0,0,0.2664452791213989,0.6100480556488037,0,0
Frustrated,0,0.6688635349273682,0.6992879509925842,0,0,0,0,0,0,0,0,0,0,0,0.12982989847660065,0.11247208714485168,0,0.21965481340885162,0.23346155881881714,0.4548388719558716,0.5963946580886841,0,0,0,0,0.18140047788619995,0,0,0,0,0,0,0,0,0.1257246881723404,0.11835406720638275,0,0,0,0,0,0.17669305205345154,0,0,0.5477136373519897,0.6575871109962463,0,0,0.2742994725704193,0.6434879302978516,0,0
Frustrated,0,0.6301416158676147,0.6759535074234009,0,0,0,0,0,0,0.1003330796957016,0,0,0,0,0.1343764215707779,0.1183447614312172,0,0.21559514105319977,0.23891983926296234,0.4443682134151459,0.5870497822761536,0,0,0,0,0.17831245064735413,0,0,0,0,0,0,0,0,0.10138179361820221,0,0,0,0,0,0,0.20935401320457458,0,0,0.5587828755378723,0.6484713554382324,0,0,0.2559265196323395,0.603949785232544,0,0
Frustrated,0,0.6044657230377197,0.6627639532089233,0,0,0,0,0,0,0.11329076439142227,0.10541272908449173,0,0,0,0.15293395519256592,0.13688962161540985,0,0.20283381640911102,0.2266392707824707,0.4503272771835327,0.5909812450408936,0,0,0,0,0.17796149849891663,0,0,0,0,0,0,0,0,0,0,0,0,0,0,0,0.20337586104869843,0,0,0.5795344710350037,0.664731502532959,0,0,0.2680399715900421,0.615759015083313,0,0
Frustrated,0,0.5232759714126587,0.6065340042114258,0,0,0,0,0,0,0,0,0,0,0,0.10237444192171097,0,0,0.24424724280834198,0.268049031496048,0.48742738366127014,0.5990650653839111,0,0,0,0,0.234297975897789,0,0,0,0,0,0,0,0,0,0,0,0,0,0,0,0.32881033420562744,0,0,0.5888137817382812,0.6610544919967651,0,0,0.20643533766269684,0.5312936305999756,0,0
Frustrated,0,0.5465108156204224,0.6131837368011475,0,0,0,0,0,0,0,0,0,0,0,0.11979129910469055,0.10219638794660568,0,0.2066042721271515,0.23145060241222382,0.4437764585018158,0.5735055208206177,0,0,0,0,0.19089552760124207,0,0,0,0,0,0,0,0,0.11716226488351822,0.10310905426740646,0,0,0,0,0,0.24031861126422882,0,0,0.4916733503341675,0.5901832580566406,0,0,0.24206265807151794,0.5673334002494812,0,0
Frustrated,0,0.6112486124038696,0.6521936655044556,0,0,0,0,0,0,0,0,0,0,0,0.13082844018936157,0.11715427786111832,0,0.20218409597873688,0.21560269594192505,0.45559296011924744,0.5493310689926147,0,0,0,0,0.19733533263206482,0,0,0,0,0,0,0,0,0.11984395235776901,0.10769064724445343,0,0,0,0,0,0.1923789381980896,0,0,0.49125027656555176,0.5950042009353638,0,0,0.23096062242984772,0.5599687099456787,0,0
Frustrated,0,0.5520950555801392,0.6296642422676086,0,0,0,0,0,0,0,0,0,0,0,0.13090388476848602,0.11620666831731796,0,0.22444038093090057,0.24576963484287262,0.42064598202705383,0.5535486936569214,0,0,0,0,0.20420819520950317,0,0,0,0,0,0,0,0,0.12778639793395996,0.11274939030408859,0,0,0,0,0,0.22087164223194122,0,0,0.5133434534072876,0.6300514936447144,0,0,0.22626689076423645,0.5506189465522766,0,0
Frustrated,0,0.6171834468841553,0.67633455991745,0,0,0,0,0,0,0,0,0,0,0,0.14862464368343353,0.13344669342041016,0,0.19317366182804108,0.216010183095932,0.43250468373298645,0.5825738906860352,0,0,0,0,0.19742383062839508,0,0,0,0,0,0,0,0,0,0,0,0,0,0,0,0.1715315878391266,0,0,0.4885844886302948,0.6120507717132568,0,0,0.2138325721025467,0.5565233826637268,0,0
Frustrated,0,0.544568657875061,0.6174697875976562,0,0,0,0,0,0,0,0.1037268117070198,0,0,0,0.15599161386489868,0.14161565899848938,0,0.2260810136795044,0.2498081773519516,0.45144128799438477,0.5775526165962219,0,0,0,0,0.19727975130081177,0,0,0,0,0,0,0,0,0,0,0,0,0,0,0,0.24670648574829102,0,0,0.4921107590198517,0.5905287861824036,0,0,0.18777449429035187,0.5105772018432617,0,0
Frustrated,0,0.5079888105392456,0.5911657810211182,0,0,0,0,0,0,0,0.10644561052322388,0,0,0,0.13549020886421204,0.12090958654880524,0,0.23290109634399414,0.2567357122898102,0.4486628770828247,0.5714520812034607,0,0,0,0,0.18115206062793732,0,0,0,0,0,0,0,0,0.11972125619649887,0.11452329158782959,0,0,0,0,0,0.2345380187034607,0,0,0.47166013717651367,0.5728124976158142,0,0,0.22645074129104614,0.568863570690155,0,0
Frustrated,0,0.5258293151855469,0.5990183353424072,0,0,0,0,0,0,0,0,0,0,0,0.1295066773891449,0.11397382616996765,0,0.2326328009366989,0.25338321924209595,0.43946129083633423,0.5553311109542847,0,0,0,0,0.17029240727424622,0,0,0,0,0,0,0,0,0.11519093811511993,0.108559250831604,0,0,0,0,0,0.23035110533237457,0,0,0.46558061242103577,0.5571329593658447,0,0,0.2511109411716461,0.5812587738037109,0,0
Frustrated,0,0.5269855260848999,0.6001583337783813,0,0,0,0,0,0,0,0.10996153205633163,0,0,0,0.1172257736325264,0,0,0.23683413863182068,0.2610844373703003,0.42391958832740784,0.559812068939209,0,0,0,0,0.1677345186471939,0,0,0,0,0,0,0,0,0.13946345448493958,0.13043148815631866,0,0,0,0,0,0.23860009014606476,0,0,0.4530957043170929,0.5562514066696167,0,0,0.24045659601688385,0.5830250978469849,0,0
Frustrated,0,0.5378104448318481,0.6180510520935059,0,0,0,0,0,0,0,0,0,0,0,0.12448669970035553,0.1064906120300293,0,0.22731906175613403,0.2475736439228058,0.43586939573287964,0.548447847366333,0,0,0,0,0.20679964125156403,0,0,0,0,0,0,0,0,0.145892933011055,0.13077907264232635,0,0,0,0,0,0.23898331820964813,0,0,0.46106699109077454,0.5881149768829346,0.10823843628168106,0,0.1658015251159668,0.4858883023262024,0,0
Frustrated,0,0.5810908079147339,0.6422300338745117,0,0,0,0,0,0,0,0,0,0,0,0.152900829911232,0.13664717972278595,0,0.22667618095874786,0.2489069700241089,0.4244409203529358,0.550228476524353,0,0,0,0,0.2054004818201065,0,0,0,0,0,0,0,0,0.15047039091587067,0.1325501799583435,0,0,0,0,0,0.17990297079086304,0,0,0.4723784029483795,0.5735948085784912,0.11519405990839005,0,0.17810633778572083,0.47804632782936096,0,0
Frustrated,0,0.6515899896621704,0.6918891668319702,0,0,0,0,0,0,0,0,0,0,0,0.1130995824933052,0,0,0.18874934315681458,0.21501673758029938,0.3607056140899658,0.564922034740448,0,0,0,0,0.1828445941209793,0,0,0,0,0,0,0,0,0.16480210423469543,0.1526617556810379,0,0,0,0,0,0.1302230805158615,0,0,0.45156821608543396,0.557769238948822,0.12652075290679932,0,0.2745119631290436,0.6193203926086426,0,0
Frustrated,0,0.6019381880760193,0.6506227850914001,0,0,0,0,0,0,0,0,0,0,0,0.1344989538192749,0.11973417550325394,0,0.20354703068733215,0.22110003232955933,0.4350194036960602,0.551042914390564,0,0,0,0,0.18141432106494904,0,0,0,0,0,0,0,0,0.11779800057411194,0.10434390604496002,0,0,0,0,0,0.1731952726840973,0,0,0.4677392244338989,0.5660114884376526,0,0,0.2184622585773468,0.551774263381958,0,0
Frustrated,0,0.5772095918655396,0.6258285045623779,0,0,0,0,0,0,0.10081721842288971,0.10700995475053787,0,0,0,0.13878972828388214,0.12190438061952591,0,0.22366754710674286,0.24431689083576202,0.4396115243434906,0.5656220316886902,0,0,0,0,0.17487476766109467,0,0,0,0,0,0,0,0,0.10913461446762085,0,0,0,0,0,0,0.2169782817363739,0,0,0.46509256958961487,0.5716849565505981,0,0,0.2094433605670929,0.5457560420036316,0,0
Frustrated,0,0.6154845356941223,0.6551968455314636,0,0,0,0,0,0,0,0,0,0,0,0.14712707698345184,0.13282600045204163,0,0.21657858788967133,0.23728278279304504,0.4600110352039337,0.5600852966308594,0,0,0,0,0.1940220296382904,0,0,0,0,0,0,0,0,0.108738012611866,0.10229736566543579,0,0,0,0,0,0.18610216677188873,0,0,0.4947507679462433,0.5849509239196777,0,0,0.21200531721115112,0.5304265022277832,0,0
Frustrated,0,0.6269296407699585,0.6650314331054688,0,0,0,0,0,0,0,0.10012316703796387,0,0,0,0.13588158786296844,0.12039608508348465,0,0.1781431883573532,0.19489270448684692,0.45604056119918823,0.5621197819709778,0,0,0,0,0.1807258576154709,0,0,0,0,0,0,0,0,0,0,0,0,0,0,0,0.2312525510787964,0,0,0.4997272193431854,0.5730866193771362,0,0,0.18508240580558777,0.47321197390556335,0,0
Frustrated,0,0.6136476397514343,0.6556698679924011,0,0,0,0,0,0,0.10000205039978027,0.10806553065776825,0,0,0,0.14601396024227142,0.1288636326789856,0,0.20226266980171204,0.22059525549411774,0.45927566289901733,0.5701608657836914,0,0,0,0,0.1575668901205063,0,0,0,0,0,0,0,0,0.1185009554028511,0.11836817860603333,0,0,0,0,0,0.1862170547246933,0,0,0.48028281331062317,0.5672715902328491,0,0,0.280131995677948,0.6268341541290283,0,0
Frustrated,0,0.5696879029273987,0.6248648166656494,0,0,0,0,0,0,0,0,0,0,0,0.12230315804481506,0.10793817788362503,0,0.19501540064811707,0.2055732160806656,0.4460489749908447,0.5529059767723083,0,0,0,0,0.16444867849349976,0,0,0,0,0,0,0,0,0.11044742166996002,0.11124451458454132,0,0,0,0,0,0.2403707653284073,0,0,0.487388014793396,0.5612504482269287,0,0,0.24756231904029846,0.5603896379470825,0,0
Frustrated,0,0.551987886428833,0.6138309240341187,0,0,0,0,0,0,0,0.10576917231082916,0,0,0,0.1448158174753189,0.12900890409946442,0,0.21817432343959808,0.23868976533412933,0.42472463846206665,0.5551637411117554,0,0,0,0,0.16291239857673645,0,0,0,0,0,0,0,0,0.12037186324596405,0.10874228924512863,0,0,0,0,0,0.2293030470609665,0,0,0.48662278056144714,0.5809823274612427,0,0,0.26148462295532227,0.6086924076080322,0,0
Frustrated,0,0.585580050945282,0.6348414421081543,0,0,0,0,0,0,0,0.1076117679476738,0,0,0,0.15970315039157867,0.14156197011470795,0,0.19095556437969208,0.20614956319332123,0.4331921637058258,0.5571470260620117,0,0,0,0,0.1501573771238327,0,0,0,0,0,0,0,0,0.12386191636323929,0.10955335944890976,0,0,0,0,0,0.20008142292499542,0,0,0.45169010758399963,0.5428992509841919,0.1262168437242508,0,0.2540343999862671,0.6021963357925415,0,0
Frustrated,0,0.669134795665741,0.7240750789642334,0,0,0,0,0,0,0,0,0,0,0,0.11964184790849686,0.10578655451536179,0,0.18931283056735992,0.20288991928100586,0.42423015832901,0.560090184211731,0,0,0,0,0.15358255803585052,0,0,0,0,0,0,0,0,0.14575354754924774,0.14000602066516876,0,0,0,0,0,0.2169116884469986,0,0,0.4832517206668854,0.5557558536529541,0.12770523130893707,0,0.28656506538391113,0.614608645439148,0,0
Frustrated,0,0.6212807893753052,0.6971562504768372,0,0,0,0,0,0,0.10060945898294449,0,0,0,0,0.10892244428396225,0,0,0.18004699051380157,0.18899580836296082,0.43902942538261414,0.5492806434631348,0,0,0,0,0.17023371160030365,0,0,0,0,0,0,0,0,0.1436408907175064,0.14218342304229736,0,0,0,0,0,0.241852268576622,0,0,0.4765559136867523,0.5324869155883789,0.1137283518910408,0,0.22314514219760895,0.5405757427215576,0,0
Frustrated,0,0.5849488377571106,0.6523454189300537,0,0,0,0,0,0,0.1022937074303627,0.10293765366077423,0,0,0,0.10881004482507706,0,0,0.23800969123840332,0.2561344504356384,0.45047199726104736,0.5636429786682129,0,0,0,0,0.15041156113147736,0,0,0,0,0,0,0,0,0.15220053493976593,0.1386256068944931,0,0,0,0,0,0.19885629415512085,0,0,0.4647533893585205,0.5339773893356323,0.12671352922916412,0,0.32458341121673584,0.658025860786438,0,0
Frustrated,0,0.6209391355514526,0.6832410097122192,0,0,0,0,0,0,0,0,0,0,0,0.10117483884096146,0,0,0.19166073203086853,0.20423929393291473,0.40553128719329834,0.5473342537879944,0,0,0,0,0.14983965456485748,0,0,0,0,0,0,0,0,0.15224654972553253,0.16251125931739807,0,0,0,0,0,0.24482274055480957,0,0,0.5028892755508423,0.559014081954956,0,0,0.3230580687522888,0.64666748046875,0,0
Frustrated,0,0.6315003037452698,0.6753222942352295,0,0,0,0,0,0,0,0.10425189882516861,0,0,0,0.13181541860103607,0.11454599350690842,0,0.19655218720436096,0.20973412692546844,0.43635496497154236,0.5424561500549316,0,0,0,0,0.1313537359237671,0,0,0,0,0,0,0,0,0.15989567339420319,0.14179375767707825,0,0,0,0,0,0.2005094736814499,0,0,0.4407227337360382,0.5316072702407837,0.11720766872167587,0,0.30573731660842896,0.6642615795135498,0,0
Frustrated,0,0.6239794492721558,0.6618442535400391,0,0,0,0,0,0,0,0,0,0,0,0.12687824666500092,0.11299074441194534,0,0.19156180322170258,0.2099633812904358,0.3934193551540375,0.5627402067184448,0,0,0,0,0.18188922107219696,0,0,0,0,0,0,0,0,0.13770179450511932,0.11894507706165314,0,0,0,0,0,0.23230376839637756,0,0,0.44802528619766235,0.567197322845459,0,0,0.23694458603858948,0.6044173836708069,0,0
Frustrated,0,0.5129003524780273,0.5829429030418396,0,0,0,0,0,0,0,0,0,0,0,0.11391853541135788,0,0,0.23943570256233215,0.25067856907844543,0.4381612241268158,0.5511631965637207,0,0,0,0,0.17210622131824493,0,0,0,0,0,0,0,0,0.1412660926580429,0.1388782560825348,0,0,0,0,0,0.3405326008796692,0,0,0.48294419050216675,0.5629979372024536,0,0,0.22308792173862457,0.5580399036407471,0,0
Frustrated,0,0.5803102850914001,0.6396986246109009,0,0,0,0,0,0,0.10376982390880585,0.1057889461517334,0,0,0,0.12721140682697296,0.11135831475257874,0,0.2259116768836975,0.24522510170936584,0.43153518438339233,0.5421554446220398,0,0,0,0,0.17146079242229462,0,0,0,0,0,0,0,0,0.15257318317890167,0.13781410455703735,0,0,0,0,0,0.2613585591316223,0,0,0.45294347405433655,0.5349288582801819,0,0,0.23952077329158783,0.5730690360069275,0,0
Frustrated,0,0.501494288444519,0.5875164866447449,0,0,0,0,0,0,0,0,0,0,0,0.10025541484355927,0,0,0.2602921426296234,0.28097066283226013,0.4605855345726013,0.5709340572357178,0,0,0,0,0.202287495136261,0,0,0,0,0,0,0,0,0.12357594072818756,0.12426488101482391,0,0,0,0,0,0.3606196641921997,0,0,0.500564455986023,0.5692732930183411,0,0,0.17944642901420593,0.4823240339756012,0,0
Frustrated,0,0.5240200757980347,0.6041362285614014,0,0,0,0,0,0,0.10173092782497406,0.10595875978469849,0,0,0,0.13315841555595398,0.11865270882844925,0,0.2388017624616623,0.2603759467601776,0.4657873511314392,0.5594358444213867,0,0,0,0,0.19235695898532867,0,0,0,0,0,0,0,0,0.15286266803741455,0.13510532677173615,0,0,0,0,0,0.228875070810318,0,0,0.4890652596950531,0.5747613906860352,0,0,0.21339431405067444,0.5127625465393066,0,0
Frustrated,0,0.5751712918281555,0.639453649520874,0,0,0,0,0,0,0.1003071665763855,0.10802792757749557,0,0,0,0.1516171544790268,0.1372959017753601,0,0.22175434231758118,0.2472064346075058,0.41741806268692017,0.565941333770752,0,0,0,0,0.17501062154769897,0,0,0,0,0,0,0,0,0.14397570490837097,0.13023997843265533,0,0,0,0,0,0.21485377848148346,0,0,0.4353474974632263,0.5475084781646729,0,0,0.23951002955436707,0.5846797227859497,0,0
Frustrated,0,0.6331372857093811,0.6676275730133057,0,0,0,0,0,0,0,0,0,0,0,0.12372760474681854,0.10753616690635681,0,0.1799282431602478,0.19700060784816742,0.4087377190589905,0.5442578196525574,0,0,0,0,0.18605837225914001,0,0,0,0,0,0,0,0,0.1718057245016098,0.1311507374048233,0,0,0,0,0,0.20954811573028564,0,0,0.4396052360534668,0.5429331064224243,0.1130380630493164,0,0.25240498781204224,0.591152012348175,0,0
Frustrated,0,0.6519503593444824,0.6904816627502441,0,0,0,0,0,0,0,0,0,0,0,0.13443326950073242,0.12010327726602554,0,0.17627409100532532,0.1991918683052063,0.4006306827068329,0.5839131474494934,0,0,0,0,0.1547064632177353,0,0,0,0,0,0,0,0,0.1433543562889099,0.11738044768571854,0,0,0,0,0,0.17302116751670837,0,0,0.40842580795288086,0.5333538055419922,0,0,0.262341171503067,0.6309158802032471,0,0
Frustrated,0,0.6237941980361938,0.6721115112304688,0,0,0,0,0,0,0.10681498050689697,0.11059538275003433,0,0,0,0.1537572741508484,0.13826362788677216,0,0.19371239840984344,0.21746468544006348,0.434467613697052,0.5839336514472961,0,0,0,0,0.17639510333538055,0,0,0,0,0,0,0,0,0.13188253343105316,0.10095182061195374,0,0,0,0,0,0.2220955789089203,0,0,0.4308188557624817,0.53365558385849,0.1174420565366745,0,0.21684756875038147,0.5733511447906494,0,0
Frustrated,0,0.6158755421638489,0.668647825717926,0,0,0,0,0,0,0.10863980650901794,0.11604266613721848,0,0,0,0.14423641562461853,0.12874974310398102,0,0.20921321213245392,0.23131299018859863,0.4492628574371338,0.5690276622772217,0,0,0,0,0.16576434671878815,0,0,0,0,0,0,0,0,0.13021619617938995,0.11397859454154968,0,0,0,0,0,0.19604064524173737,0,0,0.4482760429382324,0.5529612302780151,0,0,0.24660173058509827,0.605331301689148,0,0
Frustrated,0,0.5932185649871826,0.6366593837738037,0,0,0,0,0,0,0,0.1069149449467659,0,0,0,0.11876475065946579,0.10195083916187286,0,0.21897746622562408,0.23759908974170685,0.40742480754852295,0.5388356447219849,0,0,0,0,0.1671294867992401,0,0,0,0,0,0,0,0,0.13185642659664154,0.11861306428909302,0,0,0,0,0,0.21588543057441711,0,0,0.5019893646240234,0.573143482208252,0,0,0.2551746666431427,0.5801262855529785,0,0
Frustrated,0,0.5846154689788818,0.6424408555030823,0,0,0,0,0,0,0,0,0,0,0,0,0,0,0.1651189625263214,0.16792558133602142,0.4710266590118408,0.5202919840812683,0,0,0,0,0.19348642230033875,0,0,0,0,0,0,0,0,0.14195403456687927,0.14294587075710297,0,0,0,0,0,0.27279919385910034,0,0,0.49049249291419983,0.5649817585945129,0,0,0.22458824515342712,0.5321675539016724,0,0
Frustrated,0,0.6304625272750854,0.6700373888015747,0,0,0,0,0,0,0,0.10322416573762894,0,0,0,0,0,0,0.18198950588703156,0.19283586740493774,0.4453023672103882,0.521753191947937,0,0,0,0,0.17480547726154327,0,0,0,0,0,0,0,0,0.14204007387161255,0.1490088850259781,0,0,0,0,0,0.2276521474123001,0,0,0.4963356852531433,0.5655797123908997,0,0,0.28165316581726074,0.6016185879707336,0,0
Frustrated,0,0.6115258932113647,0.6662436723709106,0,0,0,0,0,0,0,0,0,0,0,0.121039479970932,0.10448385775089264,0,0.17887850105762482,0.18858331441879272,0.44828271865844727,0.5469249486923218,0,0,0,0,0.15771085023880005,0,0,0,0,0,0,0,0,0.15939576923847198,0.15863394737243652,0,0,0,0,0,0.21488136053085327,0,0,0.4962758719921112,0.5787206292152405,0,0,0.2788732349872589,0.6266905665397644,0,0
Frustrated,0,0.6286826133728027,0.6799830198287964,0,0,0,0,0,0,0,0,0,0,0,0.12088896334171295,0.10438848286867142,0,0.1955890953540802,0.20802143216133118,0.43563103675842285,0.5602304935455322,0,0,0,0,0.12523522973060608,0,0,0,0,0,0,0,0,0.14567171037197113,0.13517488539218903,0,0,0,0,0,0.19433775544166565,0,0,0.4671667218208313,0.5662578344345093,0,0,0.2845250368118286,0.6480664014816284,0,0
Frustrated,0,0.6505411863327026,0.6891697645187378,0,0,0,0,0,0,0,0,0,0,0,0.11704361438751221,0.1004738062620163,0,0.18813210725784302,0.20598816871643066,0.40499556064605713,0.5641027688980103,0,0,0,0,0.12667761743068695,0,0,0,0,0,0,0,0,0.13780348002910614,0.11149631440639496,0,0,0,0,0,0.13178424537181854,0,0,0.437177449464798,0.5664932727813721,0.12155818194150925,0,0.27805861830711365,0.6557852029800415,0,0
Frustrated,0,0.6271243095397949,0.6673041582107544,0,0,0,0,0,0,0,0.10160933434963226,0,0,0,0.15221183001995087,0.13655449450016022,0,0.188278928399086,0.20500114560127258,0.4268682301044464,0.5622686743736267,0,0,0,0,0.14320385456085205,0,0,0,0,0,0,0,0,0.17170579731464386,0.1400650441646576,0,0,0,0,0,0.21000762283802032,0,0,0.4453292191028595,0.5643837451934814,0,0,0.27577444911003113,0.6617396473884583,0,0
Frustrated,0,0.6103737950325012,0.6651228666305542,0,0,0,0,0,0,0,0,0,0,0,0.14150947332382202,0.1273580640554428,0,0.18992899358272552,0.20030604302883148,0.4283677339553833,0.5631223917007446,0,0,0,0,0.153890922665596,0,0,0,0,0,0,0,0,0.161485955119133,0.13828060030937195,0,0,0,0,0,0.20864485204219818,0,0,0.4746779501438141,0.5726665258407593,0,0,0.29755911231040955,0.6598291397094727,0,0
Frustrated,0,0.6006374359130859,0.6629551649093628,0,0,0,0,0,0,0,0.10565243661403656,0,0,0,0.1327722817659378,0.11631989479064941,0,0.21263061463832855,0.2350863814353943,0.44010457396507263,0.5700798034667969,0,0,0,0,0.16932782530784607,0,0,0,0,0,0,0,0,0.14324720203876495,0.12788154184818268,0,0,0,0,0,0.24141071736812592,0,0,0.4818442463874817,0.5797487497329712,0,0,0.25703510642051697,0.6210293769836426,0,0
Frustrated,0,0.5968958139419556,0.6612763404846191,0,0,0,0,0,0,0,0,0,0,0,0.12854546308517456,0.11283483356237411,0,0.18835951387882233,0.20150136947631836,0.41561952233314514,0.558148980140686,0,0,0,0,0.18483085930347443,0,0,0,0,0,0,0,0,0.14704933762550354,0.13380125164985657,0,0,0,0,0,0.22508841753005981,0,0,0.5047625303268433,0.6052585244178772,0,0,0.2603502571582794,0.6154540777206421,0,0
Frustrated,0,0.6197927594184875,0.6688363552093506,0,0,0,0,0,0,0,0,0,0,0,0.13650837540626526,0.11877601593732834,0,0.17570047080516815,0.18887904286384583,0.3883705139160156,0.5509833097457886,0,0,0,0,0.1455836296081543,0,0,0,0,0,0,0,0,0.19800810515880585,0.16988243162631989,0,0,0,0,0,0.20711910724639893,0,0,0.4435240626335144,0.5752341747283936,0,0,0.25995486974716187,0.6455187797546387,0,0
Frustrated,0,0.670678973197937,0.6975858807563782,0,0,0,0,0,0,0,0,0,0,0,0,0,0,0.15851178765296936,0.17653733491897583,0.3938983082771301,0.5628209114074707,0,0,0,0,0.1521093100309372,0,0,0,0,0,0,0,0,0.11721143871545792,0,0,0,0,0,0,0.18493430316448212,0,0,0.452610045671463,0.5733321905136108,0,0,0.23668751120567322,0.6015719771385193,0,0
Frustrated,0,0.6265290379524231,0.6701031923294067,0,0,0,0,0,0,0.1020832434296608,0.10514797270298004,0,0,0,0.14984369277954102,0.13638626039028168,0,0.20213653147220612,0.2246645987033844,0.4571197032928467,0.5902637839317322,0,0,0,0,0.17795851826667786,0,0,0,0,0,0,0,0,0,0,0,0,0,0,0,0.21204571425914764,0,0,0.49772632122039795,0.6105644702911377,0,0,0.21704670786857605,0.5711698532104492,0,0
Frustrated,0,0.48413321375846863,0.5621784925460815,0,0,0,0,0,0,0,0,0,0,0,0.12003953754901886,0.10287885367870331,0,0.23004776239395142,0.24961799383163452,0.40658003091812134,0.5494775176048279,0,0,0,0,0.2813623547554016,0,0,0,0,0,0,0,0,0,0,0,0,0,0,0,0.244132861495018,0,0,0.5341674089431763,0.5871484279632568,0,0,0.12913021445274353,0.3881164789199829,0,0
Frustrated,0,0.5702670812606812,0.6401659250259399,0,0,0,0,0,0,0.10846979916095734,0,0,0,0,0,0,0,0.19828373193740845,0.22682985663414001,0.4220627248287201,0.5720510482788086,0,0,0,0,0.2531718611717224,0,0,0,0,0,0,0,0,0,0,0,0,0,0,0,0.22950944304466248,0,0,0.5355877876281738,0.6229101419448853,0,0,0.1472005397081375,0.41944047808647156,0,0
Frustrated,0,0.5147892832756042,0.5971357822418213,0,0,0,0,0,0,0,0.10460560768842697,0,0,0,0,0,0,0.2218225598335266,0.24486009776592255,0.43987444043159485,0.5759425163269043,0,0,0,0,0.1662595272064209,0,0,0,0,0,0,0,0,0.1221667230129242,0.10505262017250061,0,0,0,0,0,0.2632237672805786,0,0,0.49356868863105774,0.5807526111602783,0,0,0.24371571838855743,0.5638112425804138,0,0
Frustrated,0,0.5624479055404663,0.6439353227615356,0,0,0,0,0,0,0.11161410808563232,0.10982174426317215,0,0,0,0.14541085064411163,0.13019712269306183,0,0.21442505717277527,0.2382286787033081,0.43488022685050964,0.5687392950057983,0,0,0,0,0.16708014905452728,0,0,0,0,0,0,0,0,0.15095071494579315,0.133310005068779,0,0,0,0,0,0.23326419293880463,0,0,0.4668494164943695,0.5527446269989014,0,0,0.23537777364253998,0.5752232670783997,0,0
Frustrated,0,0.6083180904388428,0.660376787185669,0,0,0,0,0,0,0.1025618463754654,0.1284773051738739,0,0,0,0.1304287612438202,0.11169833689928055,0,0.2029801458120346,0.21654900908470154,0.4334987699985504,0.5454742312431335,0,0,0,0,0.1285749077796936,0,0,0,0,0,0,0,0,0.1797512322664261,0.1662079244852066,0,0,0,0,0,0.22826170921325684,0,0,0.4953165054321289,0.5666788816452026,0,0,0.2857694625854492,0.6013848781585693,0,0
Frustrated,0,0.5911640524864197,0.6525648832321167,0,0,0,0,0,0,0,0.11716341972351074,0,0,0,0.14192067086696625,0.12563593685626984,0,0.21398191154003143,0.23290623724460602,0.41517457365989685,0.5699986219406128,0,0,0,0,0.1629236489534378,0,0,0,0,0,0,0,0,0.1416006088256836,0.1289803385734558,0,0,0,0,0,0.2389228790998459,0,0,0.4918147027492523,0.5782005786895752,0.1069139912724495,0,0.24731320142745972,0.5954699516296387,0,0
Frustrated,0,0.6394628882408142,0.6878681182861328,0,0,0,0,0,0,0,0,0,0,0,0.1463683545589447,0.13099358975887299,0,0.2219187617301941,0.24794670939445496,0.40742263197898865,0.5789547562599182,0,0,0,0,0.16271241009235382,0,0,0,0,0,0,0,0,0.1116449162364006,0,0,0,0,0,0,0.18447643518447876,0,0,0.48197731375694275,0.5779240727424622,0,0,0.23190246522426605,0.5836037397384644,0,0
Frustrated,0,0.6088929176330566,0.6633481979370117,0,0,0,0,0,0,0.11138713359832764,0.10490289330482483,0,0,0,0.14613893628120422,0.1296355128288269,0,0.22897356748580933,0.25460830330848694,0.4128943979740143,0.577271580696106,0,0,0,0,0.1544494926929474,0,0,0,0,0,0,0,0,0.1334822177886963,0.11499442905187607,0,0,0,0,0,0.18110963702201843,0,0,0.47634050250053406,0.5656331777572632,0.10219509899616241,0,0.2531996965408325,0.5957995653152466,0,0
Frustrated,0,0.6322646141052246,0.6828904151916504,0,0,0,0,0,0,0.11481991410255432,0.10769308358430862,0,0,0,0.15220770239830017,0.1365947276353836,0,0.20342670381069183,0.22289399802684784,0.4507489800453186,0.582905650138855,0,0,0,0,0.1740799844264984,0,0,0,0,0,0,0,0,0.13850706815719604,0.1208949089050293,0,0,0,0,0,0.22656261920928955,0,0,0.4788902997970581,0.5698549747467041,0,0,0.26603594422340393,0.6125161647796631,0,0
Frustrated,0,0.5910530686378479,0.6487722396850586,0,0,0,0,0,0,0.10683812946081161,0.11056573688983917,0,0,0,0.14773011207580566,0.13164083659648895,0,0.22174541652202606,0.243877574801445,0.4322149455547333,0.5682925581932068,0,0,0,0,0.163509801030159,0,0,0,0,0,0,0,0,0.13406260311603546,0.12357670068740845,0,0,0,0,0,0.2183014303445816,0,0,0.4797128140926361,0.5604301691055298,0,0,0.2669723331928253,0.6107876300811768,0,0
Frustrated,0,0.6031699776649475,0.661065936088562,0,0,0,0,0,0,0.10731001198291779,0.1114359050989151,0,0,0,0.13775192201137543,0.12364456057548523,0,0.2127617448568344,0.23060964047908783,0.4470233917236328,0.5522817373275757,0,0,0,0,0.17905890941619873,0,0,0,0,0,0,0,0,0.11862782388925552,0.10384583473205566,0,0,0,0,0,0.23837782442569733,0,0,0.46786901354789734,0.5607092976570129,0,0,0.24552226066589355,0.5932976603507996,0,0
Frustrated,0,0.5516459941864014,0.6342777609825134,0,0,0,0,0,0,0,0.1067514643073082,0,0,0,0.16464656591415405,0.1496746689081192,0,0.20976856350898743,0.2249174416065216,0.4454168975353241,0.5566880702972412,0,0,0,0,0.18607176840305328,0,0,0,0,0,0,0,0,0.12298328429460526,0.10994693636894226,0,0,0,0,0,0.2656518220901489,0,0,0.4864182770252228,0.5885194540023804,0,0,0.24759818613529205,0.5924556851387024,0,0
Frustrated,0,0.5986474752426147,0.6634820699691772,0,0,0,0,0,0,0,0.10285184532403946,0,0,0,0.15332777798175812,0.13793033361434937,0,0.19792576134204865,0.21707874536514282,0.4342901110649109,0.5547441840171814,0,0,0,0,0.18397173285484314,0,0,0,0,0,0,0,0,0.12817873060703278,0.11806044727563858,0,0,0,0,0,0.2334747612476349,0,0,0.48622453212738037,0.5788854360580444,0,0,0.23520858585834503,0.5772727131843567,0,0
Frustrated,0,0.5610666275024414,0.639633297920227,0,0,0,0,0,0,0,0.10614386200904846,0,0,0,0.15960486233234406,0.14459240436553955,0,0.21329864859580994,0.22498975694179535,0.45509716868400574,0.5518024563789368,0,0,0,0,0.17359967529773712,0,0,0,0,0,0,0,0,0.13651926815509796,0.11983445286750793,0,0,0,0,0,0.25356146693229675,0,0,0.46484866738319397,0.5618065595626831,0,0,0.23438280820846558,0.5798163414001465,0,0
Frustrated,0,0.5659865736961365,0.6470516920089722,0,0,0,0,0,0,0,0.10837823897600174,0,0,0,0.14488689601421356,0.12901419401168823,0,0.200455904006958,0.22169828414916992,0.4415147006511688,0.5831308960914612,0,0,0,0,0.17715243995189667,0,0,0,0,0,0,0,0,0.13764797151088715,0.12499850243330002,0,0,0,0,0,0.24883510172367096,0,0,0.47669297456741333,0.5705758929252625,0,0,0.25087910890579224,0.5882216691970825,0,0
Frustrated,0,0.6079243421554565,0.661464273929596,0,0,0,0,0,0,0,0,0,0,0,0.1455884575843811,0.13179075717926025,0,0.18656142055988312,0.2058548927307129,0.4230209290981293,0.5735816359519958,0,0,0,0,0.1822143942117691,0,0,0,0,0,0,0,0,0.1231737732887268,0,0,0,0,0,0,0.2318667322397232,0,0,0.4440615475177765,0.5626384615898132,0,0,0.20847414433956146,0.5621436834335327,0,0
Frustrated,0,0.589357852935791,0.6525893807411194,0,0,0,0,0,0,0,0.10059309005737305,0,0,0,0.13283707201480865,0.11740832030773163,0,0.18958306312561035,0.2080177366733551,0.42297127842903137,0.5588433742523193,0,0,0,0,0.1858738660812378,0,0,0,0,0,0,0,0,0.12290404736995697,0.10503791272640228,0,0,0,0,0,0.22693955898284912,0,0,0.4616971015930176,0.5660134553909302,0,0,0.20991377532482147,0.5524991750717163,0,0
Frustrated,0,0.5444061160087585,0.6195908784866333,0,0,0,0,0,0,0.10235603898763657,0.11077486723661423,0,0,0,0.14096300303936005,0.12315286695957184,0,0.2137206792831421,0.23543691635131836,0.4447772800922394,0.5722904801368713,0,0,0,0,0.16979633271694183,0,0,0,0,0,0,0,0,0.12422864139080048,0.11202757805585861,0,0,0,0,0,0.23666100203990936,0,0,0.46268290281295776,0.561962902545929,0,0,0.2607213258743286,0.6066373586654663,0,0
Frustrated,0,0.5590069890022278,0.6246832609176636,0,0,0,0,0,0,0,0.11410630494356155,0,0,0,0.13151815533638,0.11719775944948196,0,0.2170923799276352,0.2356654405593872,0.4390556216239929,0.5561335682868958,0,0,0,0,0.17795754969120026,0,0,0,0,0,0,0,0,0.1300646960735321,0.11469236761331558,0,0,0,0,0,0.23433524370193481,0,0,0.45079293847084045,0.5498772859573364,0,0,0.2602648138999939,0.621036946773529,0,0
Frustrated,0,0.5685805082321167,0.6342667937278748,0,0,0,0,0,0,0,0.10796619951725006,0,0,0,0.15581665933132172,0.1410546749830246,0,0.21345920860767365,0.22988179326057434,0.4399799406528473,0.5623709559440613,0,0,0,0,0.18695379793643951,0,0,0,0,0,0,0,0,0.12517359852790833,0.10799222439527512,0,0,0,0,0,0.2298344224691391,0,0,0.47884586453437805,0.574321448802948,0,0,0.24151010811328888,0.5861250758171082,0,0
Frustrated,0,0.6079345941543579,0.6618251800537109,0,0,0,0,0,0,0,0,0,0,0,0.12840329110622406,0.11294881254434586,0,0.19524987041950226,0.2072610706090927,0.4245494604110718,0.5567951202392578,0,0,0,0,0.18333302438259125,0,0,0,0,0,0,0,0,0.15158262848854065,0.1259802132844925,0,0,0,0,0,0.18030738830566406,0,0,0.45978114008903503,0.5770913362503052,0,0,0.256836473941803,0.6182911396026611,0,0
Frustrated,0,0.6323880553245544,0.6772615909576416,0,0,0,0,0,0,0,0,0,0,0,0.10201595723628998,0,0,0.17726033926010132,0.19131159782409668,0.4047827422618866,0.5509771108627319,0,0,0,0,0.17731815576553345,0,0,0,0,0,0,0,0,0.14003874361515045,0.11535899341106415,0,0,0,0,0,0.19834181666374207,0,0,0.46835505962371826,0.5894155502319336,0,0,0.24669623374938965,0.6081863641738892,0,0
Frustrated,0,0.5876390933990479,0.6479490995407104,0,0,0,0,0,0,0,0.10020118206739426,0,0,0,0.14080344140529633,0.12598541378974915,0,0.19702045619487762,0.21764890849590302,0.42056214809417725,0.556297242641449,0,0,0,0,0.1741841733455658,0,0,0,0,0,0,0,0,0.13130338490009308,0.1112426370382309,0,0,0,0,0,0.22857993841171265,0,0,0.4651049077510834,0.5672953724861145,0,0,0.23116250336170197,0.5739604234695435,0,0
Frustrated,0,0.5836505889892578,0.643333911895752,0,0,0,0,0,0,0,0.10350488871335983,0,0,0,0.14913135766983032,0.13395456969738007,0,0.20182545483112335,0.22243700921535492,0.4216908812522888,0.5566327571868896,0,0,0,0,0.1767616719007492,0,0,0,0,0,0,0,0,0.1263611614704132,0.1054857075214386,0,0,0,0,0,0.22217778861522675,0,0,0.46428462862968445,0.5623893737792969,0,0,0.23152460157871246,0.5709829330444336,0,0
Frustrated,0,0.6143302917480469,0.6696223020553589,0,0,0,0,0,0,0.10096896439790726,0.10283087193965912,0,0,0,0.16007272899150848,0.14422030746936798,0,0.20198369026184082,0.22134241461753845,0.43382468819618225,0.5628352165222168,0,0,0,0,0.17869341373443604,0,0,0,0,0,0,0,0,0.11782190203666687,0,0,0,0,0,0,0.20897021889686584,0,0,0.4622212052345276,0.5599855780601501,0,0,0.24435192346572876,0.5878258347511292,0,0
Frustrated,0,0.5860244035720825,0.6495503187179565,0,0,0,0,0,0,0,0.10717374086380005,0,0,0,0.16005387902259827,0.14391979575157166,0,0.20430177450180054,0.22101661562919617,0.4335390329360962,0.562812089920044,0,0,0,0,0.17233680188655853,0,0,0,0,0,0,0,0,0.12633349001407623,0.11318350583314896,0,0,0,0,0,0.20584005117416382,0,0,0.48299846053123474,0.5813897252082825,0,0,0.2605285346508026,0.5995625853538513,0,0
Frustrated,0,0.5817017555236816,0.6492836475372314,0,0,0,0,0,0,0.1041530892252922,0.1125151738524437,0,0,0,0.1561274379491806,0.13923606276512146,0,0.19949214160442352,0.2193959504365921,0.4224015176296234,0.5660573244094849,0,0,0,0,0.16357845067977905,0,0,0,0,0,0,0,0,0.12641848623752594,0.11078840494155884,0,0,0,0,0,0.22113896906375885,0,0,0.46587392687797546,0.561107337474823,0.10056835412979126,0,0.2720215618610382,0.6182854175567627,0,0
Frustrated,0,0.5767835378646851,0.6437438726425171,0,0,0,0,0,0,0,0.10075376182794571,0,0,0,0.12675076723098755,0.11163333058357239,0,0.2191513329744339,0.24535709619522095,0.38883015513420105,0.5606405735015869,0,0,0,0,0.17957839369773865,0,0,0,0,0,0,0,0,0.12975411117076874,0.11597846448421478,0,0,0,0,0,0.23414163291454315,0,0,0.4967878758907318,0.5767940282821655,0,0,0.24770396947860718,0.5763656497001648,0,0
Frustrated,0,0.523193359375,0.6122943162918091,0,0,0,0,0,0,0.10642340034246445,0.11088201403617859,0,0,0,0.13260610401630402,0.11372388154268265,0,0.22151756286621094,0.24796679615974426,0.44047948718070984,0.5796295404434204,0,0,0,0,0.18789394199848175,0,0,0,0,0,0,0,0,0.1150432825088501,0.11350524425506592,0,0,0,0,0,0.2934778332710266,0,0,0.5160192847251892,0.5877580642700195,0,0,0.19947704672813416,0.5130271911621094,0,0
Frustrated,0,0.5391066074371338,0.616567850112915,0,0,0,0,0,0,0,0,0,0,0,0.12836216390132904,0.11294575780630112,0,0.19934679567813873,0.21996064484119415,0.4112532436847687,0.5657204389572144,0,0,0,0,0.1664412021636963,0,0,0,0,0,0,0,0,0.14124667644500732,0.1251491755247116,0,0,0,0,0,0.24135923385620117,0,0,0.4667912423610687,0.562371015548706,0,0,0.282620370388031,0.634344756603241,0,0
Frustrated,0,0.6122101545333862,0.6538695096969604,0,0,0,0,0,0,0,0,0,0,0,0.11241722106933594,0,0,0.1656515747308731,0.17887400090694427,0.41442540287971497,0.5529358386993408,0,0,0,0,0.1726849228143692,0,0,0,0,0,0,0,0,0.1328813135623932,0.11098505556583405,0,0,0,0,0,0.21051698923110962,0,0,0.45728567242622375,0.5897846221923828,0,0,0.25969719886779785,0.6333784461021423,0,0
Frustrated,0,0.601535439491272,0.6370631456375122,0,0,0,0,0,0,0,0.10089458525180817,0,0,0,0.14389978349208832,0.1303320676088333,0,0.1709754317998886,0.18868018686771393,0.39720550179481506,0.5317118167877197,0,0,0,0,0.16188549995422363,0,0,0,0,0,0,0,0,0.1536990851163864,0.10680046677589417,0,0,0,0,0,0.22168153524398804,0,0,0.4101221561431885,0.5443840622901917,0.11846566200256348,0,0.20426420867443085,0.5673761367797852,0,0
Frustrated,0,0.5769742131233215,0.6315726637840271,0,0,0,0,0,0,0,0,0,0,0,0.11112874746322632,0,0,0.21503706276416779,0.24080030620098114,0.40730637311935425,0.5734317898750305,0,0,0,0,0.1798788458108902,0,0,0,0,0,0,0,0,0.12365178018808365,0.11550440639257431,0,0,0,0,0,0.20700187981128693,0,0,0.507243812084198,0.5903957486152649,0,0,0.23903226852416992,0.5573883056640625,0,0
Frustrated,0,0.5445165038108826,0.6214297413825989,0,0,0,0,0,0,0.10499263554811478,0.11240718513727188,0,0,0,0.1205487847328186,0.10382455587387085,0,0.2308330535888672,0.25228825211524963,0.450415700674057,0.5650469064712524,0,0,0,0,0.17652781307697296,0,0,0,0,0,0,0,0,0.12463401257991791,0.11090870946645737,0,0,0,0,0,0.2517392933368683,0,0,0.4801352918148041,0.5822654366493225,0,0,0.2593921422958374,0.60991370677948,0,0
Frustrated,0,0.5134226083755493,0.6013840436935425,0,0,0,0,0,0,0.1021844893693924,0.11266519874334335,0,0,0,0.11837518215179443,0.10135465115308762,0,0.21984858810901642,0.2398037314414978,0.43487709760665894,0.564656674861908,0,0,0,0,0.17674928903579712,0,0,0,0,0,0,0,0,0.14431113004684448,0.12041355669498444,0,0,0,0,0,0.2367597073316574,0,0,0.4986324608325958,0.5974918603897095,0,0,0.2277338206768036,0.5590845346450806,0,0
Frustrated,0,0.4268394708633423,0.5533779859542847,0,0,0,0,0,0,0,0.10593649744987488,0,0,0,0,0,0,0.23279611766338348,0.2541552484035492,0.4438817799091339,0.6000327467918396,0,0,0,0,0.16694343090057373,0,0,0,0,0,0,0,0,0.11339425295591354,0.11138442158699036,0,0,0,0,0,0.30894243717193604,0,0,0.4928215444087982,0.5948044061660767,0,0,0.22528299689292908,0.5563638210296631,0,0
Frustrated,0,0.5513760447502136,0.6285180449485779,0,0,0,0,0,0,0,0.10863940417766571,0,0,0,0.14316824078559875,0.12655387818813324,0,0.22357392311096191,0.2467726618051529,0.425680547952652,0.5737354755401611,0,0,0,0,0.17117750644683838,0,0,0,0,0,0,0,0,0.13340651988983154,0.12296555936336517,0,0,0,0,0,0.22287052869796753,0,0,0.4705170691013336,0.5701860189437866,0,0,0.255146324634552,0.6081504821777344,0,0
Frustrated,0,0.5564351677894592,0.6239562034606934,0,0,0,0,0,0,0,0.11333483457565308,0,0,0,0.14582739770412445,0.13005559146404266,0,0.21240659058094025,0.22885465621948242,0.43604469299316406,0.5665326118469238,0,0,0,0,0.16627611219882965,0,0,0,0,0,0,0,0,0.14504767954349518,0.12138934433460236,0,0,0,0,0,0.21099629998207092,0,0,0.4406135380268097,0.5504872798919678,0.11000588536262512,0,0.2504243850708008,0.6074028015136719,0,0
Frustrated,0,0.5971506834030151,0.6420644521713257,0,0,0,0,0,0,0,0,0,0,0,0.1433008462190628,0.12847647070884705,0,0.17649704217910767,0.18665994703769684,0.4025134742259979,0.5336465835571289,0,0,0,0,0.17949756979942322,0,0,0,0,0,0,0,0,0.14575614035129547,0.11676156520843506,0,0,0,0,0,0.2040605992078781,0,0,0.4416970908641815,0.5840053558349609,0,0,0.23819288611412048,0.6027859449386597,0,0
Frustrated,0,0.5700038075447083,0.6247353553771973,0,0,0,0,0,0,0,0.10402370989322662,0,0,0,0.13783082365989685,0.12188071757555008,0,0.2108239382505417,0.22931863367557526,0.4399884343147278,0.553230345249176,0,0,0,0,0.17234325408935547,0,0,0,0,0,0,0,0,0.13151350617408752,0.11918098479509354,0,0,0,0,0,0.2114541083574295,0,0,0.4722740650177002,0.5771620273590088,0,0,0.26503264904022217,0.613010585308075,0,0
Frustrated,0,0.49309366941452026,0.5771387219429016,0,0,0,0,0,0,0,0.1030840203166008,0,0,0,0,0,0,0.24156957864761353,0.258317232131958,0.46252092719078064,0.5466976165771484,0,0,0,0,0.17945177853107452,0,0,0,0,0,0,0,0,0.12116001546382904,0.10470280796289444,0,0,0,0,0,0.31715676188468933,0,0,0.4951995313167572,0.5886049270629883,0,0,0.21368564665317535,0.5231785774230957,0,0
Frustrated,0,0.5117050409317017,0.5931662917137146,0,0,0,0,0,0,0,0.11108449101448059,0,0,0,0.10107605159282684,0,0,0.23697026073932648,0.251406729221344,0.46382996439933777,0.5456938147544861,0,0,0,0,0.16795192658901215,0,0,0,0,0,0,0,0,0.13649775087833405,0.1235480010509491,0,0,0,0,0,0.2792407274246216,0,0,0.45544594526290894,0.5489621162414551,0,0,0.2552183270454407,0.595367431640625,0,0
Frustrated,0,0.5741111040115356,0.6359071731567383,0,0,0,0,0,0,0,0,0,0,0,0.11487479507923126,0.10246679931879044,0,0.20030149817466736,0.21366587281227112,0.39970478415489197,0.5260586142539978,0,0,0,0,0.17461055517196655,0,0,0,0,0,0,0,0,0.1299353986978531,0.11569619178771973,0,0,0,0,0,0.22314336895942688,0,0,0.4695049226284027,0.5693320035934448,0,0,0.2562921643257141,0.5943123698234558,0,0
Frustrated,0,0.6285816431045532,0.6861330270767212,0,0,0,0,0,0,0,0,0,0,0,0.14305634796619415,0.12560154497623444,0,0.20509061217308044,0.22344829142093658,0.4380405843257904,0.5681309700012207,0,0,0,0,0.17408020794391632,0,0,0,0,0,0,0,0,0.10171490162611008,0,0,0,0,0,0,0.1975829005241394,0,0,0.507104754447937,0.6000977158546448,0,0,0.2546162009239197,0.5825102925300598,0,0
Frustrated,0,0.5994526743888855,0.6550834774971008,0,0,0,0,0,0,0,0.10251913219690323,0,0,0,0.14468838274478912,0.12903594970703125,0,0.1960766762495041,0.21092325448989868,0.43618375062942505,0.5567364692687988,0,0,0,0,0.1760014146566391,0,0,0,0,0,0,0,0,0.1135382130742073,0.10472428798675537,0,0,0,0,0,0.20636707544326782,0,0,0.46915027499198914,0.5726454257965088,0,0,0.25024014711380005,0.6020612716674805,0,0
Frustrated,0,0.5896301865577698,0.6277832984924316,0,0,0,0,0,0,0,0,0,0,0,0.12592071294784546,0.11004798859357834,0,0.18311887979507446,0.19642338156700134,0.41238102316856384,0.5300772190093994,0,0,0,0,0.1977667212486267,0,0,0,0,0,0,0,0,0.12263621389865875,0,0,0,0,0,0,0.21385501325130463,0,0,0.46018436551094055,0.5798178315162659,0,0,0.17531226575374603,0.4979921579360962,0,0
Frustrated,0,0.5673590302467346,0.614263653755188,0,0,0,0,0,0,0,0,0,0,0,0.16679924726486206,0.15260736644268036,0,0.17907066643238068,0.1911999136209488,0.40473806858062744,0.5216003060340881,0,0,0,0,0.18076474964618683,0,0,0,0,0,0,0,0,0.13539361953735352,0.11472990363836288,0,0,0,0,0,0.21885733306407928,0,0,0.46050554513931274,0.5773993134498596,0,0,0.2082396298646927,0.5609405040740967,0,0
Frustrated,0,0.5224123001098633,0.5850808620452881,0,0,0,0,0,0,0,0,0,0,0,0.11618431657552719,0.1059655249118805,0,0.21417120099067688,0.22091689705848694,0.4747239947319031,0.503473699092865,0,0,0,0,0.18380418419837952,0,0,0,0,0,0,0,0,0.14453868567943573,0.13224516808986664,0,0,0,0,0,0.32725614309310913,0,0,0.49460309743881226,0.595405101776123,0,0,0.20597133040428162,0.5061451196670532,0,0
Frustrated,0,0.5599713325500488,0.6594354510307312,0,0,0,0,0,0,0,0.11843276023864746,0,0,0,0,0,0,0.22990651428699493,0.220661461353302,0.5002089738845825,0.48425090312957764,0,0,0,0,0.16721872985363007,0,0,0,0,0,0,0,0,0.13170206546783447,0.1361418515443802,0,0,0,0,0,0.2933039367198944,0,0,0.5334347486495972,0.6439546346664429,0,0,0.20027843117713928,0.5064433217048645,0,0
Frustrated,0,0.5295349359512329,0.644985556602478,0,0,0,0,0,0,0,0.1277458518743515,0,0,0,0,0,0,0.24856235086917877,0.24290427565574646,0.4949531555175781,0.5111694931983948,0,0,0,0,0.16032660007476807,0,0,0,0,0,0,0,0,0.13365526497364044,0.13264118134975433,0,0,0,0,0,0.2778799533843994,0,0,0.5403335094451904,0.6855445504188538,0,0,0.2195458859205246,0.5628262758255005,0,0
Frustrated,0,0.5344539880752563,0.6261584758758545,0,0,0,0,0,0,0,0.11356043070554733,0,0,0,0,0,0,0.20596608519554138,0.21117030084133148,0.46944451332092285,0.49239569902420044,0,0,0,0,0.1807924211025238,0,0,0,0,0,0,0,0,0.14872312545776367,0.13955318927764893,0,0,0,0,0,0.24553607404232025,0,0,0.542400598526001,0.6114574670791626,0,0,0.24083760380744934,0.4737248122692108,0,0
Frustrated,0,0.5913466811180115,0.653239369392395,0,0,0,0,0,0,0,0,0,0,0,0.13124921917915344,0.11446321755647659,0,0.14630302786827087,0.1534631997346878,0.41266411542892456,0.5146631002426147,0,0,0,0,0.17329475283622742,0,0,0,0,0,0,0,0,0.1670505851507187,0.15240216255187988,0,0,0,0,0,0.2503913640975952,0,0,0.46674782037734985,0.5833665132522583,0,0,0.26457127928733826,0.5929358601570129,0,0
Frustrated,0,0.5940210819244385,0.6545251607894897,0,0,0,0,0,0,0.10423271358013153,0.11044377088546753,0,0,0,0.14536122977733612,0.12914957106113434,0,0.15890902280807495,0.17347773909568787,0.42096003890037537,0.5557341575622559,0,0,0,0,0.13924801349639893,0,0,0,0,0,0,0,0,0.18285126984119415,0.16131404042243958,0,0,0,0,0,0.23519782721996307,0,0,0.4081311523914337,0.5131267309188843,0.11195553094148636,0,0.2616807818412781,0.6380198001861572,0,0
Frustrated,0,0.633132815361023,0.6664150357246399,0,0,0,0,0,0,0,0,0,0,0,0.1257658302783966,0.10648192465305328,0,0.15399320423603058,0.157130628824234,0.4175757169723511,0.5045340657234192,0,0,0,0,0.18975591659545898,0,0,0,0,0,0,0,0,0.1389278620481491,0.10745631158351898,0,0,0,0,0,0.1960042268037796,0,0,0.49520549178123474,0.6521215438842773,0,0,0.23193539679050446,0.6090168952941895,0,0
Frustrated,0,0.5892367959022522,0.6443630456924438,0,0,0,0,0,0,0,0.102984219789505,0,0,0,0.14312659204006195,0.12803173065185547,0,0.16467492282390594,0.1654689908027649,0.4283970892429352,0.517690896987915,0,0,0,0,0.17157204449176788,0,0,0,0,0,0,0,0,0.14186939597129822,0.11262902617454529,0,0,0,0,0,0.23298050463199615,0,0,0.4705568253993988,0.6022717952728271,0,0,0.24300120770931244,0.5951704978942871,0,0
Frustrated,0,0.5345242023468018,0.6189237236976624,0,0,0,0,0,0,0,0.11631849408149719,0,0,0,0.17322972416877747,0.1570243537425995,0,0.21348856389522552,0.22604689002037048,0.45977383852005005,0.5543971061706543,0,0,0,0,0.18266625702381134,0,0,0,0,0,0,0,0,0.13009051978588104,0.11071396619081497,0,0,0,0,0,0.22508913278579712,0,0,0.46852052211761475,0.5750293135643005,0,0,0.22149808704853058,0.5643914937973022,0,0
Frustrated,0,0.5327658653259277,0.620404064655304,0,0,0,0,0,0,0,0.11490825563669205,0,0,0,0.16218338906764984,0.14607661962509155,0,0.2203255593776703,0.23657070100307465,0.4468558430671692,0.5543961524963379,0,0,0,0,0.19866998493671417,0,0,0,0,0,0,0,0,0.12493366748094559,0.11158501356840134,0,0,0,0,0,0.2285982072353363,0,0,0.5085656642913818,0.6083674430847168,0,0,0.23843838274478912,0.5745171308517456,0,0
Frustrated,0,0.5251115560531616,0.6212745904922485,0,0,0,0,0,0,0,0.12189171463251114,0,0,0,0.13124629855155945,0.11516936868429184,0,0.25130823254585266,0.27245914936065674,0.4581051766872406,0.5814240574836731,0,0,0,0,0.18543075025081635,0,0,0,0,0,0,0,0,0.1264728605747223,0.11126989871263504,0,0,0,0,0,0.24609383940696716,0,0,0.4735909700393677,0.5860303640365601,0,0,0.2596203088760376,0.6160723567008972,0,0
Frustrated,0,0.5291579961776733,0.6096741557121277,0,0,0,0,0,0,0.10244707018136978,0.11496054381132126,0,0,0,0.1449107825756073,0.12875911593437195,0,0.23039086163043976,0.25151124596595764,0.43150201439857483,0.5701572895050049,0,0,0,0,0.18064530193805695,0,0,0,0,0,0,0,0,0.13407714664936066,0.11551213264465332,0,0,0,0,0,0.271951824426651,0,0,0.4700744152069092,0.5809004902839661,0,0,0.26499810814857483,0.6143430471420288,0,0
Frustrated,0,0.5500510931015015,0.6338536739349365,0,0,0,0,0,0,0,0.10209235548973083,0,0,0,0.14526981115341187,0.1285637766122818,0,0.2323969006538391,0.2541932463645935,0.40545815229415894,0.5627628564834595,0,0,0,0,0.1644722819328308,0,0,0,0,0,0,0,0,0.15193623304367065,0.140853613615036,0,0,0,0,0,0.21709848940372467,0,0,0.4625611901283264,0.5656305551528931,0,0,0.29976528882980347,0.6432476043701172,0,0
Frustrated,0,0.5406597256660461,0.6248486042022705,0,0,0,0,0,0,0,0.11243116110563278,0,0,0,0.1373787373304367,0.12140078842639923,0,0.2256811112165451,0.23956315219402313,0.4511689841747284,0.5636248588562012,0,0,0,0,0.1736157238483429,0,0,0,0,0,0,0,0,0.12315656244754791,0.11679961532354355,0,0,0,0,0,0.23356257379055023,0,0,0.48241445422172546,0.5938681364059448,0,0,0.2602233588695526,0.6262569427490234,0,0
Frustrated,0,0.5480434894561768,0.6129724979400635,0,0,0,0,0,0,0,0,0,0,0,0.12147920578718185,0.10096129029989243,0,0.20196646451950073,0.21047788858413696,0.4048784673213959,0.5263888835906982,0,0,0,0,0.22122463583946228,0,0,0,0,0,0,0,0,0.16169045865535736,0.1355653703212738,0,0,0,0,0,0.3025241494178772,0,0,0.4974581003189087,0.6365115642547607,0,0,0.22619616985321045,0.5921439528465271,0,0
Frustrated,0,0.6001944541931152,0.6480109095573425,0,0,0,0,0,0,0,0.10078152269124985,0,0,0,0.1250874400138855,0.10850227624177933,0,0.20298272371292114,0.21961824595928192,0.42588430643081665,0.5434085130691528,0,0,0,0,0.19755226373672485,0,0,0,0,0,0,0,0,0.12202614545822144,0.10365865379571915,0,0,0,0,0,0.2068784087896347,0,0,0.4711248278617859,0.5889486074447632,0,0,0.23794269561767578,0.5776386260986328,0,0
Frustrated,0,0.5776882171630859,0.6447639465332031,0,0,0,0,0,0,0,0,0,0,0,0.1362452507019043,0.12118685990571976,0,0.2116934061050415,0.23089365661144257,0.4038492739200592,0.5416449308395386,0,0,0,0,0.19109469652175903,0,0,0,0,0,0,0,0,0.1301330327987671,0.1025908887386322,0,0,0,0,0,0.23315899074077606,0,0,0.4998144805431366,0.6410092115402222,0,0,0.22382716834545135,0.5679465532302856,0,0
Frustrated,0,0.4886277914047241,0.5869259834289551,0,0,0,0,0,0,0,0.11265399307012558,0,0,0,0.12810887396335602,0.11136814951896667,0,0.24945032596588135,0.2703832983970642,0.444882333278656,0.5635138750076294,0,0,0,0,0.2000347077846527,0,0,0,0,0,0,0,0,0,0,0,0,0,0,0,0.2866487503051758,0,0,0.49799028038978577,0.6034413576126099,0,0,0.2043100744485855,0.5277541875839233,0,0
Frustrated,0,0.4106201231479645,0.5443785190582275,0,0,0,0,0,0,0,0.1066252589225769,0,0,0,0,0,0,0.2708904445171356,0.29537034034729004,0.4560983180999756,0.5841748714447021,0,0,0,0,0.18862704932689667,0,0,0,0,0,0,0,0,0.11134032160043716,0.10254333168268204,0,0,0,0,0,0.3234458863735199,0,0,0.48831915855407715,0.601761519908905,0,0,0.17850148677825928,0.4882592260837555,0,0
Frustrated,0,0.4274313151836395,0.5419614315032959,0,0,0,0,0,0,0,0.11327754706144333,0,0,0,0.10422825813293457,0,0,0.26432865858078003,0.2863602936267853,0.47123047709465027,0.5760973691940308,0,0,0,0,0.18917781114578247,0,0,0,0,0,0,0,0,0.10033531486988068,0,0,0,0,0,0,0.2817130982875824,0,0,0.4887327551841736,0.5779827833175659,0,0,0.19430184364318848,0.5014355182647705,0,0
Frustrated,0,0.5327411890029907,0.6081081628799438,0,0,0,0,0,0,0,0.10131489485502243,0,0,0,0.1198577731847763,0.10587653517723083,0,0.21668119728565216,0.24006891250610352,0.45753583312034607,0.5635427236557007,0,0,0,0,0.2101440280675888,0,0,0,0,0,0,0,0,0.11523856222629547,0.10863737016916275,0,0,0,0,0,0.2678106427192688,0,0,0.5012381076812744,0.595867395401001,0,0,0.19851744174957275,0.5065879821777344,0,0
Frustrated,0,0.5495201349258423,0.6462783813476562,0,0,0,0,0,0,0,0,0,0,0,0,0,0,0.16805563867092133,0.1764291375875473,0.45477551221847534,0.5430485010147095,0,0,0,0,0.20247480273246765,0,0,0,0,0,0,0,0,0.10787424445152283,0.12919150292873383,0,0,0,0,0,0.27089545130729675,0,0,0.5437519550323486,0.5996756553649902,0,0,0.19550752639770508,0.45845481753349304,0,0
Frustrated,0,0.640009880065918,0.6870819330215454,0,0,0,0,0,0,0,0,0,0,0,0,0,0,0.15226885676383972,0.1506955772638321,0.4630390703678131,0.49295324087142944,0,0,0,0,0.24682480096817017,0,0,0,0,0,0,0,0,0,0.10239917784929276,0,0,0,0,0,0.298317015171051,0,0,0.5661170482635498,0.6191282272338867,0,0,0.16625355184078217,0.38987478613853455,0,0
Frustrated,0,0.5881420373916626,0.6451929211616516,0,0,0,0,0,0,0,0,0,0,0,0.11311522871255875,0.10521897673606873,0,0.183457612991333,0.188612163066864,0.45690855383872986,0.5230408906936646,0,0,0,0,0.1891101896762848,0,0,0,0,0,0,0,0,0.10032186657190323,0,0,0,0,0,0,0.2696141004562378,0,0,0.49355167150497437,0.5848389863967896,0,0,0.2283167541027069,0.5413626432418823,0,0
Frustrated,0,0.5591844320297241,0.6210181713104248,0,0,0,0,0,0,0,0,0,0,0,0.12325768172740936,0.11090914160013199,0,0.2074388563632965,0.21987907588481903,0.413356214761734,0.527510404586792,0,0,0,0,0.20960098505020142,0,0,0,0,0,0,0,0,0.13609866797924042,0.12811467051506042,0,0,0,0,0,0.2686076760292053,0,0,0.5192581415176392,0.623150110244751,0,0,0.22651873528957367,0.5540274381637573,0,0
Frustrated,0,0.5467784404754639,0.6185833215713501,0,0,0,0,0,0,0,0.10549704730510712,0,0,0,0.13785402476787567,0.12211718410253525,0,0.20088763535022736,0.21612219512462616,0.42345860600471497,0.5401830673217773,0,0,0,0,0.19485636055469513,0,0,0,0,0,0,0,0,0.11278650909662247,0.10484658181667328,0,0,0,0,0,0.25914737582206726,0,0,0.5030587911605835,0.6051068305969238,0,0,0.22321103513240814,0.5486075282096863,0,0
Frustrated,0,0.5928895473480225,0.6219235062599182,0,0,0,0,0,0,0,0,0,0,0,0.11184062063694,0,0,0.1688682585954666,0.18597930669784546,0.40549901127815247,0.5398484468460083,0,0,0,0,0.2135819047689438,0,0,0,0,0,0,0,0,0.14202015101909637,0.12056836485862732,0,0,0,0,0,0.21946828067302704,0,0,0.488570898771286,0.630436897277832,0,0,0.19169281423091888,0.5353994369506836,0,0
Frustrated,0,0.5938884019851685,0.6229314804077148,0,0,0,0,0,0,0,0,0,0,0,0.1291440725326538,0.11245653033256531,0,0.16507337987422943,0.18222497403621674,0.4035874009132385,0.5373246073722839,0,0,0,0,0.18816611170768738,0,0,0,0,0,0,0,0,0.1658496856689453,0.11892441660165787,0,0,0,0,0,0.21384310722351074,0,0,0.4411151111125946,0.591937780380249,0,0,0.2154237926006317,0.5909301042556763,0,0
Frustrated,0,0.5944750308990479,0.6361523866653442,0,0,0,0,0,0,0,0,0,0,0,0.12194833904504776,0.10405705124139786,0,0.14806602895259857,0.1577220857143402,0.390895277261734,0.5313543081283569,0,0,0,0,0.1812530755996704,0,0,0,0,0,0,0,0,0.15723738074302673,0.1200348436832428,0,0,0,0,0,0.18927785754203796,0,0,0.4541870057582855,0.5959604382514954,0.11829256266355515,0,0.22533506155014038,0.584347128868103,0,0
Frustrated,0,0.6599719524383545,0.7039978504180908,0,0,0,0,0,0,0,0,0,0,0,0.1176753044128418,0.10558906942605972,0,0.175942525267601,0.18141916394233704,0.43331244587898254,0.5515759587287903,0,0,0,0,0.16954579949378967,0,0,0,0,0,0,0,0,0.12191572785377502,0.10364595800638199,0,0,0,0,0,0.17936551570892334,0,0,0.4573521614074707,0.5897964239120483,0.13262295722961426,0,0.22015206515789032,0.5807278156280518,0,0
Frustrated,0,0.6055723428726196,0.6653778553009033,0,0,0,0,0,0,0,0,0,0,0,0.11392022669315338,0,0,0.20663058757781982,0.2202761322259903,0.4226457476615906,0.5603454113006592,0,0,0,0,0.1907731294631958,0,0,0,0,0,0,0,0,0.16586698591709137,0.1591716855764389,0,0,0,0,0,0.23566260933876038,0,0,0.5079096555709839,0.5986659526824951,0,0,0.2753576338291168,0.6073030233383179,0,0
Frustrated,0,0.603857159614563,0.6542675495147705,0,0,0,0,0,0,0,0,0,0,0,0.13634248077869415,0.1229657456278801,0,0.1866159588098526,0.19422538578510284,0.4464883506298065,0.51735520362854,0,0,0,0,0.2090386599302292,0,0,0,0,0,0,0,0,0.13449324667453766,0.12277520447969437,0,0,0,0,0,0.28945082426071167,0,0,0.5161775350570679,0.6007740497589111,0,0,0.2480701357126236,0.5781781673431396,0,0
Frustrated,0,0.5035233497619629,0.582896888256073,0,0,0,0,0,0,0,0.10578852146863937,0,0,0,0,0,0,0.20824675261974335,0.21917614340782166,0.46090787649154663,0.5466784238815308,0,0,0,0,0.18501527607440948,0,0,0,0,0,0,0,0,0.1654834747314453,0.15599559247493744,0,0,0,0,0,0.26011228561401367,0,0,0.4678703546524048,0.5418801307678223,0,0,0.26288217306137085,0.5853677988052368,0,0
Frustrated,0,0.544119119644165,0.6157398223876953,0,0,0,0,0,0,0,0.10226617753505707,0,0,0,0.11842169612646103,0.10371466726064682,0,0.2071157544851303,0.2175615429878235,0.4414488971233368,0.5374524593353271,0,0,0,0,0.20168644189834595,0,0,0,0,0,0,0,0,0.1267375499010086,0.1165405884385109,0,0,0,0,0,0.2571652829647064,0,0,0.4958687722682953,0.5834590196609497,0,0,0.2176472395658493,0.53798508644104,0,0
Frustrated,0,0.4661400318145752,0.5590866208076477,0,0,0,0,0,0,0,0.11431825160980225,0,0,0,0.10142991691827774,0,0,0.23414501547813416,0.24417036771774292,0.4313749074935913,0.5260807871818542,0,0,0,0,0.16807889938354492,0,0,0,0,0,0,0,0,0.13814009726047516,0.11682672798633575,0,0,0,0,0,0.2842402458190918,0,0,0.4577236473560333,0.5494953393936157,0,0,0.2442854791879654,0.5712136626243591,0,0
Frustrated,0,0.5296260118484497,0.6183822154998779,0,0,0,0,0,0,0,0.11418013274669647,0,0,0,0.1464325338602066,0.13272829353809357,0,0.21514800190925598,0.23315352201461792,0.42835819721221924,0.5559873580932617,0,0,0,0,0.1805267035961151,0,0,0,0,0,0,0,0,0.1373223513364792,0.12047410756349564,0,0,0,0,0,0.2664567530155182,0,0,0.47798627614974976,0.5888224840164185,0,0,0.25036531686782837,0.593775749206543,0,0
Frustrated,0,0.5266633033752441,0.6051251888275146,0,0,0,0,0,0,0,0.11202038079500198,0,0,0,0.13741619884967804,0.12303391098976135,0,0.2087823450565338,0.224379763007164,0.4502488672733307,0.5418713092803955,0,0,0,0,0.17497582733631134,0,0,0,0,0,0,0,0,0.1552332639694214,0.1455146074295044,0,0,0,0,0,0.2727567255496979,0,0,0.4832404553890228,0.5617890357971191,0,0,0.2594573497772217,0.5722786784172058,0,0
Frustrated,0,0.5216912627220154,0.6022679209709167,0,0,0,0,0,0,0,0.10684298723936081,0,0,0,0.13325689733028412,0.11673189699649811,0,0.23002301156520844,0.24442973732948303,0.44935718178749084,0.5264773964881897,0,0,0,0,0.18144722282886505,0,0,0,0,0,0,0,0,0.16258716583251953,0.15742602944374084,0,0,0,0,0,0.3108544647693634,0,0,0.48972004652023315,0.5733160972595215,0,0,0.24919140338897705,0.5724259614944458,0,0
Frustrated,0,0.4910799264907837,0.5954614877700806,0,0,0,0,0,0,0.10333499312400818,0.11646933108568192,0,0,0,0.11491431295871735,0,0,0.26467061042785645,0.28924840688705444,0.45704349875450134,0.5745929479598999,0,0,0,0,0.18074928224086761,0,0,0,0,0,0,0,0,0.13035976886749268,0.12239071726799011,0,0,0,0,0,0.26368266344070435,0,0,0.4902312755584717,0.5825291872024536,0,0,0.2481415569782257,0.5663273334503174,0,0
Frustrated,0,0.5800899863243103,0.6498423218727112,0,0,0,0,0,0,0.10485053807497025,0.10995626449584961,0,0,0,0.14953678846359253,0.13452516496181488,0,0.21519416570663452,0.23389548063278198,0.4542562663555145,0.5634407997131348,0,0,0,0,0.18738287687301636,0,0,0,0,0,0,0,0,0.13402828574180603,0.12609955668449402,0,0,0,0,0,0.24848175048828125,0,0,0.47423607110977173,0.563514232635498,0,0,0.23449042439460754,0.5722882747650146,0,0
Frustrated,0,0.5577288866043091,0.6007769107818604,0,0,0,0,0,0,0,0,0,0,0,0.12246238440275192,0.1036134660243988,0,0.17073048651218414,0.17604359984397888,0.4227488934993744,0.524311363697052,0,0,0,0,0.1614692658185959,0,0,0,0,0,0,0,0,0.1711549609899521,0.14280422031879425,0,0,0,0,0,0.20051094889640808,0,0,0.44634249806404114,0.5915861129760742,0,0,0.24269309639930725,0.6140149831771851,0,0
Frustrated,0,0.5871594548225403,0.6272910833358765,0,0,0,0,0,0,0,0.10362420976161957,0,0,0,0.13722288608551025,0.12270771712064743,0,0.17082072794437408,0.17953993380069733,0.42341676354408264,0.5252368450164795,0,0,0,0,0.17561312019824982,0,0,0,0,0,0,0,0,0.12779180705547333,0.10140477865934372,0,0,0,0,0,0.18871252238750458,0,0,0.4542842209339142,0.6033173203468323,0,0,0.23703351616859436,0.6174112558364868,0,0
Frustrated,0,0.6168097257614136,0.6618369817733765,0,0,0,0,0,0,0,0,0,0,0,0.14577481150627136,0.1307682991027832,0,0.16089126467704773,0.1774333417415619,0.37719154357910156,0.5609500408172607,0,0,0,0,0.15580034255981445,0,0,0,0,0,0,0,0,0.14440274238586426,0.11446104943752289,0,0,0,0,0,0.16206203401088715,0,0,0.425934761762619,0.5537587404251099,0.10840820521116257,0,0.25551578402519226,0.6191442608833313,0,0
Frustrated,0,0.5967696905136108,0.6536742448806763,0,0,0,0,0,0,0,0,0,0,0,0.14380116760730743,0.12893138825893402,0,0.17220313847064972,0.19196200370788574,0.37778377532958984,0.557072639465332,0,0,0,0,0.17901462316513062,0,0,0,0,0,0,0,0,0.128500297665596,0.1051391214132309,0,0,0,0,0,0.1976040154695511,0,0,0.47068867087364197,0.5861201286315918,0,0,0.23618531227111816,0.5840932130813599,0,0
Frustrated,0,0.568466067314148,0.6440607905387878,0,0,0,0,0,0,0,0.10556855797767639,0,0,0,0.1435462087392807,0.12864692509174347,0,0.19552233815193176,0.21777096390724182,0.41085273027420044,0.5590986609458923,0,0,0,0,0.17868416011333466,0,0,0,0,0,0,0,0,0.13692966103553772,0.11334282904863358,0,0,0,0,0,0.21274887025356293,0,0,0.46927621960639954,0.580417811870575,0,0,0.24167072772979736,0.5829693675041199,0,0
Frustrated,0,0.5738222599029541,0.6495792269706726,0,0,0,0,0,0,0,0.11445123702287674,0,0,0,0.14469851553440094,0.12897537648677826,0,0.21228672564029694,0.23337306082248688,0.4317135214805603,0.5739386677742004,0,0,0,0,0.1896478682756424,0,0,0,0,0,0,0,0,0.1179094910621643,0.10503151267766953,0,0,0,0,0,0.2088029682636261,0,0,0.4762445092201233,0.5846181511878967,0,0,0.2483057677745819,0.5977486371994019,0,0
Frustrated,0,0.5783952474594116,0.6540970802307129,0,0,0,0,0,0,0,0.11385614424943924,0,0,0,0.13985462486743927,0.12469200044870377,0,0.21317268908023834,0.23050640523433685,0.4716826379299164,0.5739367008209229,0,0,0,0,0.20035794377326965,0,0,0,0,0,0,0,0,0.10974515974521637,0,0,0,0,0,0,0.24962972104549408,0,0,0.49388283491134644,0.5797147750854492,0,0,0.2153794914484024,0.5271844267845154,0,0
Frustrated,0,0.5185482501983643,0.615574836730957,0,0,0,0,0,0,0.1028418317437172,0.11853499710559845,0,0,0,0.1296093910932541,0.11587122827768326,0,0.2327912300825119,0.2508041560649872,0.46905890107154846,0.5664622783660889,0,0,0,0,0.20862601697444916,0,0,0,0,0,0,0,0,0.109979547560215,0.10112138092517853,0,0,0,0,0,0.2768236994743347,0,0,0.5236326456069946,0.6262917518615723,0,0,0.20372255146503448,0.5108521580696106,0,0
Frustrated,0,0.5361299514770508,0.614185094833374,0,0,0,0,0,0,0,0.11153218150138855,0,0,0,0.1387089639902115,0.12326423823833466,0,0.22971811890602112,0.24602197110652924,0.43910306692123413,0.5495669841766357,0,0,0,0,0.16807124018669128,0,0,0,0,0,0,0,0,0.1341526359319687,0.1316392570734024,0,0,0,0,0,0.25811272859573364,0,0,0.4859103858470917,0.5767485499382019,0,0,0.27397534251213074,0.616651177406311,0,0
Frustrated,0,0.5372538566589355,0.6152722239494324,0,0,0,0,0,0,0,0.11186552792787552,0,0,0,0.1406993865966797,0.1256054937839508,0,0.2239098846912384,0.23850814998149872,0.4423936605453491,0.5556075572967529,0,0,0,0,0.174955353140831,0,0,0,0,0,0,0,0,0.1512933075428009,0.14126044511795044,0,0,0,0,0,0.248846173286438,0,0,0.4861277937889099,0.5726199150085449,0,0,0.2804831564426422,0.6283829212188721,0,0
Frustrated,0,0.6016190648078918,0.6546480655670166,0,0,0,0,0,0,0,0.10050059109926224,0,0,0,0.11767244338989258,0.1028423085808754,0,0.18471509218215942,0.19778622686862946,0.4017667770385742,0.5301826596260071,0,0,0,0,0.16381210088729858,0,0,0,0,0,0,0,0,0.13538134098052979,0.12424995750188828,0,0,0,0,0,0.18904301524162292,0,0,0.4745926558971405,0.555443525314331,0.10220261663198471,0,0.25989383459091187,0.6015417575836182,0,0
Frustrated,0,0.6601896286010742,0.6988729238510132,0,0,0,0,0,0,0.10151511430740356,0.10345073789358139,0,0,0,0.10015962272882462,0,0,0.1972220242023468,0.21298664808273315,0.4314708113670349,0.5410601496696472,0,0,0,0,0.16390490531921387,0,0,0,0,0,0,0,0,0.119319386780262,0.1078629195690155,0,0,0,0,0,0.1637355089187622,0,0,0.47850456833839417,0.5818093419075012,0,0,0.2376304715871811,0.5807819962501526,0,0
Frustrated,0,0.636593759059906,0.674124002456665,0,0,0,0,0,0,0,0,0,0,0,0.1095539927482605,0,0,0.18217957019805908,0.19926930963993073,0.4143489599227905,0.5430507659912109,0,0,0,0,0.18322846293449402,0,0,0,0,0,0,0,0,0.11348303407430649,0,0,0,0,0,0,0.18215987086296082,0,0,0.4955418109893799,0.6039383411407471,0,0,0.22401109337806702,0.5474740862846375,0,0
Frustrated,0,0.5966837406158447,0.6474225521087646,0,0,0,0,0,0,0.10242561250925064,0.10893402248620987,0,0,0,0.13493727147579193,0.12029939144849777,0,0.2041657418012619,0.21934567391872406,0.44822657108306885,0.551861047744751,0,0,0,0,0.17226183414459229,0,0,0,0,0,0,0,0,0.13686417043209076,0.11929354071617126,0,0,0,0,0,0.21658207476139069,0,0,0.45610424876213074,0.5532898306846619,0,0,0.25023868680000305,0.597389817237854,0,0
Frustrated,0,0.6140221357345581,0.663680374622345,0,0,0,0,0,0,0,0.10602500289678574,0,0,0,0.13075275719165802,0.11667977273464203,0,0.18848741054534912,0.20525923371315002,0.4316673278808594,0.5649832487106323,0,0,0,0,0.17233647406101227,0,0,0,0,0,0,0,0,0.13273388147354126,0.1151045635342598,0,0,0,0,0,0.2152857929468155,0,0,0.44750311970710754,0.5579897165298462,0,0,0.24966886639595032,0.6037997603416443,0,0
Frustrated,0,0.6368820667266846,0.6911213397979736,0,0,0,0,0,0,0,0,0,0,0,0.10715099424123764,0,0,0.2107236385345459,0.23431894183158875,0.41285672783851624,0.5706688165664673,0,0,0,0,0.1654404103755951,0,0,0,0,0,0,0,0,0.11331193149089813,0.1004229411482811,0,0,0,0,0,0.1726759821176529,0,0,0.4954768121242523,0.595028281211853,0,0,0.24655139446258545,0.5878650546073914,0,0
Frustrated,0,0.6488351821899414,0.7047064304351807,0,0,0,0,0,0,0.10099014639854431,0,0,0,0,0.12275977432727814,0.10681454092264175,0,0.21518951654434204,0.2412579208612442,0.4357723295688629,0.584784746170044,0,0,0,0,0.17371831834316254,0,0,0,0,0,0,0,0,0.10189634561538696,0,0,0,0,0,0,0.20948411524295807,0,0,0.5060290098190308,0.5984744429588318,0,0,0.2226809412240982,0.5509121417999268,0,0
Frustrated,0,0.5786161422729492,0.6558824777603149,0,0,0,0,0,0,0,0.1087825819849968,0,0,0,0.13706561923027039,0.12078540772199631,0,0.21395257115364075,0.23105488717556,0.4524470567703247,0.575072169303894,0,0,0,0,0.17552198469638824,0,0,0,0,0,0,0,0,0,0,0,0,0,0,0,0.22126182913780212,0,0,0.4872332513332367,0.586022675037384,0,0,0.2238934487104416,0.5695107579231262,0,0
Frustrated,0,0.4399692714214325,0.5536516308784485,0,0,0,0,0,0,0,0.10462374240159988,0,0,0,0,0,0,0.2403274029493332,0.25401145219802856,0.44047319889068604,0.5639678239822388,0,0,0,0,0.1692277193069458,0,0,0,0,0,0,0,0,0.11411898583173752,0.10303758084774017,0,0,0,0,0,0.27680185437202454,0,0,0.5053969621658325,0.6121294498443604,0,0,0.21515214443206787,0.5475553870201111,0,0
Frustrated,0,0.5266628265380859,0.6082062125205994,0,0,0,0,0,0,0,0.11228863149881363,0,0,0,0.14685499668121338,0.13183395564556122,0,0.1938248723745346,0.20944523811340332,0.449253112077713,0.5603882074356079,0,0,0,0,0.1752796322107315,0,0,0,0,0,0,0,0,0.14828230440616608,0.13631297647953033,0,0,0,0,0,0.2549455165863037,0,0,0.46814802289009094,0.5717043876647949,0,0,0.2712608277797699,0.6210570335388184,0,0
Frustrated,0,0.5556588768959045,0.6311070919036865,0,0,0,0,0,0,0.10228287428617477,0.10873326659202576,0,0,0,0.1392216980457306,0.12554523348808289,0,0.20129530131816864,0.22077512741088867,0.42986878752708435,0.5584018230438232,0,0,0,0,0.17567409574985504,0,0,0,0,0,0,0,0,0.13212813436985016,0.1144976019859314,0,0,0,0,0,0.2555622160434723,0,0,0.45555225014686584,0.5597242116928101,0,0,0.23580552637577057,0.5789820551872253,0,0
Frustrated,0,0.6153342723846436,0.6842999458312988,0,0,0,0,0,0,0,0,0,0,0,0,0,0,0.20647963881492615,0.23381921648979187,0.3643423616886139,0.5705397129058838,0,0,0,0,0.17953616380691528,0,0,0,0,0,0,0,0,0.1044585183262825,0,0,0,0,0,0,0.15535131096839905,0,0,0.4821954667568207,0.6017706394195557,0.10272591561079025,0,0.2460736483335495,0.5984200239181519,0,0
Frustrated,0,0.6409674286842346,0.7122452855110168,0,0,0,0,0,0,0,0,0,0,0,0.10620620101690292,0,0,0.1929396688938141,0.21916653215885162,0.3830952048301697,0.5874585509300232,0,0,0,0,0.16833199560642242,0,0,0,0,0,0,0,0,0.12713660299777985,0.1134047731757164,0,0,0,0,0,0.15462632477283478,0,0,0.496684730052948,0.6006579399108887,0.10278742015361786,0,0.25195878744125366,0.5903127193450928,0,0
Frustrated,0,0.5906258821487427,0.6416460871696472,0,0,0,0,0,0,0,0,0,0,0,0.14082957804203033,0.1222943589091301,0,0.1952361762523651,0.20860406756401062,0.4002663791179657,0.5472933053970337,0,0,0,0,0.17661339044570923,0,0,0,0,0,0,0,0,0.1696166694164276,0.1409156769514084,0,0,0,0,0,0.19027182459831238,0,0,0.4585598409175873,0.6077864170074463,0,0,0.2673201858997345,0.6413348913192749,0,0
Frustrated,0,0.5530070662498474,0.5831149816513062,0,0,0,0,0,0,0,0,0,0,0,0.10524021089076996,0,0,0.1744999885559082,0.1823369562625885,0.3968493342399597,0.5395885705947876,0,0,0,0,0.17828203737735748,0,0,0,0,0,0,0,0,0.17565830051898956,0.1491047888994217,0,0,0,0,0,0.1842971295118332,0,0,0.4058419466018677,0.5324994921684265,0.12548299133777618,0,0.2574653625488281,0.6206254959106445,0,0
Frustrated,0,0.5925014615058899,0.6149188280105591,0,0,0,0,0,0,0,0,0,0,0,0.12273392081260681,0.10151195526123047,0,0.1756054013967514,0.18933765590190887,0.398115336894989,0.5115804672241211,0,0,0,0,0.1652117520570755,0,0,0,0,0,0,0,0,0.15917126834392548,0.130387544631958,0,0,0,0,0,0.16206048429012299,0,0,0.42156514525413513,0.5361490249633789,0.1168082058429718,0,0.25486519932746887,0.6027176380157471,0,0
Frustrated,0,0.6360485553741455,0.6711954474449158,0,0,0,0,0,0,0,0,0,0,0,0.1357380747795105,0.12256838381290436,0,0.17520546913146973,0.1873711347579956,0.4018344283103943,0.5335676670074463,0,0,0,0,0.19569891691207886,0,0,0,0,0,0,0,0,0.14366492629051208,0.1097000241279602,0,0,0,0,0,0.20929627120494843,0,0,0.46736595034599304,0.6189257502555847,0,0,0.19089949131011963,0.5336577296257019,0,0
Frustrated,0,0.6387661695480347,0.675518274307251,0,0,0,0,0,0,0,0,0,0,0,0.14157621562480927,0.12950143218040466,0,0.19156555831432343,0.20372439920902252,0.4263741672039032,0.5390720367431641,0,0,0,0,0.19912801682949066,0,0,0,0,0,0,0,0,0.12110310792922974,0,0,0,0,0,0,0.23039552569389343,0,0,0.46696969866752625,0.611563503742218,0,0,0.19161182641983032,0.5360503196716309,0,0
Frustrated,0,0.5972150564193726,0.6463457345962524,0,0,0,0,0,0,0,0.10384545475244522,0,0,0,0.12041467428207397,0.10690135508775711,0,0.22280201315879822,0.22734302282333374,0.4546247124671936,0.5420564413070679,0,0,0,0,0.16163522005081177,0,0,0,0,0,0,0,0,0.1523653268814087,0.13293306529521942,0,0,0,0,0,0.21721845865249634,0,0,0.48767751455307007,0.589723527431488,0,0,0.2589157819747925,0.6024272441864014,0,0
Frustrated,0,0.48811668157577515,0.5990372896194458,0,0,0,0,0,0,0,0.11743859201669693,0,0,0,0,0,0,0.28456807136535645,0.2930797338485718,0.4348480999469757,0.500519871711731,0,0,0,0,0.17585372924804688,0,0,0,0,0,0,0,0,0.1314929574728012,0.11122291535139084,0,0,0,0,0,0.2868942320346832,0,0,0.5005513429641724,0.6244019269943237,0,0,0.2129627913236618,0.5259811878204346,0,0
Frustrated,0,0.5012348890304565,0.5988397598266602,0,0,0,0,0,0,0,0.11152853816747665,0,0,0,0.1208401471376419,0.10820592939853668,0,0.2671627998352051,0.2738819718360901,0.4070415198802948,0.5205590128898621,0,0,0,0,0.19477654993534088,0,0,0,0,0,0,0,0,0.11757618188858032,0.10833317786455154,0,0,0,0,0,0.2814605236053467,0,0,0.514988899230957,0.6333413124084473,0,0,0.22021251916885376,0.5725151300430298,0,0
Frustrated,0,0.5144568681716919,0.5850191116333008,0,0,0,0,0,0,0,0.10793769359588623,0,0,0,0,0,0,0.25718656182289124,0.2689693570137024,0.4237682819366455,0.5233571529388428,0,0,0,0,0.211027130484581,0,0,0,0,0,0,0,0,0.12479539215564728,0.10325998812913895,0,0,0,0,0,0.2888828217983246,0,0,0.5222357511520386,0.6440719962120056,0,0,0.22808897495269775,0.5743516683578491,0,0
Frustrated,0,0.5585360527038574,0.6211506128311157,0,0,0,0,0,0,0,0.10518387705087662,0,0,0,0.13360878825187683,0.11932507902383804,0,0.2238694578409195,0.24082650244235992,0.4122299253940582,0.5488353967666626,0,0,0,0,0.18668663501739502,0,0,0,0,0,0,0,0,0.11553236842155457,0.10079050064086914,0,0,0,0,0,0.2179843783378601,0,0,0.48215246200561523,0.5919727087020874,0,0,0.2355012595653534,0.5807791948318481,0,0
Frustrated,0,0.5656697750091553,0.6300315856933594,0,0,0,0,0,0,0,0.10755601525306702,0,0,0,0.13991977274417877,0.12554526329040527,0,0.22883489727973938,0.2511642873287201,0.4330316483974457,0.5564356446266174,0,0,0,0,0.18943938612937927,0,0,0,0,0,0,0,0,0.11168063431978226,0,0,0,0,0,0,0.21389642357826233,0,0,0.4936927855014801,0.6063514947891235,0,0,0.2258981317281723,0.5574311017990112,0,0
Frustrated,0,0.5940673351287842,0.6606497764587402,0,0,0,0,0,0,0,0.10156712681055069,0,0,0,0.1358584612607956,0.12179090082645416,0,0.19302216172218323,0.21292147040367126,0.42347612977027893,0.5566958785057068,0,0,0,0,0.19575896859169006,0,0,0,0,0,0,0,0,0.12008627504110336,0.10243667662143707,0,0,0,0,0,0.20850087702274323,0,0,0.48058974742889404,0.5994482040405273,0,0,0.2139091193675995,0.5630107522010803,0,0
Frustrated,0,0.591092586517334,0.6547605395317078,0,0,0,0,0,0,0,0.10077373683452606,0,0,0,0.14671532809734344,0.13242517411708832,0,0.2055002748966217,0.22783440351486206,0.4300382137298584,0.5635350942611694,0,0,0,0,0.19632431864738464,0,0,0,0,0,0,0,0,0.10707668215036392,0,0,0,0,0,0,0.21710409224033356,0,0,0.4730142056941986,0.5947386026382446,0,0,0.209385946393013,0.55619215965271,0,0
Frustrated,0,0.4746124744415283,0.5717439651489258,0,0,0,0,0,0,0,0.11914268881082535,0,0,0,0.10846474766731262,0,0,0.26561039686203003,0.2894390821456909,0.46766215562820435,0.5872460603713989,0,0,0,0,0.1877698451280594,0,0,0,0,0,0,0,0,0.11967551708221436,0.11294174194335938,0,0,0,0,0,0.25617918372154236,0,0,0.49513059854507446,0.5883909463882446,0,0,0.22518622875213623,0.5531424283981323,0,0
Frustrated,0,0.5541772246360779,0.6355968713760376,0,0,0,0,0,0,0,0,0,0,0,0,0,0,0.18758845329284668,0.20508308708667755,0.3858741819858551,0.5285630822181702,0,0,0,0,0.21155394613742828,0,0,0,0,0,0,0,0,0.13396532833576202,0.12801407277584076,0,0,0,0,0,0.2859652042388916,0,0,0.5391349196434021,0.6135225892066956,0,0,0.24325606226921082,0.5313621163368225,0,0
Frustrated,0,0.5776877999305725,0.6421873569488525,0,0,0,0,0,0,0,0.10649765282869339,0,0,0,0.12234150618314743,0.10927915573120117,0,0.20163416862487793,0.20928196609020233,0.46492061018943787,0.5475956201553345,0,0,0,0,0.16873791813850403,0,0,0,0,0,0,0,0,0.14393296837806702,0.13937479257583618,0,0,0,0,0,0.22842006385326385,0,0,0.4834405481815338,0.5772894620895386,0,0,0.2806330621242523,0.622744083404541,0,0
Frustrated,0,0.5186559557914734,0.5863534212112427,0,0,0,0,0,0,0,0.10396227240562439,0,0,0,0,0,0,0.23666323721408844,0.2437005341053009,0.43831443786621094,0.5203273892402649,0,0,0,0,0.18203066289424896,0,0,0,0,0,0,0,0,0.1494198888540268,0.1359737664461136,0,0,0,0,0,0.270312637090683,0,0,0.4978864789009094,0.6013648509979248,0,0,0.24778351187705994,0.5864605903625488,0,0
Frustrated,0,0.5109750032424927,0.5844615697860718,0,0,0,0,0,0,0,0,0,0,0,0,0,0,0.21916308999061584,0.22413907945156097,0.44188499450683594,0.5170315504074097,0,0,0,0,0.19184763729572296,0,0,0,0,0,0,0,0,0.12275469303131104,0.11545272171497345,0,0,0,0,0,0.28316667675971985,0,0,0.5077142119407654,0.6147924661636353,0,0,0.21397580206394196,0.5500398874282837,0,0
Frustrated,0,0.5319994688034058,0.6092451810836792,0,0,0,0,0,0,0,0,0,0,0,0.12099424004554749,0.1062413901090622,0,0.22707533836364746,0.24341981112957,0.430696576833725,0.5469423532485962,0,0,0,0,0.16930381953716278,0,0,0,0,0,0,0,0,0.14097057282924652,0.13871224224567413,0,0,0,0,0,0.24818362295627594,0,0,0.49099305272102356,0.5830284357070923,0,0,0.27967730164527893,0.6182370185852051,0,0
Frustrated,0,0.6337480545043945,0.6970118284225464,0,0,0,0,0,0,0,0,0,0,0,0.1271854043006897,0.11105486750602722,0,0.15945187211036682,0.16960175335407257,0.4221068024635315,0.5524122714996338,0,0,0,0,0.17284557223320007,0,0,0,0,0,0,0,0,0.14385579526424408,0.13996317982673645,0,0,0,0,0,0.19593214988708496,0,0,0.4791680872440338,0.5825613737106323,0,0,0.22192612290382385,0.5589402914047241,0,0
Frustrated,0,0.6303679347038269,0.6785074472427368,0,0,0,0,0,0,0,0,0,0,0,0.10883483290672302,0,0,0.18653856217861176,0.20429429411888123,0.4079664349555969,0.554040789604187,0,0,0,0,0.15852919220924377,0,0,0,0,0,0,0,0,0.13383352756500244,0.1167370155453682,0,0,0,0,0,0.21370737254619598,0,0,0.4599135220050812,0.5836028456687927,0,0,0.2811964452266693,0.6518656015396118,0,0
Frustrated,0,0.6106739044189453,0.6574974060058594,0,0,0,0,0,0,0,0,0,0,0,0.1413402557373047,0.12334282696247101,0,0.17136649787425995,0.18634752929210663,0.3815591633319855,0.5532193183898926,0,0,0,0,0.16871140897274017,0,0,0,0,0,0,0,0,0.16906191408634186,0.13981802761554718,0,0,0,0,0,0.20705190300941467,0,0,0.45767733454704285,0.5850414037704468,0,0,0.2577751874923706,0.6254884004592896,0,0
Frustrated,0,0.5913525223731995,0.6533541679382324,0,0,0,0,0,0,0,0,0,0,0,0.12998802959918976,0.11468705534934998,0,0.17589698731899261,0.18937800824642181,0.3915448486804962,0.5471539497375488,0,0,0,0,0.16850171983242035,0,0,0,0,0,0,0,0,0.15019312500953674,0.12963643670082092,0,0,0,0,0,0.2189963161945343,0,0,0.4686770439147949,0.5793272256851196,0,0,0.2637445032596588,0.6148215532302856,0,0
Frustrated,0,0.5699976086616516,0.6461004018783569,0,0,0,0,0,0,0,0,0,0,0,0.1297680139541626,0.11218864470720291,0,0.20845960080623627,0.23032182455062866,0.40275633335113525,0.5606558322906494,0,0,0,0,0.14808066189289093,0,0,0,0,0,0,0,0,0.16779328882694244,0.15586435794830322,0,0,0,0,0,0.19512879848480225,0,0,0.4869336783885956,0.572973370552063,0,0,0.2999778687953949,0.6245947480201721,0,0
Frustrated,0,0.5939667224884033,0.6497703790664673,0,0,0,0,0,0,0,0.10633858293294907,0,0,0,0.11231055110692978,0,0,0.19813919067382812,0.20862746238708496,0.4341288208961487,0.5443651676177979,0,0,0,0,0.16513437032699585,0,0,0,0,0,0,0,0,0.11739326268434525,0.11453597992658615,0,0,0,0,0,0.22356244921684265,0,0,0.5222552418708801,0.5949918031692505,0,0,0.25582394003868103,0.5835962295532227,0,0
Frustrated,0,0.6057541370391846,0.6702572703361511,0,0,0,0,0,0,0,0.10502272844314575,0,0,0,0.12743674218654633,0.11004599928855896,0,0.21336209774017334,0.22856217622756958,0.4504511058330536,0.5665974617004395,0,0,0,0,0.16099224984645844,0,0,0,0,0,0,0,0,0.11265068501234055,0.11888077110052109,0,0,0,0,0,0.21036610007286072,0,0,0.5186876058578491,0.5763307809829712,0,0,0.2543196976184845,0.5733457803726196,0,0
Frustrated,0,0.6310023069381714,0.6955411434173584,0,0,0,0,0,0,0,0,0,0,0,0.11822213977575302,0.1005115732550621,0,0.18944686651229858,0.2071760594844818,0.42445433139801025,0.5745140314102173,0,0,0,0,0.16691547632217407,0,0,0,0,0,0,0,0,0.12046781927347183,0.11074740439653397,0,0,0,0,0,0.19424091279506683,0,0,0.5089476108551025,0.6154518127441406,0,0,0.24626494944095612,0.5916725397109985,0,0
Frustrated,0,0.609727144241333,0.6670068502426147,0,0,0,0,0,0,0.10485681146383286,0.10690032690763474,0,0,0,0.14489290118217468,0.12824450433254242,0,0.2125934362411499,0.23412159085273743,0.4306785762310028,0.5705962181091309,0,0,0,0,0.1739243119955063,0,0,0,0,0,0,0,0,0.11955665051937103,0.1062375009059906,0,0,0,0,0,0.23142856359481812,0,0,0.4950485825538635,0.5936247110366821,0,0,0.22876988351345062,0.5786395072937012,0,0
Frustrated,0,0.6492944955825806,0.6978682279586792,0,0,0,0,0,0,0,0,0,0,0,0.1137484461069107,0,0,0.18111462891101837,0.1955610066652298,0.42258283495903015,0.5616716146469116,0,0,0,0,0.16863982379436493,0,0,0,0,0,0,0,0,0.11728475987911224,0.10514047741889954,0,0,0,0,0,0.2010727971792221,0,0,0.49178779125213623,0.6008646488189697,0,0,0.23964421451091766,0.5927541255950928,0,0
Frustrated,0,0.6467517614364624,0.6931315064430237,0,0,0,0,0,0,0,0,0,0,0,0.11465088278055191,0,0,0.17208391427993774,0.1831631064414978,0.4370407462120056,0.571007490158081,0,0,0,0,0.14975415170192719,0,0,0,0,0,0,0,0,0.12428180873394012,0.10878986865282059,0,0,0,0,0,0.18854069709777832,0,0,0.47907522320747375,0.5816916227340698,0,0,0.2528088688850403,0.6118223667144775,0,0
Frustrated,0,0.6250993013381958,0.6830356121063232,0,0,0,0,0,0,0,0,0,0,0,0.12246862053871155,0.1050628051161766,0,0.20480464398860931,0.2289947122335434,0.43020668625831604,0.593472421169281,0,0,0,0,0.17057356238365173,0,0,0,0,0,0,0,0,0.1174728274345398,0.10767164081335068,0,0,0,0,0,0.21508584916591644,0,0,0.5116931200027466,0.6000581979751587,0,0,0.24733468890190125,0.5886441469192505,0,0
Frustrated,0,0.5352692008018494,0.6229053139686584,0,0,0,0,0,0,0,0.10395733267068863,0,0,0,0.12044008821249008,0.10227099061012268,0,0.2331516593694687,0.25162553787231445,0.4576669931411743,0.5923631191253662,0,0,0,0,0.15370064973831177,0,0,0,0,0,0,0,0,0.14430825412273407,0.12994588911533356,0,0,0,0,0,0.23583625257015228,0,0,0.5062132477760315,0.5995330214500427,0,0,0.27043846249580383,0.6085770130157471,0,0
Frustrated,0,0.523790717124939,0.6175448894500732,0,0,0,0,0,0,0.11264403164386749,0.11501968652009964,0,0,0,0.1285538673400879,0.11227641999721527,0,0.20084694027900696,0.2132529616355896,0.4773534834384918,0.5665598511695862,0,0,0,0,0.1811760663986206,0,0,0,0,0,0,0,0,0.14004956185817719,0.13725917041301727,0,0,0,0,0,0.3150288164615631,0,0,0.4986204504966736,0.5829440355300903,0,0,0.24630407989025116,0.5773855447769165,0,0
Frustrated,0,0.5571905970573425,0.6342892646789551,0,0,0,0,0,0,0.10102344304323196,0.10577893257141113,0,0,0,0.13745859265327454,0.12253544479608536,0,0.21092717349529266,0.22998282313346863,0.4388280212879181,0.5605499744415283,0,0,0,0,0.17710064351558685,0,0,0,0,0,0,0,0,0.13950611650943756,0.1385301649570465,0,0,0,0,0,0.28929030895233154,0,0,0.49938827753067017,0.5589120388031006,0,0,0.22976592183113098,0.5530255436897278,0,0
Frustrated,0,0.6292668581008911,0.6826497316360474,0,0,0,0,0,0,0,0,0,0,0,0.12585394084453583,0.1091504916548729,0,0.1946582794189453,0.209400475025177,0.44720590114593506,0.5679944157600403,0,0,0,0,0.16786496341228485,0,0,0,0,0,0,0,0,0.15496696531772614,0.15279211103916168,0,0,0,0,0,0.21292375028133392,0,0,0.509115993976593,0.610716700553894,0,0,0.3046579957008362,0.6556284427642822,0,0
Frustrated,0,0.6333239078521729,0.684039831161499,0,0,0,0,0,0,0,0,0,0,0,0,0,0,0.1890885829925537,0.2003493756055832,0.47592324018478394,0.5801073312759399,0,0,0,0,0.17827172577381134,0,0,0,0,0,0,0,0,0.12018430978059769,0.12801127135753632,0,0,0,0,0,0.2654327154159546,0,0,0.5320769548416138,0.6041560173034668,0,0,0.2896539866924286,0.6047040224075317,0,0
Frustrated,0,0.6424668431282043,0.685202419757843,0,0,0,0,0,0,0,0,0,0,0,0.10079880058765411,0,0,0.1803155243396759,0.1954762190580368,0.4319131672382355,0.5474207997322083,0,0,0,0,0.14659664034843445,0,0,0,0,0,0,0,0,0.1288021057844162,0.11459605395793915,0,0,0,0,0,0.17967064678668976,0,0,0.4909572899341583,0.6046719551086426,0,0,0.2788033187389374,0.6158993244171143,0,0
Frustrated,0,0.6394697427749634,0.6720772981643677,0,0,0,0,0,0,0,0,0,0,0,0.10441894084215164,0,0,0.150125190615654,0.15555524826049805,0.4193606674671173,0.5342057943344116,0,0,0,0,0.16150876879692078,0,0,0,0,0,0,0,0,0.13865068554878235,0.1225685253739357,0,0,0,0,0,0.18393085896968842,0,0,0.49822998046875,0.6239277124404907,0,0,0.2567881941795349,0.6173440217971802,0,0
Frustrated,0,0.6439535021781921,0.6866363286972046,0,0,0,0,0,0,0,0,0,0,0,0.13618510961532593,0.12218966335058212,0,0.1616775393486023,0.1724332571029663,0.4157211184501648,0.5542970895767212,0,0,0,0,0.16427598893642426,0,0,0,0,0,0,0,0,0.1285775601863861,0.11253250390291214,0,0,0,0,0,0.21106025576591492,0,0,0.4926646947860718,0.6104018688201904,0,0,0.2595333456993103,0.617592453956604,0,0
Frustrated,0,0.6155239343643188,0.6669782400131226,0,0,0,0,0,0,0,0,0,0,0,0.13482849299907684,0.12054663896560669,0,0.1956605315208435,0.21154944598674774,0.42104294896125793,0.5491145849227905,0,0,0,0,0.14833013713359833,0,0,0,0,0,0,0,0,0.12532494962215424,0.11933770775794983,0,0,0,0,0,0.20562073588371277,0,0,0.503462016582489,0.572487473487854,0,0,0.25995081663131714,0.5914126038551331,0,0
Frustrated,0,0.6461045742034912,0.6865895986557007,0,0,0,0,0,0,0,0,0,0,0,0.13951373100280762,0.12534703314304352,0,0.1949339061975479,0.21069996058940887,0.43874481320381165,0.5668778419494629,0,0,0,0,0.1639890819787979,0,0,0,0,0,0,0,0,0.120252326130867,0.1110919937491417,0,0,0,0,0,0.2177099585533142,0,0,0.49077048897743225,0.5775398015975952,0,0,0.2676578760147095,0.6124014854431152,0,0
Frustrated,0,0.6034277677536011,0.6670408844947815,0,0,0,0,0,0,0,0.10054148733615875,0,0,0,0.13106349110603333,0.11493752151727676,0,0.19660869240760803,0.21214410662651062,0.43587660789489746,0.5761102437973022,0,0,0,0,0.16456393897533417,0,0,0,0,0,0,0,0,0.1330760419368744,0.12769614160060883,0,0,0,0,0,0.2580156922340393,0,0,0.5011312961578369,0.5892077684402466,0,0,0.2659357190132141,0.6172411441802979,0,0
Frustrated,0,0.5918429493904114,0.6561405658721924,0,0,0,0,0,0,0.10144529491662979,0.10403222590684891,0,0,0,0.13579204678535461,0.1191694512963295,0,0.19215959310531616,0.20908619463443756,0.4352942109107971,0.568588376045227,0,0,0,0,0.15762904286384583,0,0,0,0,0,0,0,0,0.1324869990348816,0.12218450754880905,0,0,0,0,0,0.23981338739395142,0,0,0.4824732542037964,0.567915678024292,0,0,0.2702901363372803,0.6220362186431885,0,0
Frustrated,0,0.6024158000946045,0.6685740947723389,0,0,0,0,0,0,0.10591700673103333,0.1096329540014267,0,0,0,0.15256918966770172,0.13788963854312897,0,0.21773004531860352,0.23617178201675415,0.4659099578857422,0.5714102387428284,0,0,0,0,0.17624031007289886,0,0,0,0,0,0,0,0,0.12246561795473099,0.1177079826593399,0,0,0,0,0,0.2608911395072937,0,0,0.5016634464263916,0.5889380574226379,0,0,0.26558127999305725,0.6020714640617371,0,0
Frustrated,0,0.5927830934524536,0.666460394859314,0,0,0,0,0,0,0,0,0,0,0,0.10650131851434708,0,0,0.1935356855392456,0.21219027042388916,0.44725659489631653,0.5732041001319885,0,0,0,0,0.20700620114803314,0,0,0,0,0,0,0,0,0.10579883307218552,0.11121862381696701,0,0,0,0,0,0.2602033019065857,0,0,0.5405173301696777,0.6176111698150635,0,0,0.21778643131256104,0.5279048681259155,0,0
Frustrated,0,0.5609052181243896,0.6382508277893066,0,0,0,0,0,0,0.10155297815799713,0.11376278102397919,0,0,0,0.15012770891189575,0.1355287879705429,0,0.20505011081695557,0.2174147218465805,0.4465298652648926,0.5633307695388794,0,0,0,0,0.16094644367694855,0,0,0,0,0,0,0,0,0.1331355720758438,0.12769243121147156,0,0,0,0,0,0.27193644642829895,0,0,0.4715702533721924,0.5615531206130981,0,0,0.27007046341896057,0.6214208602905273,0,0
Frustrated,0,0.6169146299362183,0.6676622629165649,0,0,0,0,0,0,0,0.1018979549407959,0,0,0,0.1448376476764679,0.13025222718715668,0,0.18539366126060486,0.19639265537261963,0.4489644169807434,0.5668807625770569,0,0,0,0,0.16462378203868866,0,0,0,0,0,0,0,0,0.1310371458530426,0.12464454025030136,0,0,0,0,0,0.24378974735736847,0,0,0.4743988811969757,0.568949818611145,0,0,0.27192115783691406,0.6235558986663818,0,0
Frustrated,0,0.5929406881332397,0.6545978784561157,0,0,0,0,0,0,0,0.10851451009511948,0,0,0,0.1471981555223465,0.1332940012216568,0,0.21197451651096344,0.22103139758110046,0.4857209324836731,0.5621487498283386,0,0,0,0,0.1747405081987381,0,0,0,0,0,0,0,0,0.12924730777740479,0.12152644246816635,0,0,0,0,0,0.2686552107334137,0,0,0.5022445917129517,0.5926898121833801,0,0,0.23580096662044525,0.5806548595428467,0,0
Frustrated,0,0.6164699792861938,0.6787632703781128,0,0,0,0,0,0,0,0.10204529017210007,0,0,0,0.14947089552879333,0.13439776003360748,0,0.1785484403371811,0.19048358500003815,0.44608035683631897,0.5695614814758301,0,0,0,0,0.17700393497943878,0,0,0,0,0,0,0,0,0.1166578084230423,0.10592827200889587,0,0,0,0,0,0.2357412874698639,0,0,0.4944065511226654,0.6018437743186951,0,0,0.23981229960918427,0.6050342917442322,0,0
Frustrated,0,0.5264058113098145,0.6067348122596741,0,0,0,0,0,0,0,0.11284500360488892,0,0,0,0.12608039379119873,0.10600589215755463,0,0.24079729616641998,0.2547750174999237,0.4662764072418213,0.5738956332206726,0,0,0,0,0.18826225399971008,0,0,0,0,0,0,0,0,0.1347731649875641,0.13417109847068787,0,0,0,0,0,0.2954094111919403,0,0,0.5263404846191406,0.6343502998352051,0,0,0.2545369565486908,0.5991519093513489,0,0
Frustrated,0,0.5315361022949219,0.6151747703552246,0,0,0,0,0,0,0,0.11273878067731857,0,0,0,0.13638223707675934,0.11737893521785736,0,0.24933652579784393,0.2570491433143616,0.5029511451721191,0.5493592023849487,0,0,0,0,0.196733295917511,0,0,0,0,0,0,0,0,0.1396052986383438,0.13965453207492828,0,0,0,0,0,0.300555944442749,0,0,0.5189470052719116,0.6076229810714722,0,0,0.19519659876823425,0.5126217603683472,0,0
Frustrated,0,0.5835520029067993,0.6607617735862732,0,0,0,0,0,0,0,0.10517352819442749,0,0,0,0.14698514342308044,0.1325213760137558,0,0.2103041112422943,0.2286054641008377,0.44767630100250244,0.5821369886398315,0,0,0,0,0.18652935326099396,0,0,0,0,0,0,0,0,0.11975404620170593,0.11675014346837997,0,0,0,0,0,0.27890345454216003,0,0,0.5077558755874634,0.6009916663169861,0,0,0.2199994921684265,0.5548144578933716,0,0
Frustrated,0,0.6185723543167114,0.662969708442688,0,0,0,0,0,0,0,0.1063561663031578,0,0,0,0.15405476093292236,0.1401694416999817,0,0.18154838681221008,0.1903708130121231,0.43890124559402466,0.5601745843887329,0,0,0,0,0.16044393181800842,0,0,0,0,0,0,0,0,0.15014950931072235,0.1332412213087082,0,0,0,0,0,0.22547289729118347,0,0,0.4513370990753174,0.5584931373596191,0,0,0.2542887032032013,0.6221567392349243,0,0
Frustrated,0,0.6180731058120728,0.669182300567627,0,0,0,0,0,0,0,0,0,0,0,0.13779619336128235,0.122219517827034,0,0.17446492612361908,0.1851234883069992,0.4182394742965698,0.5581763982772827,0,0,0,0,0.17088347673416138,0,0,0,0,0,0,0,0,0.1424756497144699,0.12525857985019684,0,0,0,0,0,0.22456800937652588,0,0,0.4716768264770508,0.5992230176925659,0,0,0.2617630660533905,0.6362165212631226,0,0
Frustrated,0,0.605010449886322,0.6620470285415649,0,0,0,0,0,0,0,0.10109971463680267,0,0,0,0.14586535096168518,0.13204385340213776,0,0.1852714866399765,0.19716376066207886,0.4252241551876068,0.5596554279327393,0,0,0,0,0.17136871814727783,0,0,0,0,0,0,0,0,0.14283588528633118,0.12643781304359436,0,0,0,0,0,0.23655399680137634,0,0,0.47129809856414795,0.5829417705535889,0,0,0.2571379542350769,0.6150798797607422,0,0
Frustrated,0,0.661210298538208,0.7012518644332886,0,0,0,0,0,0,0,0,0,0,0,0,0,0,0.17414049804210663,0.17788949608802795,0.4852081537246704,0.5286956429481506,0,0,0,0,0.20831719040870667,0,0,0,0,0,0,0,0,0.11748474836349487,0.15155765414237976,0,0,0,0,0,0.2627938389778137,0,0,0.6133443117141724,0.6353731155395508,0,0,0.2099553793668747,0.4724067151546478,0,0
Frustrated,0,0.6520663499832153,0.6998692154884338,0,0,0,0,0,0,0,0,0,0,0,0.10154932737350464,0,0,0.1616172045469284,0.17497017979621887,0.4160419702529907,0.5703836679458618,0,0,0,0,0.1416924148797989,0,0,0,0,0,0,0,0,0.1336900293827057,0.12281978130340576,0,0,0,0,0,0.17043960094451904,0,0,0.4646448493003845,0.5883808135986328,0,0,0.26327791810035706,0.6265920400619507,0,0
Frustrated,0,0.6311815977096558,0.6827031373977661,0,0,0,0,0,0,0,0,0,0,0,0.11724758893251419,0,0,0.18856102228164673,0.20199988782405853,0.4582083821296692,0.571298360824585,0,0,0,0,0.17498601973056793,0,0,0,0,0,0,0,0,0.11668296158313751,0.11007489264011383,0,0,0,0,0,0.22893571853637695,0,0,0.5166956186294556,0.6279568076133728,0,0,0.24487245082855225,0.5910797119140625,0,0
Frustrated,0,0.627179741859436,0.67967689037323,0,0,0,0,0,0,0,0,0,0,0,0.12877461314201355,0.11077118664979935,0,0.17925621569156647,0.18947917222976685,0.4474707841873169,0.5677404403686523,0,0,0,0,0.15322169661521912,0,0,0,0,0,0,0,0,0.15131203830242157,0.14551280438899994,0,0,0,0,0,0.24100953340530396,0,0,0.5022177696228027,0.601617157459259,0,0,0.27475255727767944,0.6272544264793396,0,0
Frustrated,0,0.5527679920196533,0.6351853609085083,0,0,0,0,0,0,0,0.11271383613348007,0,0,0,0.12660668790340424,0.10885393619537354,0,0.2197573035955429,0.2278432995080948,0.4912962317466736,0.5527111291885376,0,0,0,0,0.18875017762184143,0,0,0,0,0,0,0,0,0.10949704796075821,0.1144896149635315,0,0,0,0,0,0.2855028510093689,0,0,0.5403839349746704,0.6347995400428772,0,0,0.24243029952049255,0.5919583439826965,0,0
Frustrated,0,0.5622318387031555,0.6495487093925476,0,0,0,0,0,0,0.10078088939189911,0.10447967797517776,0,0,0,0.126753568649292,0.10726283490657806,0,0.2208176553249359,0.2371867299079895,0.4815308153629303,0.5862441062927246,0,0,0,0,0.1909148246049881,0,0,0,0,0,0,0,0,0.12251715362071991,0.12318333238363266,0,0,0,0,0,0.26971063017845154,0,0,0.5526421070098877,0.6453650593757629,0,0,0.23394349217414856,0.5713416337966919,0,0
Frustrated,0,0.6524953842163086,0.6984666585922241,0,0,0,0,0,0,0,0,0,0,0,0,0,0,0.1879051774740219,0.19345079362392426,0.5024067163467407,0.5473790168762207,0,0,0,0,0.15907065570354462,0,0,0,0,0,0,0,0,0.12627799808979034,0.12352725118398666,0,0,0,0,0,0.23815098404884338,0,0,0.5349339246749878,0.6342368125915527,0,0,0.2800072133541107,0.630372941493988,0,0
Frustrated,0,0.6340230703353882,0.690248966217041,0,0,0,0,0,0,0,0,0,0,0,0.12767276167869568,0.11093977838754654,0,0.18731917440891266,0.2016410231590271,0.4689677357673645,0.571550726890564,0,0,0,0,0.16750599443912506,0,0,0,0,0,0,0,0,0.11915101855993271,0.10922496020793915,0,0,0,0,0,0.21801184117794037,0,0,0.5261390209197998,0.6224265694618225,0,0,0.2537359297275543,0.5940477848052979,0,0
Frustrated,0,0.6383122205734253,0.6904691457748413,0,0,0,0,0,0,0,0,0,0,0,0.13248379528522491,0.11627808958292007,0,0.18686653673648834,0.20301932096481323,0.4460288882255554,0.5717369914054871,0,0,0,0,0.17050901055335999,0,0,0,0,0,0,0,0,0.12249039113521576,0.1086338609457016,0,0,0,0,0,0.21632416546344757,0,0,0.5160149335861206,0.6254435777664185,0,0,0.24274858832359314,0.5994066596031189,0,0
Frustrated,0,0.64155113697052,0.6970869302749634,0,0,0,0,0,0,0,0,0,0,0,0.14586122334003448,0.13209937512874603,0,0.19400639832019806,0.21012118458747864,0.42950451374053955,0.5743973255157471,0,0,0,0,0.174812912940979,0,0,0,0,0,0,0,0,0.11615340411663055,0.10310091078281403,0,0,0,0,0,0.2190255969762802,0,0,0.51485675573349,0.6213433742523193,0,0,0.23088966310024261,0.5732505321502686,0,0
Frustrated,0,0.6238520741462708,0.6809585094451904,0,0,0,0,0,0,0,0,0,0,0,0.14797402918338776,0.1342156082391739,0,0.20005375146865845,0.2183099240064621,0.4348790645599365,0.572407066822052,0,0,0,0,0.17533665895462036,0,0,0,0,0,0,0,0,0.11125072836875916,0.10297686606645584,0,0,0,0,0,0.22445280849933624,0,0,0.5254092216491699,0.6214225888252258,0,0,0.23890060186386108,0.581885814666748,0,0
Frustrated,0,0.5685272216796875,0.6512711048126221,0,0,0,0,0,0,0.11337537318468094,0.110354483127594,0,0,0,0.1265598088502884,0.11081118136644363,0,0.24187877774238586,0.2649371325969696,0.4749300479888916,0.591982901096344,0,0,0,0,0.19997340440750122,0,0,0,0,0,0,0,0,0.12321670353412628,0.12377730011940002,0,0,0,0,0,0.3206169009208679,0,0,0.5456280708312988,0.6373672485351562,0,0,0.21240150928497314,0.5447043776512146,0,0
Frustrated,0,0.5766069889068604,0.6471095085144043,0,0,0,0,0,0,0.11402013152837753,0.10808488726615906,0,0,0,0.13061390817165375,0.11441569775342941,0,0.22135598957538605,0.24301324784755707,0.47237783670425415,0.5854306221008301,0,0,0,0,0.16304197907447815,0,0,0,0,0,0,0,0,0.13213633000850677,0.1293795257806778,0,0,0,0,0,0.24558192491531372,0,0,0.5125955939292908,0.5872678756713867,0,0,0.2563076317310333,0.5869132280349731,0,0
Frustrated,0,0.5880340933799744,0.6585417985916138,0,0,0,0,0,0,0.11509829759597778,0.10853563994169235,0,0,0,0.13302575051784515,0.11637493222951889,0,0.2085917741060257,0.22995534539222717,0.4671882390975952,0.5782841444015503,0,0,0,0,0.17123177647590637,0,0,0,0,0,0,0,0,0.12686596810817719,0.12519590556621552,0,0,0,0,0,0.2541232407093048,0,0,0.5119109153747559,0.5905677080154419,0,0,0.24391323328018188,0.5726392865180969,0,0
Frustrated,0,0.5580869913101196,0.6466244459152222,0,0,0,0,0,0,0.11053039133548737,0.11490543931722641,0,0,0,0.13317634165287018,0.11743254214525223,0,0.23661988973617554,0.2597183287143707,0.47982287406921387,0.5845732092857361,0,0,0,0,0.18673954904079437,0,0,0,0,0,0,0,0,0.13000471889972687,0.13050048053264618,0,0,0,0,0,0.27326634526252747,0,0,0.521161675453186,0.607108473777771,0,0,0.23833130300045013,0.5739825367927551,0,0
Frustrated,0,0.5829968452453613,0.6495089530944824,0,0,0,0,0,0,0.10929585993289948,0.10756301134824753,0,0,0,0.14446820318698883,0.12924227118492126,0,0.20414553582668304,0.2235359102487564,0.45129135251045227,0.5638847351074219,0,0,0,0,0.17475204169750214,0,0,0,0,0,0,0,0,0.12263529747724533,0.11745849251747131,0,0,0,0,0,0.24386173486709595,0,0,0.49608585238456726,0.5820326805114746,0,0,0.27059465646743774,0.6113581657409668,0,0
Frustrated,0,0.619218111038208,0.6686787605285645,0,0,0,0,0,0,0,0,0,0,0,0.1466008871793747,0.13173754513263702,0,0.1780620515346527,0.19392752647399902,0.41994062066078186,0.5648108124732971,0,0,0,0,0.1633184403181076,0,0,0,0,0,0,0,0,0.13083016872406006,0.12179768085479736,0,0,0,0,0,0.23881815373897552,0,0,0.4879109859466553,0.5798500776290894,0,0,0.271333783864975,0.6142888069152832,0,0
Frustrated,0,0.6318618059158325,0.689034104347229,0,0,0,0,0,0,0,0,0,0,0,0.1394777148962021,0.12458468228578568,0,0.18777187168598175,0.20601506531238556,0.44878143072128296,0.585273027420044,0,0,0,0,0.1765073537826538,0,0,0,0,0,0,0,0,0.1155848577618599,0.11246895045042038,0,0,0,0,0,0.23184263706207275,0,0,0.5165839195251465,0.6116938591003418,0,0,0.24885469675064087,0.5922536849975586,0,0
Frustrated,0,0.6161563992500305,0.6762815713882446,0,0,0,0,0,0,0,0,0,0,0,0.14428777992725372,0.12874212861061096,0,0.19309009611606598,0.21138699352741241,0.45247113704681396,0.5819543600082397,0,0,0,0,0.16971375048160553,0,0,0,0,0,0,0,0,0.1193016767501831,0.11700171232223511,0,0,0,0,0,0.24178044497966766,0,0,0.5204041004180908,0.6085439920425415,0,0,0.2670399248600006,0.6086267828941345,0,0
Frustrated,0,0.5737535953521729,0.6482654809951782,0,0,0,0,0,0,0,0.1077003926038742,0,0,0,0.11026860773563385,0,0,0.20889683067798615,0.2213013470172882,0.45318716764450073,0.571558952331543,0,0,0,0,0.17480693757534027,0,0,0,0,0,0,0,0,0.12273791432380676,0.12912067770957947,0,0,0,0,0,0.24948041141033173,0,0,0.5590236783027649,0.6309382915496826,0,0,0.26864758133888245,0.6000642776489258,0,0
Frustrated,0,0.6227313280105591,0.6830723285675049,0,0,0,0,0,0,0,0,0,0,0,0.12810900807380676,0.11164042353630066,0,0.18628861010074615,0.20431087911128998,0.4426611065864563,0.5746732950210571,0,0,0,0,0.17430026829242706,0,0,0,0,0,0,0,0,0.12071992456912994,0.12208090722560883,0,0,0,0,0,0.22496524453163147,0,0,0.530105710029602,0.6140528917312622,0,0,0.2550593912601471,0.5952101945877075,0,0
Frustrated,0,0.5993792414665222,0.6646226644515991,0,0,0,0,0,0,0,0.1007186621427536,0,0,0,0.1301376223564148,0.1158616915345192,0,0.19345787167549133,0.21090376377105713,0.4429032504558563,0.5687915086746216,0,0,0,0,0.17688573896884918,0,0,0,0,0,0,0,0,0.10523159801959991,0.10256429016590118,0,0,0,0,0,0.23834078013896942,0,0,0.5299292802810669,0.6250385642051697,0,0,0.25431713461875916,0.6230694055557251,0,0
Frustrated,0,0.5993618965148926,0.6671875715255737,0,0,0,0,0,0,0,0.10802950710058212,0,0,0,0.13010703027248383,0.11571439355611801,0,0.21576502919197083,0.22771848738193512,0.4737839102745056,0.5604792237281799,0,0,0,0,0.1799328327178955,0,0,0,0,0,0,0,0,0,0,0,0,0,0,0,0.2559141218662262,0,0,0.5418516397476196,0.630363941192627,0,0,0.2509489357471466,0.5933340191841125,0,0
Frustrated,0,0.527608335018158,0.6118652820587158,0,0,0,0,0,0,0.10014023631811142,0.11826343834400177,0,0,0,0.13152045011520386,0.11500862240791321,0,0.2469780147075653,0.25948384404182434,0.5062862634658813,0.5681604146957397,0,0,0,0,0.20211093127727509,0,0,0,0,0,0,0,0,0,0.10447053611278534,0,0,0,0,0,0.3059067130088806,0,0,0.5565398931503296,0.63665372133255,0,0,0.21579284965991974,0.5281956791877747,0,0
Frustrated,0,0.4655361771583557,0.5764824748039246,0,0,0,0,0,0,0,0.10766711831092834,0,0,0,0.10410189628601074,0,0,0.25385501980781555,0.2745917737483978,0.4435349404811859,0.5855578780174255,0,0,0,0,0.18321530520915985,0,0,0,0,0,0,0,0,0.10648453235626221,0.11676819622516632,0,0,0,0,0,0.33048301935195923,0,0,0.5389809608459473,0.622147798538208,0,0,0.2046777606010437,0.5201268792152405,0,0
Frustrated,0,0.560019850730896,0.6415714621543884,0,0,0,0,0,0,0,0,0,0,0,0.13440735638141632,0.12054198235273361,0,0.20725886523723602,0.22753342986106873,0.42485055327415466,0.5669469833374023,0,0,0,0,0.1751302033662796,0,0,0,0,0,0,0,0,0.12533797323703766,0.1318790763616562,0,0,0,0,0,0.28269365429878235,0,0,0.5133585929870605,0.5934392809867859,0,0,0.26443472504615784,0.5804855823516846,0,0
Frustrated,0,0.6072016358375549,0.6708498001098633,0,0,0,0,0,0,0,0,0,0,0,0.11053834110498428,0,0,0.20501114428043365,0.2273847907781601,0.4462939202785492,0.5743312835693359,0,0,0,0,0.18322253227233887,0,0,0,0,0,0,0,0,0.13582095503807068,0.10993834584951401,0,0,0,0,0,0.28287526965141296,0,0,0.49016091227531433,0.5744348764419556,0.11292359232902527,0,0.27133435010910034,0.5358589291572571,0,0
Frustrated,0,0.7038120031356812,0.7474599480628967,0,0,0,0,0,0,0,0,0,0,0,0,0,0,0.13993293046951294,0.1450691819190979,0.44907262921333313,0.5442246198654175,0,0,0,0,0.19272729754447937,0,0,0,0,0,0,0,0,0.1250501573085785,0.15679509937763214,0,0,0,0,0,0.22115318477153778,0,0,0.6195986270904541,0.7110601663589478,0,0,0.2626747488975525,0.5778850317001343,0,0
Frustrated,0,0.685579240322113,0.7249512076377869,0,0,0,0,0,0,0,0,0,0,0,0.11516901850700378,0,0,0.15787436068058014,0.1675654798746109,0.45132210850715637,0.5730811953544617,0,0,0,0,0.15730412304401398,0,0,0,0,0,0,0,0,0.12464027851819992,0.12355218827724457,0,0,0,0,0,0.2177160531282425,0,0,0.4896487593650818,0.6111846566200256,0,0,0.24806171655654907,0.606205940246582,0,0
Frustrated,0,0.5995187759399414,0.6482501029968262,0,0,0,0,0,0,0,0,0,0,0,0.12406787276268005,0.1058138981461525,0,0.14859332144260406,0.14720018208026886,0.4456368684768677,0.5356616973876953,0,0,0,0,0.17273858189582825,0,0,0,0,0,0,0,0,0.17195957899093628,0.16514572501182556,0,0,0,0,0,0.22765831649303436,0,0,0.5179757475852966,0.6315289735794067,0,0,0.2654417157173157,0.6196569204330444,0,0
Frustrated,0,0.5930205583572388,0.6441434025764465,0,0,0,0,0,0,0,0,0,0,0,0.12704133987426758,0.10871123522520065,0,0.1635027527809143,0.1710108518600464,0.42222946882247925,0.5664967894554138,0,0,0,0,0.15341661870479584,0,0,0,0,0,0,0,0,0.12047863751649857,0.10921654850244522,0,0,0,0,0,0.18711037933826447,0,0,0.5324417352676392,0.6501181721687317,0,0,0.28369319438934326,0.597352921962738,0,0
Frustrated,0,0.5143564939498901,0.6106675863265991,0,0,0,0,0,0,0.10084622353315353,0.10716215521097183,0,0,0,0.1236664280295372,0.10529237985610962,0,0.2567121088504791,0.2744986414909363,0.5043065547943115,0.5932348966598511,0,0,0,0,0.19512154161930084,0,0,0,0,0,0,0,0,0.12924683094024658,0.13265056908130646,0,0,0,0,0,0.29350611567497253,0,0,0.5528092384338379,0.6581733226776123,0,0,0.2650098502635956,0.6198142766952515,0,0
Frustrated,0,0.606743335723877,0.6755433082580566,0,0,0,0,0,0,0.10093256086111069,0.10341691225767136,0,0,0,0.14293161034584045,0.12647724151611328,0,0.20942886173725128,0.23335367441177368,0.4454755485057831,0.5932554006576538,0,0,0,0,0.18105749785900116,0,0,0,0,0,0,0,0,0.10883745551109314,0.1075347512960434,0,0,0,0,0,0.23601847887039185,0,0,0.5436983704566956,0.6272381544113159,0,0,0.26112425327301025,0.5886482000350952,0,0
Frustrated,0,0.604630708694458,0.6603299379348755,0,0,0,0,0,0,0.10716221481561661,0.10470757633447647,0,0,0,0.14020131528377533,0.12383375316858292,0,0.21295760571956635,0.23435699939727783,0.4511306881904602,0.5852677822113037,0,0,0,0,0.18447087705135345,0,0,0,0,0,0,0,0,0.11808609217405319,0.11752013862133026,0,0,0,0,0,0.24177974462509155,0,0,0.5264078378677368,0.5983591079711914,0,0,0.2580706477165222,0.5797772407531738,0,0
Frustrated,0,0.5953931212425232,0.6599768400192261,0,0,0,0,0,0,0.10226096212863922,0.10262948274612427,0,0,0,0.14462603628635406,0.13035757839679718,0,0.19169841706752777,0.20822079479694366,0.445383757352829,0.5692371726036072,0,0,0,0,0.18879961967468262,0,0,0,0,0,0,0,0,0.11848900467157364,0.11512482166290283,0,0,0,0,0,0.2413102090358734,0,0,0.5215741395950317,0.5984556078910828,0,0,0.25252771377563477,0.5724062919616699,0,0
Frustrated,0,0.6031005382537842,0.663794755935669,0,0,0,0,0,0,0.10099554061889648,0.11049764603376389,0,0,0,0.12550455331802368,0.1090390682220459,0,0.18623565137386322,0.20121505856513977,0.4468483030796051,0.5815999507904053,0,0,0,0,0.19520558416843414,0,0,0,0,0,0,0,0,0.11215438693761826,0.10417139530181885,0,0,0,0,0,0.24257515370845795,0,0,0.5199661254882812,0.6029290556907654,0,0,0.25285544991493225,0.5765973925590515,0,0
Frustrated,0,0.5884349346160889,0.6541934013366699,0,0,0,0,0,0,0,0.1109912171959877,0,0,0,0.13363133370876312,0.117578886449337,0,0.20204181969165802,0.214468851685524,0.43774518370628357,0.5555616617202759,0,0,0,0,0.18467780947685242,0,0,0,0,0,0,0,0,0.10427499562501907,0,0,0,0,0,0,0.2454414665699005,0,0,0.5405220985412598,0.6220802068710327,0,0,0.23802857100963593,0.5672656297683716,0,0
Frustrated,0,0.6003842353820801,0.6680670976638794,0,0,0,0,0,0,0,0,0,0,0,0.14340418577194214,0.12724465131759644,0,0.20736822485923767,0.2175408899784088,0.42960911989212036,0.5528661608695984,0,0,0,0,0.18084532022476196,0,0,0,0,0,0,0,0,0.1413080245256424,0.12873585522174835,0,0,0,0,0,0.26190701127052307,0,0,0.514844536781311,0.6255420446395874,0,0,0.24957436323165894,0.6094086170196533,0,0
Frustrated,0,0.667786717414856,0.7129478454589844,0,0,0,0,0,0,0,0,0,0,0,0.10700221359729767,0,0,0.16407622396945953,0.17488053441047668,0.44278472661972046,0.566031277179718,0,0,0,0,0.17277617752552032,0,0,0,0,0,0,0,0,0.1271144151687622,0.13111966848373413,0,0,0,0,0,0.24446821212768555,0,0,0.5370984077453613,0.6148251295089722,0,0,0.22747698426246643,0.5445621609687805,0,0
Frustrated,0,0.651279091835022,0.6997658610343933,0,0,0,0,0,0,0,0,0,0,0,0.1126459464430809,0,0,0.15645574033260345,0.16661415994167328,0.45408475399017334,0.5760834217071533,0,0,0,0,0.1762678623199463,0,0,0,0,0,0,0,0,0.12687167525291443,0.12586760520935059,0,0,0,0,0,0.21739864349365234,0,0,0.5130399465560913,0.6120612621307373,0,0,0.2323213368654251,0.5710130333900452,0,0
Frustrated,0,0.6194074153900146,0.6763131618499756,0,0,0,0,0,0,0,0.1081157773733139,0,0,0,0.1220402643084526,0.10270297527313232,0,0.18219967186450958,0.20836876332759857,0.4420013725757599,0.6053599715232849,0,0,0,0,0.19796769320964813,0,0,0,0,0,0,0,0,0.10888636857271194,0.11045290529727936,0,0,0,0,0,0.28360387682914734,0,0,0.5506846904754639,0.6374648213386536,0,0,0.23951499164104462,0.585578441619873,0,0
Frustrated,0,0.5491390228271484,0.6276031136512756,0,0,0,0,0,0,0.10260515660047531,0.1080203577876091,0,0,0,0.12748375535011292,0.1108572855591774,0,0.2281237244606018,0.24833422899246216,0.46385127305984497,0.5572729110717773,0,0,0,0,0.20963531732559204,0,0,0,0,0,0,0,0,0,0,0,0,0,0,0,0.2796216905117035,0,0,0.5448989272117615,0.618811845779419,0,0,0.2145286500453949,0.5185204744338989,0,0
Frustrated,0,0.46651434898376465,0.57957923412323,0,0,0,0,0,0,0.10098917037248611,0.1186700388789177,0,0,0,0.11907236278057098,0.10169524699449539,0,0.27220994234085083,0.28537577390670776,0.512420654296875,0.5846105813980103,0,0,0,0,0.20584258437156677,0,0,0,0,0,0,0,0,0.1153668761253357,0.12385990470647812,0,0,0,0,0,0.3444078266620636,0,0,0.5607060194015503,0.6557639837265015,0,0,0.22274617850780487,0.5487655401229858,0,0
Frustrated,0,0.5580731630325317,0.6354820132255554,0,0,0,0,0,0,0,0,0,0,0,0.11183203756809235,0,0,0.21249303221702576,0.22932922840118408,0.46132248640060425,0.571044921875,0,0,0,0,0.18973512947559357,0,0,0,0,0,0,0,0,0.11048281937837601,0.11605571955442429,0,0,0,0,0,0.23763412237167358,0,0,0.5298097729682922,0.6102645397186279,0,0,0.25175729393959045,0.5674946308135986,0,0
Frustrated,0,0.5739020109176636,0.6423954963684082,0,0,0,0,0,0,0,0.10210361331701279,0,0,0,0.12431129813194275,0.10893493890762329,0,0.20593519508838654,0.21969850361347198,0.46649593114852905,0.5646520853042603,0,0,0,0,0.18083080649375916,0,0,0,0,0,0,0,0,0.12774719297885895,0.12732495367527008,0,0,0,0,0,0.2467772215604782,0,0,0.5137959718704224,0.6027457118034363,0,0,0.24655196070671082,0.5872452259063721,0,0
Frustrated,0,0.5362739562988281,0.6109192371368408,0,0,0,0,0,0,0,0.10364358872175217,0,0,0,0.12538737058639526,0.11162486672401428,0,0.20902393758296967,0.22176975011825562,0.4496985971927643,0.5644760131835938,0,0,0,0,0.171675443649292,0,0,0,0,0,0,0,0,0.13679756224155426,0.13865651190280914,0,0,0,0,0,0.250879168510437,0,0,0.4999240040779114,0.5852766036987305,0,0,0.2846914231777191,0.6177288293838501,0,0
Frustrated,0,0.5349315404891968,0.6170125007629395,0,0,0,0,0,0,0,0.1053745448589325,0,0,0,0.11799264699220657,0.1010679081082344,0,0.22075951099395752,0.23762637376785278,0.46305930614471436,0.5666358470916748,0,0,0,0,0.17032049596309662,0,0,0,0,0,0,0,0,0.1294824331998825,0.12999886274337769,0,0,0,0,0,0.29440954327583313,0,0,0.5123285055160522,0.602269172668457,0,0,0.26078328490257263,0.5839300155639648,0,0
Frustrated,0,0.5245960354804993,0.607332706451416,0,0,0,0,0,0,0,0.10584571212530136,0,0,0,0,0,0,0.21933665871620178,0.22773490846157074,0.48284903168678284,0.5463511943817139,0,0,0,0,0.18721850216388702,0,0,0,0,0,0,0,0,0.12802299857139587,0.12296907603740692,0,0,0,0,0,0.33593595027923584,0,0,0.5398741364479065,0.6445103287696838,0,0,0.2207644283771515,0.5364513397216797,0,0
Frustrated,0,0.508059024810791,0.5920021533966064,0,0,0,0,0,0,0,0,0,0,0,0.11332564055919647,0,0,0.20383231341838837,0.2151086926460266,0.4541385769844055,0.5436484813690186,0,0,0,0,0.16623926162719727,0,0,0,0,0,0,0,0,0.13235613703727722,0.13295339047908783,0,0,0,0,0,0.3092496395111084,0,0,0.5275822877883911,0.6227521896362305,0,0,0.2622494101524353,0.5889618396759033,0,0
Frustrated,0,0.5203331708908081,0.6021518111228943,0,0,0,0,0,0,0,0,0,0,0,0.13387171924114227,0.11760540306568146,0,0.19984422624111176,0.21588686108589172,0.44605007767677307,0.5763052701950073,0,0,0,0,0.16811813414096832,0,0,0,0,0,0,0,0,0.13238245248794556,0.1357203722000122,0,0,0,0,0,0.28651416301727295,0,0,0.5060617327690125,0.5971143245697021,0,0,0.2698124647140503,0.6114044189453125,0,0
Frustrated,0,0.5658596754074097,0.64594566822052,0,0,0,0,0,0,0,0,0,0,0,0.13461294770240784,0.11982538551092148,0,0.19316112995147705,0.2050967663526535,0.4246631860733032,0.5622950792312622,0,0,0,0,0.17604272067546844,0,0,0,0,0,0,0,0,0.12597531080245972,0.12186505645513535,0,0,0,0,0,0.2357763797044754,0,0,0.5100282430648804,0.6234220266342163,0,0,0.2792896628379822,0.6231980323791504,0,0
Frustrated,0,0.5856797099113464,0.6500340700149536,0,0,0,0,0,0,0,0,0,0,0,0.12405449897050858,0.10739776492118835,0,0.19995687901973724,0.21697230637073517,0.4241413176059723,0.5632699728012085,0,0,0,0,0.16711752116680145,0,0,0,0,0,0,0,0,0.12917838990688324,0.11806611716747284,0,0,0,0,0,0.2053702026605606,0,0,0.49801334738731384,0.6140633821487427,0,0,0.2827216684818268,0.633466362953186,0,0
Frustrated,0,0.5468789339065552,0.631354808807373,0,0,0,0,0,0,0,0,0,0,0,0.11873635649681091,0.10131166875362396,0,0.1954103410243988,0.21040478348731995,0.4414179027080536,0.566240131855011,0,0,0,0,0.16417196393013,0,0,0,0,0,0,0,0,0.13419044017791748,0.13635337352752686,0,0,0,0,0,0.24087423086166382,0,0,0.5103052258491516,0.605207622051239,0,0,0.2769767642021179,0.6028238534927368,0,0
Frustrated,0,0.5637203454971313,0.6386538743972778,0,0,0,0,0,0,0,0.10204174369573593,0,0,0,0.1261044442653656,0.10984155535697937,0,0.2202470451593399,0.23448358476161957,0.4519404172897339,0.5566462278366089,0,0,0,0,0.17443600296974182,0,0,0,0,0,0,0,0,0.10578096657991409,0.11354747414588928,0,0,0,0,0,0.26200592517852783,0,0,0.5601910948753357,0.627740740776062,0,0,0.25235283374786377,0.5554129481315613,0,0
Frustrated,0,0.5571286082267761,0.6273902654647827,0,0,0,0,0,0,0,0.10402082651853561,0,0,0,0.14294636249542236,0.12805481255054474,0,0.20471112430095673,0.21946649253368378,0.451361745595932,0.5700705051422119,0,0,0,0,0.17026755213737488,0,0,0,0,0,0,0,0,0.13514652848243713,0.1414588838815689,0,0,0,0,0,0.272080659866333,0,0,0.5229105949401855,0.6001936197280884,0,0,0.29070475697517395,0.6167982816696167,0,0
Frustrated,0,0.6030203104019165,0.6737962961196899,0,0,0,0,0,0,0,0,0,0,0,0.12016013264656067,0.10524411499500275,0,0.19799533486366272,0.21022890508174896,0.45882871747016907,0.5617737770080566,0,0,0,0,0.18354670703411102,0,0,0,0,0,0,0,0,0.1341865509748459,0.14670786261558533,0,0,0,0,0,0.2651072144508362,0,0,0.5385079979896545,0.6107650995254517,0,0,0.26604148745536804,0.5722005367279053,0,0
Frustrated,0,0.6176592111587524,0.6794333457946777,0,0,0,0,0,0,0,0,0,0,0,0.12011003494262695,0.10337857902050018,0,0.18603523075580597,0.19937455654144287,0.441997230052948,0.5727913975715637,0,0,0,0,0.18889664113521576,0,0,0,0,0,0,0,0,0.14340896904468536,0.14338506758213043,0,0,0,0,0,0.25361648201942444,0,0,0.5200638771057129,0.6141555905342102,0,0,0.2569867670536041,0.6003553867340088,0,0
Frustrated,0,0.5422340631484985,0.6157238483428955,0,0,0,0,0,0,0,0,0,0,0,0.12533901631832123,0.11029207706451416,0,0.21359555423259735,0.2284894436597824,0.4636807143688202,0.5718357563018799,0,0,0,0,0.19517306983470917,0,0,0,0,0,0,0,0,0.11201465874910355,0.11160264909267426,0,0,0,0,0,0.2851354479789734,0,0,0.5484904050827026,0.6418287754058838,0,0,0.2516823709011078,0.5752539038658142,0,0
Frustrated,0,0.6641868352890015,0.7162662744522095,0,0,0,0,0,0,0,0,0,0,0,0,0,0,0.16633298993110657,0.1763152927160263,0.4570287764072418,0.5602313280105591,0,0,0,0,0.18774142861366272,0,0,0,0,0,0,0,0,0.13419212400913239,0.16566048562526703,0,0,0,0,0,0.2550107538700104,0,0,0.5784563422203064,0.6604857444763184,0,0,0.22731368243694305,0.5348455905914307,0,0
Frustrated,0,0.6165646314620972,0.6628875732421875,0,0,0,0,0,0,0,0.10521295666694641,0,0,0,0.12633641064167023,0.11219057440757751,0,0.1839136928319931,0.19111721217632294,0.448604941368103,0.5444977879524231,0,0,0,0,0.1852688044309616,0,0,0,0,0,0,0,0,0.12354087829589844,0.1217774823307991,0,0,0,0,0,0.2277669608592987,0,0,0.5070478320121765,0.6119356155395508,0,0,0.27448877692222595,0.6237704753875732,0,0
Frustrated,0,0.6251475811004639,0.6800339818000793,0,0,0,0,0,0,0,0.10081779956817627,0,0,0,0.1360379010438919,0.1183403953909874,0,0.2140432596206665,0.22783571481704712,0.4458601176738739,0.554871678352356,0,0,0,0,0.19384317100048065,0,0,0,0,0,0,0,0,0.1286216825246811,0.12360341101884842,0,0,0,0,0,0.23250004649162292,0,0,0.5532407164573669,0.662708044052124,0,0,0.25483182072639465,0.6004174947738647,0,0
Frustrated,0,0.6374382972717285,0.6928526163101196,0,0,0,0,0,0,0,0,0,0,0,0.13544264435768127,0.11887696385383606,0,0.18756772577762604,0.20380546152591705,0.42768725752830505,0.5634143948554993,0,0,0,0,0.16599828004837036,0,0,0,0,0,0,0,0,0.11263889074325562,0.1059926226735115,0,0,0,0,0,0.1967032551765442,0,0,0.5199180841445923,0.6281696557998657,0,0,0.29292207956314087,0.6458693742752075,0,0
Frustrated,0,0.6359747648239136,0.677466869354248,0,0,0,0,0,0,0,0,0,0,0,0.12482670694589615,0.10621289163827896,0,0.15253058075904846,0.16676455736160278,0.4340358078479767,0.5791434049606323,0,0,0,0,0.18950068950653076,0,0,0,0,0,0,0,0,0.11689934879541397,0.10976322740316391,0,0,0,0,0,0.20904895663261414,0,0,0.5238617658615112,0.6212058663368225,0,0,0.21142572164535522,0.525273323059082,0,0
Frustrated,0,0.6338100433349609,0.6670700907707214,0,0,0,0,0,0,0,0,0,0,0,0.1273537278175354,0.10537222772836685,0,0.18986696004867554,0.19518326222896576,0.4392867088317871,0.5311526656150818,0,0,0,0,0.169742614030838,0,0,0,0,0,0,0,0,0.1873910278081894,0.1713118553161621,0,0,0,0,0,0.22686682641506195,0,0,0.46427851915359497,0.5770543217658997,0.10865099728107452,0,0.2822751998901367,0.6443086862564087,0,0
Frustrated,0,0.6290091872215271,0.6722275018692017,0,0,0,0,0,0,0,0,0,0,0,0.13361705839633942,0.1171918660402298,0,0.20015540719032288,0.21798571944236755,0.41453033685684204,0.560728132724762,0,0,0,0,0.19432085752487183,0,0,0,0,0,0,0,0,0.1461532711982727,0.13394026458263397,0,0,0,0,0,0.2155507504940033,0,0,0.48865005373954773,0.605548620223999,0,0,0.2664707601070404,0.6157689094543457,0,0
Frustrated,0,0.6289910674095154,0.6786143779754639,0,0,0,0,0,0,0,0,0,0,0,0.12196597456932068,0.10657741874456406,0,0.19865567982196808,0.2156910002231598,0.4577161371707916,0.5801645517349243,0,0,0,0,0.19732366502285004,0,0,0,0,0,0,0,0,0.11757548898458481,0.11006181687116623,0,0,0,0,0,0.22928734123706818,0,0,0.5271464586257935,0.6227800846099854,0,0,0.21315155923366547,0.521249532699585,0,0
Frustrated,0,0.5182965397834778,0.6106129884719849,0,0,0,0,0,0,0,0.1116304099559784,0,0,0,0.17086923122406006,0.1583668291568756,0,0.2647590637207031,0.28398457169532776,0.47701042890548706,0.6010836362838745,0,0,0,0,0.19612383842468262,0,0,0,0,0,0,0,0,0,0,0,0,0,0,0,0.29317739605903625,0,0,0.5335649251937866,0.6266558766365051,0,0,0.20972858369350433,0.5289430618286133,0,0
Frustrated,0,0.5436561107635498,0.6200962066650391,0,0,0,0,0,0,0,0,0,0,0,0.1096133142709732,0,0,0.22180098295211792,0.2451934963464737,0.4451255202293396,0.5801053047180176,0,0,0,0,0.18801739811897278,0,0,0,0,0,0,0,0,0.12440967559814453,0.12008120864629745,0,0,0,0,0,0.30782246589660645,0,0,0.504348874092102,0.594036340713501,0,0,0.22547826170921326,0.5548248291015625,0,0
Frustrated,0,0.5864244699478149,0.6489202976226807,0,0,0,0,0,0,0,0,0,0,0,0.11417993903160095,0.10289151221513748,0,0.21716566383838654,0.24274544417858124,0.4354252219200134,0.5831900835037231,0,0,0,0,0.18290770053863525,0,0,0,0,0,0,0,0,0.10590420663356781,0,0,0,0,0,0,0.2553335726261139,0,0,0.5140256881713867,0.5986725687980652,0,0,0.24588510394096375,0.5746299624443054,0,0
Frustrated,0,0.6165621280670166,0.6646231412887573,0,0,0,0,0,0,0,0,0,0,0,0.11556152999401093,0.10482122749090195,0,0.20749814808368683,0.2311406135559082,0.4354410469532013,0.5830802321434021,0,0,0,0,0.17694027721881866,0,0,0,0,0,0,0,0,0.10860837250947952,0,0,0,0,0,0,0.23182633519172668,0,0,0.5048590898513794,0.6039941310882568,0,0,0.23600329458713531,0.5585883855819702,0,0
Frustrated,0,0.6842283606529236,0.7101492881774902,0,0,0,0,0,0,0,0,0,0,0,0.15773223340511322,0.14407826960086823,0,0.17894607782363892,0.18954050540924072,0.4169218838214874,0.5673048496246338,0,0,0,0,0.17581959068775177,0,0,0,0,0,0,0,0,0.10065769404172897,0,0,0,0,0,0,0.19994240999221802,0,0,0.479032039642334,0.6059936285018921,0,0,0.23066364228725433,0.5731297731399536,0,0
Frustrated,0,0.6233255863189697,0.6718771457672119,0,0,0,0,0,0,0,0,0,0,0,0.13728223741054535,0.1227293610572815,0,0.18966326117515564,0.20706279575824738,0.41906824707984924,0.5690679550170898,0,0,0,0,0.17396807670593262,0,0,0,0,0,0,0,0,0.10909327119588852,0,0,0,0,0,0,0.20920756459236145,0,0,0.49486127495765686,0.6006321310997009,0,0,0.22282841801643372,0.5529906749725342,0,0
Frustrated,0,0.6102149486541748,0.6613644361495972,0,0,0,0,0,0,0.10296715050935745,0,0,0,0,0.1340719759464264,0.11963658034801483,0,0.1939581334590912,0.21353428065776825,0.4259563684463501,0.5622017979621887,0,0,0,0,0.17746806144714355,0,0,0,0,0,0,0,0,0.102516308426857,0,0,0,0,0,0,0.19907329976558685,0,0,0.4996785521507263,0.6026778221130371,0,0,0.2414124757051468,0.5695667266845703,0,0
Frustrated,0,0.5896027684211731,0.6490809917449951,0,0,0,0,0,0,0.1013200581073761,0,0,0,0,0.11663070321083069,0.10030071437358856,0,0.1832445114850998,0.20047630369663239,0.4289211928844452,0.5545030832290649,0,0,0,0,0.16703778505325317,0,0,0,0,0,0,0,0,0.11519502848386765,0.10843552649021149,0,0,0,0,0,0.2351653277873993,0,0,0.49542465806007385,0.5932658910751343,0,0,0.2445584535598755,0.5710030794143677,0,0
Frustrated,0,0.5841227769851685,0.6393636465072632,0,0,0,0,0,0,0,0,0,0,0,0.11530481278896332,0.10084786266088486,0,0.18928182125091553,0.2055639773607254,0.4413653612136841,0.5619568824768066,0,0,0,0,0.18613594770431519,0,0,0,0,0,0,0,0,0.10933685302734375,0,0,0,0,0,0,0.28064197301864624,0,0,0.5069414973258972,0.5971691608428955,0,0,0.21204973757266998,0.5167111754417419,0,0
Frustrated,0,0.5770343542098999,0.6361293196678162,0,0,0,0,0,0,0,0,0,0,0,0.1189751997590065,0.1045537069439888,0,0.19413164258003235,0.2111864686012268,0.4209260940551758,0.5519017577171326,0,0,0,0,0.17017418146133423,0,0,0,0,0,0,0,0,0.11625758558511734,0.11181192100048065,0,0,0,0,0,0.2285398691892624,0,0,0.4981769621372223,0.5752249360084534,0,0,0.2481556087732315,0.5517979860305786,0,0
Frustrated,0,0.5803709030151367,0.6389173269271851,0,0,0,0,0,0,0,0,0,0,0,0.13980720937252045,0.125352680683136,0,0.21028374135494232,0.23240764439105988,0.430479496717453,0.56809401512146,0,0,0,0,0.19155801832675934,0,0,0,0,0,0,0,0,0.12143202871084213,0.10500636696815491,0,0,0,0,0,0.21899418532848358,0,0,0.5065190196037292,0.6016180515289307,0,0,0.20835474133491516,0.5117455124855042,0,0
Frustrated,0,0.5937195420265198,0.6524317264556885,0,0,0,0,0,0,0.10279146581888199,0.10072704404592514,0,0,0,0.13532792031764984,0.12139147520065308,0,0.20078037679195404,0.2249840795993805,0.4233742356300354,0.5682872533798218,0,0,0,0,0.19917485117912292,0,0,0,0,0,0,0,0,0.10243264585733414,0,0,0,0,0,0,0.20893709361553192,0,0,0.4999678134918213,0.6081192493438721,0,0,0.19120165705680847,0.5059620141983032,0,0
Frustrated,0,0.616145133972168,0.6589263677597046,0,0,0,0,0,0,0,0,0,0,0,0.1312234103679657,0.11795815825462341,0,0.19128471612930298,0.20921175181865692,0.41514572501182556,0.5695866942405701,0,0,0,0,0.19167257845401764,0,0,0,0,0,0,0,0,0.10513334721326828,0,0,0,0,0,0,0.19695329666137695,0,0,0.49583980441093445,0.6200095415115356,0,0,0.23243208229541779,0.5847775936126709,0,0
Frustrated,0,0.601395845413208,0.6613547801971436,0,0,0,0,0,0,0,0,0,0,0,0.13153448700904846,0.11739414930343628,0,0.21026381850242615,0.23555059731006622,0.44442206621170044,0.5877981185913086,0,0,0,0,0.20917297899723053,0,0,0,0,0,0,0,0,0,0,0,0,0,0,0,0.21908217668533325,0,0,0.5131137371063232,0.633009672164917,0,0,0.19201111793518066,0.5137174129486084,0,0
Frustrated,0,0.5185048580169678,0.601209282875061,0,0,0,0,0,0,0,0.10239953547716141,0,0,0,0.12192614376544952,0.10669511556625366,0,0.2669462263584137,0.28475818037986755,0.48505493998527527,0.576368510723114,0,0,0,0,0.1883022040128708,0,0,0,0,0,0,0,0,0.10349373519420624,0,0,0,0,0,0,0.24651728570461273,0,0,0.5028201937675476,0.6115456223487854,0,0,0.23249879479408264,0.5654349327087402,0,0
Frustrated,0,0.5443376302719116,0.6242462992668152,0,0,0,0,0,0,0,0,0,0,0,0.11935308575630188,0.10243874043226242,0,0.2255605310201645,0.2425166517496109,0.44519585371017456,0.5666234493255615,0,0,0,0,0.1728522926568985,0,0,0,0,0,0,0,0,0.1026969850063324,0.10621808469295502,0,0,0,0,0,0.23937955498695374,0,0,0.49193647503852844,0.5740674138069153,0,0,0.23955272138118744,0.5633957386016846,0,0
Frustrated,0,0.5844681262969971,0.6593551635742188,0,0,0,0,0,0,0,0,0,0,0,0.11500556766986847,0.10181766748428345,0,0.21787236630916595,0.24113942682743073,0.4244803190231323,0.5651653409004211,0,0,0,0,0.16686294972896576,0,0,0,0,0,0,0,0,0,0,0,0,0,0,0,0.20273442566394806,0,0,0.500447154045105,0.593042254447937,0,0,0.22405683994293213,0.550266444683075,0,0
Frustrated,0,0.6008334159851074,0.6698640584945679,0,0,0,0,0,0,0,0,0,0,0,0.10464771091938019,0,0,0.2114586979150772,0.23632487654685974,0.4102783203125,0.5754693746566772,0,0,0,0,0.17270149290561676,0,0,0,0,0,0,0,0,0.12096644937992096,0.11201561242341995,0,0,0,0,0,0.19163069128990173,0,0,0.4873884618282318,0.5944281816482544,0,0,0.2622601091861725,0.5965514183044434,0,0
Frustrated,0,0.6694979667663574,0.7148006558418274,0,0,0,0,0,0,0,0,0,0,0,0.10891261696815491,0,0,0.183571919798851,0.20082546770572662,0.42694905400276184,0.5823471546173096,0,0,0,0,0.1771918088197708,0,0,0,0,0,0,0,0,0,0,0,0,0,0,0,0.17917965352535248,0,0,0.4885791838169098,0.5984103083610535,0,0,0.224413201212883,0.5666419267654419,0,0
Frustrated,0,0.6760132312774658,0.7261648178100586,0,0,0,0,0,0,0,0,0,0,0,0.11675117909908295,0,0,0.17680910229682922,0.19659247994422913,0.4009406268596649,0.599940299987793,0,0,0,0,0.1813589334487915,0,0,0,0,0,0,0,0,0.10887105762958527,0.10047627985477448,0,0,0,0,0,0.17032399773597717,0,0,0.4982410669326782,0.6136369705200195,0.10302802920341492,0,0.2097271978855133,0.546340823173523,0,0
Frustrated,0,0.6489282846450806,0.6884921789169312,0,0,0,0,0,0,0,0,0,0,0,0.11622518301010132,0.10009556263685226,0,0.19757236540317535,0.21512164175510406,0.4405948221683502,0.5771223306655884,0,0,0,0,0.1740979105234146,0,0,0,0,0,0,0,0,0.11594504863023758,0.10663837194442749,0,0,0,0,0,0.21232973039150238,0,0,0.4942067861557007,0.5941600799560547,0,0,0.2622830271720886,0.5929467678070068,0,0
Frustrated,0,0.671279788017273,0.7106970548629761,0,0,0,0,0,0,0,0,0,0,0,0.11667703837156296,0.10045518726110458,0,0.1905282884836197,0.2051735818386078,0.4399687647819519,0.5855301022529602,0,0,0,0,0.17939786612987518,0,0,0,0,0,0,0,0,0.11497466266155243,0.1121196299791336,0,0,0,0,0,0.1902465522289276,0,0,0.4977397322654724,0.5952260494232178,0,0,0.21541564166545868,0.5489649772644043,0,0
Frustrated,0,0.6600320339202881,0.7139325141906738,0,0,0,0,0,0,0,0,0,0,0,0.11965914815664291,0.10240785777568817,0,0.1677907407283783,0.1966427117586136,0.420540988445282,0.619739830493927,0,0,0,0,0.271483838558197,0,0,0,0,0,0,0,0,0,0,0,0,0,0,0,0.33011093735694885,0,0,0.596703052520752,0.6583400964736938,0,0,0.14550036191940308,0.38326483964920044,0,0
Frustrated,0,0.5149726867675781,0.6114948987960815,0,0,0,0,0,0,0.10187686234712601,0.11007858067750931,0,0,0,0.11072124540805817,0,0,0.2541971206665039,0.2797708809375763,0.5006057620048523,0.6038260459899902,0,0,0,0,0.213850200176239,0,0,0,0,0,0,0,0,0,0,0,0,0,0,0,0.30313146114349365,0,0,0.5425604581832886,0.6355185508728027,0,0,0.18107442557811737,0.48255348205566406,0,0
Frustrated,0,0.5788808465003967,0.6542251110076904,0,0,0,0,0,0,0.10200174897909164,0,0,0,0,0.10911184549331665,0,0,0.20435941219329834,0.23370686173439026,0.41806042194366455,0.5930979251861572,0,0,0,0,0.18182386457920074,0,0,0,0,0,0,0,0,0,0,0,0,0,0,0,0.22048357129096985,0,0,0.510140061378479,0.6037200093269348,0,0,0.22826002538204193,0.5301250219345093,0,0
Frustrated,0,0.5315625071525574,0.614851713180542,0,0,0,0,0,0,0,0,0,0,0,0.11153004318475723,0,0,0.2224871963262558,0.24136687815189362,0.45331528782844543,0.5633224248886108,0,0,0,0,0.17886139452457428,0,0,0,0,0,0,0,0,0,0,0,0,0,0,0,0.2852576971054077,0,0,0.5175974369049072,0.6087002754211426,0,0,0.23923401534557343,0.5523766279220581,0,0
Frustrated,0,0.5233063101768494,0.6024593710899353,0,0,0,0,0,0,0,0,0,0,0,0,0,0,0.2529561519622803,0.2747648060321808,0.44895803928375244,0.5768848657608032,0,0,0,0,0.17131304740905762,0,0,0,0,0,0,0,0,0.12659092247486115,0.13564564287662506,0,0,0,0,0,0.22804826498031616,0,0,0.46915188431739807,0.5723744034767151,0,0,0.2826816737651825,0.618470311164856,0,0
Frustrated,0,0.603775143623352,0.6676071882247925,0,0,0,0,0,0,0,0,0,0,0,0.10500233620405197,0,0,0.1813848316669464,0.19910041987895966,0.43669262528419495,0.5604438781738281,0,0,0,0,0.19148549437522888,0,0,0,0,0,0,0,0,0.10100123286247253,0.1018495112657547,0,0,0,0,0,0.24158471822738647,0,0,0.5504665374755859,0.6386977434158325,0,0,0.23746240139007568,0.5255638360977173,0,0
Frustrated,0,0.654149055480957,0.6989679932594299,0,0,0,0,0,0,0,0,0,0,0,0.10261402279138565,0,0,0.17770633101463318,0.19668163359165192,0.4074464440345764,0.568694531917572,0,0,0,0,0.16182658076286316,0,0,0,0,0,0,0,0,0.10044845193624496,0,0,0,0,0,0,0.16014482080936432,0,0,0.49114200472831726,0.6143629550933838,0,0,0.2493467628955841,0.5780352354049683,0,0
Frustrated,0,0.6075117588043213,0.6563390493392944,0,0,0,0,0,0,0,0,0,0,0,0.10885030776262283,0,0,0.1694079339504242,0.18519680202007294,0.4017052948474884,0.5684457421302795,0,0,0,0,0.1881323754787445,0,0,0,0,0,0,0,0,0.13669359683990479,0.11070077121257782,0,0,0,0,0,0.1753300428390503,0,0,0.4752180874347687,0.6192315816879272,0,0,0.23116131126880646,0.5701489448547363,0,0
Frustrated,0,0.6079262495040894,0.6610612273216248,0,0,0,0,0,0,0,0,0,0,0,0.1342463493347168,0.11875206977128983,0,0.16832943260669708,0.18230119347572327,0.4012743830680847,0.5617214441299438,0,0,0,0,0.17833591997623444,0,0,0,0,0,0,0,0,0.1372864842414856,0.11251670122146606,0,0,0,0,0,0.2040213793516159,0,0,0.47696453332901,0.596709132194519,0.10058045387268066,0,0.21907147765159607,0.556757390499115,0,0
Frustrated,0,0.6188178062438965,0.6711859703063965,0,0,0,0,0,0,0,0.10057517141103745,0,0,0,0.12916165590286255,0.11540079861879349,0,0.20124031603336334,0.2194102704524994,0.4558335542678833,0.565698504447937,0,0,0,0,0.1815331131219864,0,0,0,0,0,0,0,0,0.12951789796352386,0.1233668327331543,0,0,0,0,0,0.27344954013824463,0,0,0.5015330910682678,0.6042054295539856,0,0,0.2221888154745102,0.5564963817596436,0,0
Frustrated,0,0.586514413356781,0.6508857011795044,0,0,0,0,0,0,0.10514844954013824,0.11673157662153244,0,0,0,0.11078004539012909,0,0,0.21242545545101166,0.22670291364192963,0.4575544595718384,0.5345766544342041,0,0,0,0,0.18944001197814941,0,0,0,0,0,0,0,0,0.13239049911499023,0.1382509171962738,0,0,0,0,0,0.2729533314704895,0,0,0.5114355087280273,0.5877423286437988,0,0,0.2325330376625061,0.5475884079933167,0,0
Frustrated,0,0.6345531940460205,0.688042163848877,0,0,0,0,0,0,0,0,0,0,0,0,0,0,0.1698349565267563,0.17871218919754028,0.4608657956123352,0.5547701120376587,0,0,0,0,0.19864825904369354,0,0,0,0,0,0,0,0,0.12636704742908478,0.13741852343082428,0,0,0,0,0,0.27956321835517883,0,0,0.5442343950271606,0.6037217378616333,0,0,0.1972282975912094,0.48053812980651855,0,0
Frustrated,0,0.6237409710884094,0.6863951683044434,0,0,0,0,0,0,0.10402803868055344,0,0,0,0,0,0,0,0.17868053913116455,0.20057186484336853,0.43442419171333313,0.5833708047866821,0,0,0,0,0.17361421883106232,0,0,0,0,0,0,0,0,0.10679295659065247,0.10450003296136856,0,0,0,0,0,0.24737592041492462,0,0,0.506141185760498,0.6099139451980591,0,0,0.23774665594100952,0.5747969150543213,0,0
Frustrated,0,0.6244972348213196,0.6584340333938599,0,0,0,0,0,0,0,0,0,0,0,0.115504689514637,0,0,0.1454864889383316,0.15322068333625793,0.4289323091506958,0.5449041128158569,0,0,0,0,0.18767142295837402,0,0,0,0,0,0,0,0,0.1327439695596695,0.11050764471292496,0,0,0,0,0,0.24956300854682922,0,0,0.5073113441467285,0.6471236348152161,0,0,0.2052987664937973,0.5519024729728699,0,0
Frustrated,0,0.6244174242019653,0.6653192639350891,0,0,0,0,0,0,0,0,0,0,0,0.13161121308803558,0.1164102852344513,0,0.16073331236839294,0.1715053915977478,0.4079062342643738,0.556688666343689,0,0,0,0,0.15711715817451477,0,0,0,0,0,0,0,0,0.13040928542613983,0.11416925489902496,0,0,0,0,0,0.2157982736825943,0,0,0.46426957845687866,0.5788843631744385,0,0,0.26614484190940857,0.6262450218200684,0,0
